premise,hypothesis,y_reg_true_raw,y_cls_true_raw,y_reg_true,y_reg_pred,y_cls_true,y_cls_pred,reg_residual,reg_abs_err,cls_correct
There is no boy playing outdoors and there is no man smiling,A group of kids is playing in a yard and an old man is standing in the background,3.299999952316284,0,3.299999952316284,2.8440537452697754,0,0,-0.4559462070465088,0.4559462070465088,1
A group of boys in a yard is playing and a man is standing in the background,The young boys are playing outdoors and the man is smiling nearby,3.700000047683716,0,3.700000047683716,4.180802822113037,0,0,0.4808027744293213,0.4808027744293213,1
A group of children is playing in the house and there is no man standing in the background,The young boys are playing outdoors and the man is smiling nearby,3.0,0,3.0,3.199328899383545,0,0,0.19932889938354492,0.19932889938354492,1
A brown dog is attacking another animal in front of the tall man in pants,A brown dog is attacking another animal in front of the man in pants,4.900000095367432,1,4.900000095367432,5.107934951782227,1,1,0.20793485641479492,0.20793485641479492,1
A brown dog is attacking another animal in front of the man in pants,A brown dog is helping another animal in front of the man in pants,3.6649999618530273,0,3.6649999618530273,4.081225395202637,0,0,0.4162254333496094,0.4162254333496094,1
Two dogs are wrestling and hugging,There is no dog wrestling and hugging,3.299999952316284,2,3.299999952316284,3.415992021560669,2,2,0.11599206924438477,0.11599206924438477,1
A brown dog is attacking another animal in front of the man in pants,There is no dog wrestling and hugging,2.700000047683716,0,2.700000047683716,2.540804624557495,0,0,-0.1591954231262207,0.1591954231262207,1
Two dogs are wrestling and hugging,A brown dog is attacking another animal in front of the tall man in pants,2.9000000953674316,0,2.900000095367432,2.458948373794556,0,0,-0.44105172157287553,0.44105172157287553,1
Two dogs are wrestling and hugging,A brown dog is helping another animal in front of the man in pants,2.299999952316284,0,2.299999952316284,2.5126774311065674,0,0,0.2126774787902832,0.2126774787902832,1
A person in a black jacket is doing tricks on a motorbike,A man in a black jacket is doing tricks on a motorbike,4.900000095367432,1,4.900000095367432,5.214495658874512,1,1,0.3144955635070801,0.3144955635070801,1
There is no man in a black jacket doing tricks on a motorbike,A person in a black jacket is doing tricks on a motorbike,3.5999999046325684,2,3.5999999046325684,3.627006053924561,2,2,0.02700614929199263,0.02700614929199263,1
A person in a black jacket is doing tricks on a motorbike,A person on a black motorbike is doing tricks with a jacket,3.0,0,3.0,4.683063507080078,0,1,1.6830635070800781,1.6830635070800781,0
A skilled person is riding a bicycle on one wheel,A person is riding the bicycle on one wheel,4.300000190734863,1,4.300000190734863,4.855026245117188,1,1,0.5550260543823251,0.5550260543823251,1
Nobody is riding the bicycle on one wheel,A person is riding the bicycle on one wheel,4.099999904632568,2,4.099999904632568,3.613971948623657,2,2,-0.4860279560089116,0.4860279560089116,1
A person is riding the bicycle on one wheel,There is no man in a black jacket doing tricks on a motorbike,3.200000047683716,0,3.200000047683716,3.076606512069702,0,0,-0.12339353561401367,0.12339353561401367,1
A person is riding the bicycle on one wheel,A person in a black jacket is doing tricks on a motorbike,3.299999952316284,0,3.299999952316284,3.754497766494751,0,0,0.4544978141784668,0.4544978141784668,1
A man with a jersey is dunking the ball at a basketball game,There is no man dunking the ball at a basketball game,4.0,2,4.0,3.4969077110290527,2,2,-0.5030922889709473,0.5030922889709473,1
The game of basketball consists of a ball being dunked by a man with a jersey,A man with a jersey is dunking the ball at a basketball game,4.199999809265137,1,4.199999809265137,4.712869167327881,1,1,0.5128693580627441,0.5128693580627441,1
A man who is playing dunks the basketball into the net and a crowd is in background,The player is dunking the basketball into the net and a crowd is in background,4.699999809265137,1,4.699999809265137,5.016810417175293,1,1,0.31681060791015625,0.31681060791015625,1
The player is missing the basket and a crowd is in background,The player is dunking the basketball into the net and a crowd is in background,3.9000000953674316,2,3.900000095367432,3.406838178634644,2,0,-0.49316191673278764,0.49316191673278764,0
A man with a jersey is dunking the ball at a basketball game,The player is missing the basket and a crowd is in background,3.5,0,3.5,3.259880304336548,0,0,-0.24011969566345215,0.24011969566345215,1
The player is dunking the basketball into the net and a crowd is in background,The ball is being dunked by a man with a jersey at a basketball game,4.0,0,4.0,4.286616325378418,0,0,0.28661632537841797,0.28661632537841797,1
There is no man dunking the ball at a basketball game,The player is dunking the basketball into the net and a crowd is in background,3.5,2,3.5,3.5400846004486084,2,0,0.0400846004486084,0.0400846004486084,0
The game of basketball consists of a ball being dunked by a man with a jersey,The player is dunking the basketball into the net and a crowd is in background,3.5999999046325684,0,3.5999999046325684,3.8282997608184814,0,0,0.22829985618591309,0.22829985618591309,1
Two people are kickboxing and spectators are watching,Two people are fighting and spectators are watching,4.400000095367432,1,4.400000095367432,4.444756507873535,1,1,0.044756412506103516,0.044756412506103516,1
Two spectators are kickboxing and some people are watching,Two people are kickboxing and spectators are watching,4.0,0,4.0,5.109639644622803,0,1,1.1096396446228027,1.1096396446228027,0
Two people are kickboxing and spectators are watching,Two young women are sparring in a kickboxing fight,3.9000000953674316,0,3.900000095367432,4.256594657897949,0,0,0.3565945625305176,0.3565945625305176,1
Two women are sparring in a kickboxing match,Two people are fighting and spectators are watching,3.700000047683716,0,3.700000047683716,3.995393037796021,0,0,0.29539299011230513,0.29539299011230513,1
Two spectators are kickboxing and some people are watching,Two women are sparring in a kickboxing match,3.5999999046325684,0,3.5999999046325684,4.372076034545898,0,0,0.7720761299133301,0.7720761299133301,1
Two people are kickboxing and spectators are watching,Two women are sparring in a kickboxing match,3.9000000953674316,0,3.900000095367432,4.398619174957275,0,0,0.49861907958984375,0.49861907958984375,1
Kids in red shirts are playing in the leaves,Children in red shirts are playing in the leaves,4.900000095367432,1,4.900000095367432,5.113044738769531,1,1,0.2130446434020996,0.2130446434020996,1
Children in red shirts are playing in the leaves,Children in red shirts are sleeping in the leaves,4.0,0,4.0,3.5553905963897705,0,0,-0.4446094036102295,0.4446094036102295,1
Children in red shirts are playing in the leaves,Children covered by leaves are playing with red shirts,3.9000000953674316,0,3.900000095367432,3.6775333881378174,0,0,-0.22246670722961426,0.22246670722961426,1
Three boys are jumping in the leaves,Children in red shirts are playing in the leaves,4.099999904632568,0,4.099999904632568,3.9345390796661377,0,0,-0.16546082496643066,0.16546082496643066,1
Kids in red shirts are playing in the leaves,Three kids are jumping in the leaves,3.9000000953674316,0,3.900000095367432,3.948365211486816,0,0,0.04836511611938432,0.04836511611938432,1
Children in red shirts are sleeping in the leaves,Three kids are jumping in the leaves,3.0999999046325684,0,3.0999999046325684,3.446347951889038,0,0,0.3463480472564697,0.3463480472564697,1
Children covered by leaves are playing with red shirts,Three kids are jumping in the leaves,3.9000000953674316,0,3.900000095367432,3.2032601833343506,0,0,-0.696739912033081,0.696739912033081,1
Two children are lying in the snow and are drawing angels,Two children are lying in the snow and are making snow angels,4.400000095367432,1,4.400000095367432,4.818564414978027,1,1,0.4185643196105957,0.4185643196105957,1
Two children are lying in the snow and are making snow angels,There is no child lying in the snow and making snow angels,3.799999952316284,2,3.799999952316284,3.475507974624634,2,2,-0.3244919776916504,0.3244919776916504,1
Two people wearing snowsuits are on the ground making snow angels,Two people in snowsuits are lying in the snow and making snow angels,4.800000190734863,1,4.800000190734863,3.870777368545532,1,0,-0.9292228221893315,0.9292228221893315,0
Two people in snowsuits are lying in the snow and making snow angels,Nobody in snowsuits is lying in the snow and making snow angels,4.099999904632568,2,4.099999904632568,3.520555257797241,2,2,-0.5794446468353271,0.5794446468353271,1
Two children are lying in the snow and are making snow angels,Two people wearing snowsuits are on the ground making snow angels,4.599999904632568,0,4.599999904632568,3.8475687503814697,0,0,-0.7524311542510986,0.7524311542510986,1
Two children are lying in the snow and are making snow angels,Nobody in snowsuits is lying in the snow and making snow angels,3.5999999046325684,2,3.5999999046325684,3.551426410675049,2,0,-0.04857349395751953,0.04857349395751953,0
There is no child lying in the snow and making snow angels,Two people in snowsuits are lying in the snow and making snow angels,3.299999952316284,0,3.299999952316284,3.459356546401977,0,2,0.15935659408569292,0.15935659408569292,0
A little girl is looking at a woman in costume,A young girl is looking at a woman in costume,4.699999809265137,1,4.699999809265137,5.176452159881592,1,1,0.4764523506164551,0.4764523506164551,1
A little girl is looking at a woman in costume,The little girl is looking at a man in costume,3.799999952316284,0,3.799999952316284,3.461322546005249,0,0,-0.33867740631103516,0.33867740631103516,1
A little girl is looking at a woman in costume,A little girl in costume looks like a woman,2.9000000953674316,0,2.900000095367432,4.370372772216797,0,1,1.4703726768493652,1.4703726768493652,0
Masked people are looking in the same direction in a forest,A little girl is looking at a woman in costume,1.2999999523162842,0,1.2999999523162842,2.5428507328033447,0,0,1.2428507804870605,1.2428507804870605,1
A little girl is looking at a woman in costume,People wearing costumes are gathering in a forest and are looking in the same direction,2.5999999046325684,0,2.5999999046325684,2.9242160320281982,0,0,0.3242161273956299,0.3242161273956299,1
A man is jumping into an empty swimming pool,A man is jumping into an empty pool,4.800000190734863,1,4.800000190734863,5.178845405578613,1,1,0.37884521484375,0.37884521484375,1
A lone biker is jumping in the air,A man is jumping into an empty swimming pool,1.600000023841858,0,1.600000023841858,1.5788443088531494,0,0,-0.021155714988708496,0.021155714988708496,1
A man is jumping into an empty pool,"A biker is jumping in the air, alone",1.600000023841858,0,1.600000023841858,1.7948261499404907,0,0,0.1948261260986328,0.1948261260986328,1
A man is jumping into an empty pool,There is no biker jumping in the air,1.2000000476837158,0,1.2000000476837158,1.395554780960083,0,0,0.1955547332763672,0.1955547332763672,1
Four girls are doing backbends and playing outdoors,Four girls are doing backbends and playing indoors,4.0,0,4.0,4.929217338562012,0,1,0.9292173385620117,0.9292173385620117,0
Four girls are doing backbends and playing in the garden,Four children are doing backbends in the park,3.700000047683716,0,3.700000047683716,4.158438682556152,0,0,0.4584386348724365,0.4584386348724365,1
Four girls are doing backbends and playing indoors,Four children are doing backbends in the park,3.700000047683716,0,3.700000047683716,3.851872205734253,0,0,0.1518721580505371,0.1518721580505371,1
Four kids are doing backbends in the park,Four girls are doing backbends and playing outdoors,4.300000190734863,1,4.300000190734863,4.328059196472168,1,0,0.028059005737304688,0.028059005737304688,0
Four girls are doing backbends and playing outdoors,Four children are doing backbends in the park,4.099999904632568,0,4.099999904632568,4.104231834411621,0,0,0.004231929779052734,0.004231929779052734,1
A player is throwing the ball,A player is running with the ball,3.5,0,3.5,3.65643048286438,0,0,0.15643048286437988,0.15643048286437988,1
Two groups of people are playing football,Two teams are competing in a football match,4.699999809265137,1,4.699999809265137,4.020623683929443,1,0,-0.6793761253356934,0.6793761253356934,0
Two teams are competing in a football match,Two teams are competing in a baseball game,3.9000000953674316,0,3.900000095367432,3.0886247158050537,0,0,-0.8113753795623779,0.8113753795623779,1
Two teams are competing in a football match,Football is being played by two competing teams,4.800000190734863,1,4.800000190734863,4.9347429275512695,1,1,0.13474273681640625,0.13474273681640625,1
A player is running with the ball,Football is being played by two competing teams,3.0,0,3.0,3.4410765171051025,0,0,0.44107651710510254,0.44107651710510254,1
Two teams are competing in a football match,A man who is playing is running with the ball in his hands,2.700000047683716,0,2.700000047683716,3.5294508934021,0,0,0.8294508457183842,0.8294508457183842,1
Five children are standing in front of a wooden hut,Five children are standing in front of a hut made of wood,4.800000190734863,1,4.800000190734863,5.150182723999023,1,1,0.35018253326416016,0.35018253326416016,1
Five kids are standing close together and one kid has a gun,Five kids are standing close together and one kid has a weapon,4.800000190734863,1,4.800000190734863,5.091094493865967,1,1,0.2910943031311035,0.2910943031311035,1
Five children are standing in front of a wooden hut,Five kids are standing close together and one kid has a weapon,2.799999952316284,0,2.799999952316284,2.9049293994903564,0,0,0.10492944717407227,0.10492944717407227,1
Five children are standing in front of a hut made of wood,Five kids are standing close together and one kid has a gun,3.0,0,3.0,2.63936448097229,0,0,-0.36063551902770996,0.36063551902770996,1
Five children are standing in front of a wooden hut,Five kids are standing close together and one kid has a gun,2.299999952316284,0,2.299999952316284,2.563291311264038,0,0,0.2632913589477539,0.2632913589477539,1
A person is wearing a hat and is sitting on the grass,There is no person wearing a hat and sitting on the grass,3.299999952316284,2,3.299999952316284,3.4941256046295166,2,2,0.19412565231323242,0.19412565231323242,1
A person is sitting in a field and is wearing a hat,A man is sitting in a field,4.0,0,4.0,4.662273406982422,0,1,0.6622734069824219,0.6622734069824219,0
A man is sitting in a field,There is no person wearing a hat and sitting on the grass,2.700000047683716,0,2.700000047683716,2.844822645187378,0,0,0.1448225975036621,0.1448225975036621,1
An old man is sitting in a field,A person is wearing a hat and is sitting on the grass,2.799999952316284,0,2.799999952316284,3.2066447734832764,0,0,0.4066448211669922,0.4066448211669922,1
A person is wearing a hat and is sitting on the grass,A man is running in a field,1.399999976158142,0,1.399999976158142,2.304091215133667,0,0,0.9040912389755249,0.9040912389755249,1
This group of people is practicing water safety and wearing preservers,Preservers are being worn by a group of people who are practicing water safety,4.900000095367432,1,4.900000095367432,5.083667278289795,1,1,0.18366718292236328,0.18366718292236328,1
Nobody is practicing water safety and wearing preservers,This group of people is practicing water safety and wearing preservers,3.4000000953674316,2,3.400000095367432,3.552546977996826,2,2,0.15254688262939453,0.15254688262939453,1
A group of friends are riding the current in a raft,Preservers are being worn by a group of people who are practicing water safety,2.9000000953674316,0,2.900000095367432,3.4568891525268555,0,0,0.5568890571594238,0.5568890571594238,1
Nobody is practicing water safety and wearing preservers,A group of friends are riding the current in a raft,2.200000047683716,0,2.200000047683716,2.629634380340576,0,0,0.42963433265686035,0.42963433265686035,1
A group is not riding the current in a raft,This group of people is practicing water safety and wearing preservers,2.799999952316284,0,2.799999952316284,2.962308168411255,0,0,0.1623082160949707,0.1623082160949707,1
A deer is jumping over a fence,A deer is jumping over the enclosure,4.534999847412109,1,4.534999847412109,4.574581623077393,1,1,0.0395817756652832,0.0395817756652832,1
A wild deer is jumping a fence,A deer is jumping a fence,4.800000190734863,1,4.800000190734863,4.942168712615967,1,1,0.14216852188110352,0.14216852188110352,1
A deer is jumping a fence,There is no deer jumping fences,4.099999904632568,2,4.099999904632568,3.4280202388763428,2,2,-0.6719796657562256,0.6719796657562256,1
A wild deer is jumping a fence,A deer is jumping over a fence,4.5,1,4.5,4.022134304046631,1,0,-0.47786569595336914,0.47786569595336914,0
There is no deer jumping fences,A deer is jumping over a fence,2.684999942779541,2,2.684999942779541,3.507331609725952,2,2,0.8223316669464111,0.8223316669464111,1
A deer is jumping over the enclosure,A deer is jumping a fence,4.199999809265137,0,4.199999809265137,4.108715534210205,0,0,-0.09128427505493164,0.09128427505493164,1
A deer is jumping a fence,A deer isn't jumping over the fence,3.549999952316284,2,3.549999952316284,3.665117263793945,2,0,0.11511731147766069,0.11511731147766069,0
A deer is jumping over a fence,A deer is jumping a fence,4.900000095367432,1,4.900000095367432,4.874028205871582,1,1,-0.02597188949584961,0.02597188949584961,1
People are walking outside a building that has many murals on it,People are walking outside the building that has several murals on it,4.699999809265137,1,4.699999809265137,5.103667259216309,1,1,0.4036674499511719,0.4036674499511719,1
Several people are in front of a building which is covered by colors,Several people are in front of a colorful building,4.699999809265137,1,4.699999809265137,4.980629920959473,1,1,0.28063011169433594,0.28063011169433594,1
Several people are in front of a building which is covered by colors,People are walking outside a building that has many murals on it,3.799999952316284,1,3.799999952316284,4.27573299407959,1,0,0.47573304176330566,0.47573304176330566,0
Several people are in front of a colorful building,People are walking inside a building that has many murals on it,3.4000000953674316,0,3.400000095367432,3.580702066421509,0,0,0.18070197105407715,0.18070197105407715,1
People are walking outside a building that has many murals on it,Several people are in front of a colorful building,3.700000047683716,0,3.700000047683716,4.43209171295166,0,1,0.7320916652679443,0.7320916652679443,0
A boy is hitting a baseball,A child is hitting a baseball,4.400000095367432,1,4.400000095367432,5.011185646057129,1,1,0.6111855506896973,0.6111855506896973,1
A child is hitting a baseball,A child is missing a baseball,3.799999952316284,2,3.799999952316284,3.2601161003112797,2,0,-0.5398838520050044,0.5398838520050044,0
A family is watching a little boy who is hitting a baseball,A family is watching a boy who is hitting a baseball,4.599999904632568,1,4.599999904632568,5.18329668045044,1,1,0.583296775817872,0.583296775817872,1
A little boy is watching a family that is hitting a baseball,A family is watching a little boy who is hitting a baseball,3.700000047683716,0,3.700000047683716,4.822567939758301,0,1,1.122567892074585,1.122567892074585,0
A family is watching a boy who is hitting a baseball,A child is hitting a baseball,3.700000047683716,1,3.700000047683716,4.401223659515381,1,1,0.701223611831665,0.701223611831665,1
A little boy is watching a family that is hitting a baseball,A child is hitting a baseball,3.700000047683716,0,3.700000047683716,4.4867377281188965,0,1,0.7867376804351807,0.7867376804351807,0
A family is watching a little boy who is hitting a baseball,A boy is hitting a baseball,4.199999809265137,1,4.199999809265137,4.315826416015625,1,1,0.11582660675048828,0.11582660675048828,1
A family is watching a little boy who is hitting a baseball,A child is hitting a baseball,4.099999904632568,1,4.099999904632568,4.413195610046387,1,1,0.31319570541381836,0.31319570541381836,1
A large group of Asian people is eating at a restaurant,A group of people from Asia is eating at a restaurant,4.800000190734863,1,4.800000190734863,4.960705280303955,1,1,0.1607050895690918,0.1607050895690918,1
A large group of Asian people is eating at a restaurant,A small group of people is waiting to eat in a restaurant,3.4000000953674316,0,3.400000095367432,3.4610602855682373,0,0,0.061060190200805664,0.061060190200805664,1
A large group of Asian people is eating at a restaurant,A group of people in a large Asian restaurant is eating,3.5,0,3.5,4.568835258483887,0,1,1.0688352584838867,1.0688352584838867,0
Various people are eating at red tables in a crowded restaurant with purple lights,Various customers are eating in a crowded restaurant with purple lights,4.599999904632568,1,4.599999904632568,4.505115985870361,1,1,-0.09488391876220703,0.09488391876220703,1
Few people are eating at red tables in a restaurant without lights,Various people are eating at red tables in a crowded restaurant with purple lights,3.200000047683716,0,3.200000047683716,3.5630390644073486,0,0,0.3630390167236328,0.3630390167236328,1
A group of people from Asia is eating at a restaurant,Various people are eating at red tables in a crowded restaurant with purple lights,3.0,0,3.0,3.0743653774261475,0,0,0.07436537742614746,0.07436537742614746,1
A group of people in a large Asian restaurant is eating,Various people are eating at red tables in a crowded restaurant with purple lights,3.299999952316284,0,3.299999952316284,3.028712749481201,0,0,-0.271287202835083,0.271287202835083,1
A large group of Asian people is eating at a restaurant,Various people are eating at red tables in a crowded restaurant with purple lights,3.299999952316284,0,3.299999952316284,2.9349164962768555,0,0,-0.3650834560394287,0.3650834560394287,1
A motorcycle rider is standing up on the seat of a white motorcycle,A motorcycle is riding standing up on the seat of the vehicle,4.099999904632568,1,4.099999904632568,4.6797308921813965,1,1,0.5797309875488281,0.5797309875488281,1
Someone is on a black and white motorcycle and is standing on the seat,A rider is on a black and white bike and is standing on the seat,4.599999904632568,1,4.599999904632568,5.059083938598633,1,1,0.45908403396606445,0.45908403396606445,1
A rider is on a black and white bike and is standing on the seat,A motorcycle rider is standing up on the seat of a white motorcycle,3.5999999046325684,0,3.5999999046325684,4.076374530792236,0,0,0.47637462615966797,0.47637462615966797,1
Nobody is on a motorcycle and is standing on the seat,A motorcycle rider is standing up on the seat of a white motorcycle,3.5999999046325684,2,3.5999999046325684,3.5438437461853027,2,2,-0.056156158447265625,0.056156158447265625,1
Someone is on a black and white motorcycle and is standing on the seat,No motorcycle rider is standing up on the seat of a motorcycle,3.5999999046325684,2,3.5999999046325684,3.515296459197998,2,2,-0.08470344543457031,0.08470344543457031,1
Someone is on a black and white motorcycle and is standing on the seat,A motorcycle rider is standing up on the seat of a white motorcycle,3.700000047683716,0,3.700000047683716,4.380112171173096,0,0,0.6801121234893799,0.6801121234893799,1
A motorcyclist with a red helmet is riding a blue motorcycle down the road,A motorcyclist without a helmet is waiting on a blue motorcycle near the road,3.700000047683716,0,3.700000047683716,3.5958566665649414,0,0,-0.10414338111877441,0.10414338111877441,1
A man with a helmet painted red is riding a blue motorcycle down the road,A motorcyclist is riding a motorbike along a roadway,4.0,1,4.0,4.208102226257324,1,1,0.20810222625732422,0.20810222625732422,1
A motorcyclist with a red helmet is riding a blue motorcycle down the road,A motorcyclist is riding a motorbike dangerously along a roadway,3.799999952316284,0,3.799999952316284,3.8472278118133545,0,0,0.04722785949707031,0.04722785949707031,1
There is no motorcyclist riding a motorbike along a roadway,A motorcyclist with a red helmet is riding a blue motorcycle down the road,3.299999952316284,2,3.299999952316284,3.3446033000946045,2,0,0.04460334777832031,0.04460334777832031,0
A motorcyclist with a red helmet is riding a blue motorcycle down the road,A motorcyclist is riding a motorbike along a roadway,4.5,1,4.5,4.15440559387207,1,1,-0.3455944061279297,0.3455944061279297,1
A dog is catching a stick in the air and another is watching,A dog is leaping high in the air and another is watching,4.199999809265137,1,4.199999809265137,3.8277218341827393,1,0,-0.37227797508239746,0.37227797508239746,0
There is no dog leaping in the air,A dog is leaping high in the air and another is watching,3.299999952316284,2,3.299999952316284,3.4507110118865967,2,2,0.1507110595703125,0.1507110595703125,1
Two dogs are playing by a tree,Two dogs are sleeping by a tree,3.565000057220459,0,3.565000057220459,3.615910768508911,0,0,0.05091071128845215,0.05091071128845215,1
A dog is leaping high in the air and another is watching,Two dogs are playing by a plant,2.799999952316284,0,2.799999952316284,3.0353896617889404,0,0,0.23538970947265625,0.23538970947265625,1
A dog is leaping high in the air and another is watching,Two dogs are sleeping by a tree,2.5999999046325684,0,2.5999999046325684,2.517842054367065,0,0,-0.08215785026550337,0.08215785026550337,1
The dancer is dancing in front of the sound equipment,The blond girl is dancing in front of the sound equipment,4.400000095367432,0,4.400000095367432,4.543079376220703,0,0,0.14307928085327148,0.14307928085327148,1
The blond girl is dancing behind the sound equipment,The blond girl is dancing in front of the sound equipment,3.9000000953674316,0,3.900000095367432,4.235625743865967,0,0,0.33562564849853516,0.33562564849853516,1
The blond girl is dancing in front of the sound equipment,The equipment in front of the blond dancing girl is sound,3.9000000953674316,1,3.900000095367432,3.868178367614746,1,0,-0.03182172775268555,0.03182172775268555,0
The children of a family are patiently playing and waiting,The children of a family are playing and waiting,4.5,1,4.5,5.008575439453125,1,1,0.508575439453125,0.508575439453125,1
The children of a family are playing and waiting,There are no children playing and waiting,3.0999999046325684,2,3.0999999046325684,3.429860591888428,2,2,0.3298606872558598,0.3298606872558598,1
Three Asian kids are dancing and a serious man is looking,Three Asian kids are dancing and a man is looking,4.5,1,4.5,4.933861255645752,1,1,0.43386125564575195,0.43386125564575195,1
The children of a family are playing and waiting,Three Asian kids are dancing and there is no man looking,2.700000047683716,0,2.700000047683716,2.051434278488159,0,0,-0.6485657691955566,0.6485657691955566,1
Three Asian kids are dancing and a man is looking,The children of a family are playing and waiting,2.299999952316284,0,2.299999952316284,2.2844693660736084,0,0,-0.015530586242675781,0.015530586242675781,1
A woman is wearing an Egyptian headdress,An Egyptian is wearing a woman's headdress,3.9000000953674316,0,3.900000095367432,5.090315341949463,0,1,1.1903152465820312,1.1903152465820312,0
The woman is wearing glasses and a black headdress,The woman with a black hat is wearing sunglasses,3.9000000953674316,0,3.900000095367432,4.768755912780762,0,1,0.8687558174133301,0.8687558174133301,0
The woman is not wearing glasses or a headdress,The woman is wearing glasses and a black headdress,3.9000000953674316,2,3.900000095367432,3.423755884170532,2,2,-0.47624421119689986,0.47624421119689986,1
The black woman is wearing glasses over the headdress,The woman is wearing glasses and a black headdress,3.700000047683716,0,3.700000047683716,4.181613922119141,0,0,0.4816138744354248,0.4816138744354248,1
A woman is wearing an Egyptian headdress,The woman with a black hat is wearing sunglasses,2.299999952316284,0,2.299999952316284,2.511359453201294,0,0,0.21135950088500977,0.21135950088500977,1
The woman is not wearing glasses or a headdress,A woman is wearing an Egyptian headdress,3.5999999046325684,2,3.5999999046325684,3.113272428512573,2,0,-0.48672747611999556,0.48672747611999556,0
A woman is wearing an Indian headdress,The woman is wearing glasses and a black headdress,3.0,0,3.0,3.37755823135376,0,0,0.3775582313537602,0.3775582313537602,1
The woman is wearing glasses and a black headdress,An Egyptian is wearing a woman's headdress,3.0999999046325684,0,3.0999999046325684,3.8037068843841553,0,0,0.7037069797515869,0.7037069797515869,1
The woman is wearing glasses and a black headdress,A woman is wearing an Egyptian headdress,3.799999952316284,0,3.799999952316284,3.788010835647583,0,0,-0.011989116668701172,0.011989116668701172,1
A man is on a rock high above some trees and is standing in an uncomfortable position,A man is on a rock high above some trees and is standing in a strange position,4.199999809265137,1,4.199999809265137,4.843502044677734,1,1,0.6435022354125977,0.6435022354125977,1
A man is on a rock high above some trees and is standing in a strange position,A hiker is on top of the mountain and is dancing,3.200000047683716,0,3.200000047683716,2.950217962265014,0,0,-0.24978208541870162,0.24978208541870162,1
A cowgirl is riding a brown horse and is cornering a barrel,A cowgirl is riding a horse and corners a barrel,4.699999809265137,1,4.699999809265137,4.9325151443481445,1,1,0.2325153350830078,0.2325153350830078,1
A cowboy is riding a horse and cornering a barrel,A cowgirl is riding a horse and corners a barrel,4.099999904632568,0,4.099999904632568,3.830730676651001,0,0,-0.2692692279815674,0.2692692279815674,1
A cowgirl is riding a barrel near a horse in the corner,A cowgirl is riding a horse and corners a barrel,2.799999952316284,0,2.799999952316284,4.759095668792725,0,1,1.9590957164764404,1.9590957164764404,0
The brown horse is very near a red barrel at the rodeo,A cowgirl is riding a horse and corners a barrel,2.9000000953674316,0,2.900000095367432,3.0693042278289795,0,0,0.16930413246154785,0.16930413246154785,1
The brown horse is far from a red barrel at the rodeo,A cowgirl is riding a horse and corners a barrel,2.5,0,2.5,2.599404811859131,0,0,0.09940481185913086,0.09940481185913086,1
A cowboy is riding a horse and cornering a barrel,The brown horse is near a red barrel at the rodeo,3.700000047683716,0,3.700000047683716,3.342540740966797,0,0,-0.35745930671691895,0.35745930671691895,1
The brown horse is near a red barrel at the rodeo,A cowgirl is riding a barrel near a horse in the corner,3.0999999046325684,0,3.0999999046325684,3.277904272079468,0,0,0.17790436744689986,0.17790436744689986,1
A boy is standing outside the water,A boy is standing in the water,3.5999999046325684,0,3.5999999046325684,3.87503719329834,0,0,0.2750372886657715,0.2750372886657715,1
The kid is swimming through the blue ocean,The boy is wading through the blue ocean,4.199999809265137,0,4.199999809265137,4.164561748504639,0,0,-0.03543806076049805,0.03543806076049805,1
A boy is standing in the water,The boy is sitting near the blue ocean,2.799999952316284,0,2.799999952316284,2.955642938613892,0,0,0.15564298629760787,0.15564298629760787,1
A boy is standing in the water,The boy is wading through the blue ocean,4.0,0,4.0,3.2808949947357178,0,0,-0.7191050052642822,0.7191050052642822,1
A skilled man is playing a guitar on stage,A man is playing a guitar on stage,4.599999904632568,1,4.599999904632568,4.910288333892822,1,1,0.3102884292602539,0.3102884292602539,1
A person has blonde and flyaway hair and is playing a guitar,A guitarist has blonde and flyaway hair,4.699999809265137,1,4.699999809265137,4.738892555236816,1,1,0.03889274597167969,0.03889274597167969,1
A skilled man is playing a guitar on stage,A person has blonde and flyaway hair and is playing a guitar,3.799999952316284,0,3.799999952316284,3.931130409240722,0,0,0.13113045692443803,0.13113045692443803,1
A man is playing a guitar on stage,A person has blonde and flyaway hair and is playing a guitar,3.0,0,3.0,3.864202260971069,0,0,0.8642022609710689,0.8642022609710689,1
Several children are sitting down and have their knees raised,Several children are standing up,3.2850000858306885,0,3.2850000858306885,3.372906446456909,0,0,0.0879063606262207,0.0879063606262207,1
Two girls are lying on the ground,Two girls are sitting on the ground,3.799999952316284,0,3.799999952316284,3.733112096786499,0,0,-0.06688785552978516,0.06688785552978516,1
Two young girls are sitting on the ground,Several children are sitting down and have their knees raised,2.9000000953674316,0,2.900000095367432,3.6011574268341064,0,0,0.7011573314666748,0.7011573314666748,1
Several children are lying down and are raising their knees,Two girls are sitting on the ground,2.299999952316284,0,2.299999952316284,3.1242260932922363,0,0,0.8242261409759521,0.8242261409759521,1
Several children are standing up,Two girls are sitting on the ground,1.7999999523162842,0,1.7999999523162842,3.062940835952759,0,0,1.2629408836364746,1.2629408836364746,1
Several children are sitting down and have their knees raised,Two girls are sitting on the ground,3.200000047683716,0,3.200000047683716,3.4241085052490234,0,0,0.22410845756530762,0.22410845756530762,1
A nude lady is walking in front of many people in body paint,A nude lady is walking in front of a crowd in body paint,4.699999809265137,1,4.699999809265137,4.875959873199463,1,1,0.17596006393432617,0.17596006393432617,1
"An old, topless woman is covered in paint",A nude lady is walking in front of a crowd in body paint,3.0999999046325684,0,3.0999999046325684,3.780804395675659,0,0,0.6808044910430908,0.6808044910430908,1
"A young, topless woman is covered in paint",A nude lady is walking in front of many people in body paint,3.5,0,3.5,3.76164436340332,0,0,0.26164436340331987,0.26164436340331987,1
There is no lady walking in body paint in front of a crowd ,"A young, topless woman is covered in paint",3.200000047683716,0,3.200000047683716,3.277773857116699,0,0,0.0777738094329834,0.0777738094329834,1
A group of children in uniforms is standing at a gate and there is no one kissing the mother,A group of children in uniforms is standing at a gate and one is kissing the mother,3.799999952316284,2,3.799999952316284,3.7244985103607178,2,2,-0.0755014419555664,0.0755014419555664,1
A crowd of people is near the water,A group of children wearing the same clothes is waiting at a gate and one is kissing the mother,1.600000023841858,0,1.600000023841858,2.2107536792755127,0,0,0.6107536554336548,0.6107536554336548,1
A group of mothers in uniforms is standing near the children and one is kissing the gate,A crowd of people is near the water,1.7000000476837158,0,1.7000000476837158,2.2323129177093506,0,0,0.5323128700256348,0.5323128700256348,1
A group of people is near the ocean,A group of children in uniforms is standing at a gate and one is kissing the mother,1.7999999523162842,0,1.7999999523162842,1.8087704181671145,0,0,0.0087704658508303,0.0087704658508303,1
A crowd of people is far from the water,A group of children in uniforms is standing at a gate and one is kissing the mother,1.0,0,1.0,1.7962260246276855,0,0,0.7962260246276855,0.7962260246276855,1
A crowd of people is near the water,A group of children in uniforms is standing at a gate and one is kissing the mother,1.899999976158142,0,1.899999976158142,1.95440936088562,0,0,0.054409384727477805,0.054409384727477805,1
A man is in a parking lot and is playing tennis against a large wall,A lone man is in a parking lot and is playing tennis against a large wall,4.699999809265137,1,4.699999809265137,4.623941421508789,1,1,-0.07605838775634766,0.07605838775634766,1
A man is pointing at a silver sedan,A man is pointing at a car,4.400000095367432,1,4.400000095367432,4.536708831787109,1,1,0.13670873641967773,0.13670873641967773,1
A man is pointing at a silver sedan,There is no man pointing at a car,4.099999904632568,2,4.099999904632568,3.4258058071136475,2,2,-0.6741940975189209,0.6741940975189209,1
A man is pointing at a car,A man is in a parking lot and is playing tennis against a large wall,2.299999952316284,0,2.299999952316284,1.2868785858154297,0,0,-1.0131213665008545,1.0131213665008545,1
A man is pointing at a silver sedan,A lone man is in a parking lot and is playing tennis against a large wall,1.399999976158142,0,1.399999976158142,1.208303689956665,0,0,-0.19169628620147705,0.19169628620147705,1
A man is pointing at a silver sedan,A man is in a parking lot and is playing tennis against a large wall,1.2999999523162842,0,1.2999999523162842,1.2568323612213137,0,0,-0.04316759109497048,0.04316759109497048,1
"A man, a woman and two girls are walking on the beach","A man, a woman and two girls are sitting on the beach",3.0999999046325684,0,3.0999999046325684,3.5501959323883057,0,0,0.4501960277557373,0.4501960277557373,1
"A man, a woman and two girls are sitting on the beach",A group of people is on a beach,4.400000095367432,1,4.400000095367432,4.422152996063232,1,1,0.02215290069580078,0.02215290069580078,1
"A man, a woman and two girls are walking on the beach",A group of people is near the sea,3.799999952316284,1,3.799999952316284,4.323999881744385,1,1,0.5239999294281006,0.5239999294281006,1
An Asian woman in a crowd is carrying a black bag,An Asian woman in in the midst of many people is carrying a black bag,4.800000190734863,1,4.800000190734863,4.314444541931152,1,0,-0.48555564880371094,0.48555564880371094,0
An Asian woman in in the midst of many people is carrying a black bag,A girl with a black bag is on a crowded train,3.5,0,3.5,3.31430983543396,0,0,-0.18569016456604004,0.18569016456604004,1
There is no girl with a black bag on a crowded train,An Asian woman in a crowd is carrying a black bag,2.5999999046325684,0,2.5999999046325684,2.8014063835144043,0,0,0.20140647888183594,0.20140647888183594,1
An Asian woman in a crowd is carrying a black bag,A cramped black train is on the bag of a girl,2.0999999046325684,0,2.0999999046325684,2.175863981246948,0,0,0.07586407661437944,0.07586407661437944,1
A girl with a black bag is on a crowded train,An Asian woman in a crowd is carrying a black bag,3.200000047683716,0,3.200000047683716,3.2054927349090576,0,0,0.005492687225341797,0.005492687225341797,1
There is no dog chasing another or holding a stick in its mouth,A dog is chasing another and is holding a stick in its mouth,3.9000000953674316,2,3.900000095367432,3.5996220111846924,2,2,-0.30037808418273926,0.30037808418273926,1
A dog is chasing another and is holding a stick in its mouth,A dog is chasing a stick and holding another dog in its mouth,3.200000047683716,0,3.200000047683716,5.084156036376953,0,1,1.8841559886932373,1.8841559886932373,0
There is no dog running and carrying an object in its mouth,Two dogs are running and carrying an object in their mouths,3.5,2,3.5,3.5459353923797607,2,2,0.04593539237976074,0.04593539237976074,1
Two dogs are running and carrying a toy in their mouths,A dog is chasing another and is holding a stick in its mouth,4.199999809265137,0,4.199999809265137,3.945125818252564,0,0,-0.2548739910125728,0.2548739910125728,1
There is no dog running and carrying an object in its mouth,A dog is chasing another and is holding a stick in its mouth,3.0999999046325684,2,3.0999999046325684,3.63095498085022,2,0,0.5309550762176518,0.5309550762176518,0
There is no dog chasing another or holding a stick in its mouth,Two dogs are running and carrying an object in their mouths,3.9000000953674316,0,3.900000095367432,3.7246482372283936,0,0,-0.17535185813903809,0.17535185813903809,1
A person who plays soccer is kicking a ball into the goal,A soccer player is kicking a ball into the goal,4.900000095367432,1,4.900000095367432,4.955410957336426,1,1,0.05541086196899414,0.05541086196899414,1
A soccer player is kicking a ball out of the goal,A soccer player is kicking a ball into the goal,4.400000095367432,0,4.400000095367432,3.719640970230103,0,0,-0.6803591251373287,0.6803591251373287,1
A dirty soccer ball is rolling into a goal net,A soccer player is kicking a ball into the goal,3.799999952316284,0,3.799999952316284,3.7959213256835938,0,0,-0.00407862663269043,0.00407862663269043,1
A soccer player is kicking a ball into the goal,A soccer ball is not rolling into a goal net,2.799999952316284,0,2.799999952316284,3.7712109088897705,0,0,0.9712109565734863,0.9712109565734863,1
A man is resting on a chair and rubbing his eyes,A man is sitting on a chair and rubbing his eyes,4.300000190734863,1,4.300000190734863,4.720067977905273,1,1,0.42006778717041016,0.42006778717041016,1
A man is sitting on a chair and rubbing his eyes,A tattooed man is on a sofa and is holding a pencil,2.4000000953674316,0,2.400000095367432,2.088270902633667,0,0,-0.31172919273376465,0.31172919273376465,1
A brown and white dog is resting in the grass,A brown and white dog is running through the tall grass,3.934999942779541,0,3.934999942779541,3.4826695919036865,0,0,-0.4523303508758545,0.4523303508758545,1
A black and tan dog is running through the low and green grass,A white and tan dog is running through the tall and green grass,4.0,0,4.0,4.117556571960449,0,0,0.11755657196044922,0.11755657196044922,1
A white and tan dog is running through a field,A brown and white dog is running through the tall grass,4.0,0,4.0,4.098624706268311,0,0,0.09862470626831144,0.09862470626831144,1
A brown and white dog is moving through the wild grass,A white and tan dog is running through the tall and green grass,3.5999999046325684,0,3.5999999046325684,3.979303121566773,0,0,0.37930321693420455,0.37930321693420455,1
A white and tan dog is running through the tall and green grass,A brown and white dog is resting in the grass,3.4000000953674316,0,3.400000095367432,3.3641531467437744,0,0,-0.03584694862365723,0.03584694862365723,1
There is no man wearing clothes that are covered with paint or is sitting outside in a busy area writing something,A man is sitting near a bike and is writing a note,2.700000047683716,0,2.700000047683716,2.5240628719329834,0,0,-0.17593717575073242,0.17593717575073242,1
A man is sitting near a bike and is writing a note,A sitting man is busy writing something in an area covered by paint,3.200000047683716,0,3.200000047683716,3.3393454551696777,0,0,0.13934540748596191,0.13934540748596191,1
A man is sitting near a bike and is writing a note,A man is wearing clothes that are covered with paint and is sitting outside in a busy area writing something,3.700000047683716,0,3.700000047683716,3.1544411182403564,0,0,-0.5455589294433594,0.5455589294433594,1
Some people are walking,Some people are standing,3.5,0,3.5,3.524317741394043,0,0,0.02431774139404297,0.02431774139404297,1
A group of scouts are hiking through the grass,People are walking,3.5999999046325684,1,3.5999999046325684,4.114534378051758,1,1,0.5145344734191895,0.5145344734191895,1
Some people are standing,A group of scouts are hiking through the grass,1.7999999523162842,0,1.7999999523162842,1.9731062650680544,0,0,0.17310631275177024,0.17310631275177024,1
A group of explorers are walking through the grass,Some people are walking,4.099999904632568,1,4.099999904632568,4.219639301300049,1,1,0.11963939666748047,0.11963939666748047,1
Two men are taking a break from a trip on a snowy road,Two men are taking a break from a trip on a road covered by snow,4.900000095367432,1,4.900000095367432,5.078430652618408,1,1,0.17843055725097656,0.17843055725097656,1
Two men are taking a break from a trip on a snowy road,Two men are walking on a snowy road,3.299999952316284,0,3.299999952316284,3.89949107170105,0,0,0.5994911193847656,0.5994911193847656,1
Two men are holding bikes and standing on the side of a road covered of snow,Two men with bikes are on the side of a snowy road,4.699999809265137,1,4.699999809265137,4.730929374694824,1,1,0.0309295654296875,0.0309295654296875,1
Two men are taking a break from a trip on a snowy road,Two men are holding bikes and standing on the side of a road covered of snow,3.799999952316284,0,3.799999952316284,3.2725775241851807,0,0,-0.5274224281311035,0.5274224281311035,1
Two men with bikes are on the side of a snowy road,Two men are taking a break from a trip on a road covered by snow,3.200000047683716,0,3.200000047683716,3.694054365158081,0,0,0.49405431747436523,0.49405431747436523,1
Two men with bikes are on the side of a snowy road,Two men are walking on a snowy road,3.9000000953674316,0,3.900000095367432,3.697409629821777,0,0,-0.20259046554565474,0.20259046554565474,1
Two men with bikes are on the side of a snowy road,Two men are breaking into a car during a trip on a snowy road,2.200000047683716,0,2.200000047683716,2.704483985900879,0,0,0.5044839382171631,0.5044839382171631,1
Two men with bikes are on the side of a snowy road,Two men are taking a break from a trip on a snowy road,3.700000047683716,0,3.700000047683716,3.734266519546509,0,0,0.03426647186279297,0.03426647186279297,1
Two men are standing near the water and are holding fishing poles,Two men are standing near the water and are holding tools used for fishing,4.5,1,4.5,4.964641571044922,1,1,0.4646415710449219,0.4646415710449219,1
There is no man standing near the water and holding fishing poles,Two men are standing near the water and are holding fishing poles,3.4000000953674316,2,3.400000095367432,3.602318525314331,2,2,0.20231842994689941,0.20231842994689941,1
Two men are holding some water standing near fishing poles,Two men are standing near the water and are holding fishing poles,3.5999999046325684,0,3.5999999046325684,4.656121253967285,0,1,1.0561213493347168,1.0561213493347168,0
Two men are holding fishing poles,Two men are holding some water standing near fishing poles,2.5999999046325684,0,2.5999999046325684,3.9038589000701904,0,0,1.303858995437622,1.303858995437622,1
Two men are standing near the water and are holding fishing poles,Two men are holding fishing poles and fishing tackle,3.9000000953674316,0,3.900000095367432,4.324037075042725,0,0,0.42403697967529297,0.42403697967529297,1
Two men are not holding fishing poles,Two men are standing near the water and are holding fishing poles,3.5999999046325684,2,3.5999999046325684,3.5416693687438965,2,2,-0.058330535888671875,0.058330535888671875,1
Two men are standing near the water and are holding fishing poles,Two men are holding fishing poles,4.400000095367432,1,4.400000095367432,4.558026313781738,1,1,0.15802621841430664,0.15802621841430664,1
The helmeted girl is perching on a bike,The girl with a helmet is perching on a bike,4.900000095367432,1,4.900000095367432,5.180729866027832,1,1,0.2807297706604004,0.2807297706604004,1
A woman is jumping with a bicycle,The helmeted girl is perching on a bike,2.799999952316284,0,2.799999952316284,2.973997116088867,0,0,0.173997163772583,0.173997163772583,1
A blond girl is riding the waves,A blond girl is looking at the waves,3.799999952316284,0,3.799999952316284,3.88691782951355,0,0,0.08691787719726562,0.08691787719726562,1
A blond girl is riding the waves,A blond girl waves while she is riding,3.200000047683716,0,3.200000047683716,4.778957366943359,0,1,1.5789573192596436,1.5789573192596436,0
A lady is surfing and riding a wave,A woman is surfing,4.599999904632568,1,4.599999904632568,4.940528869628906,1,1,0.3405289649963379,0.3405289649963379,1
A boy is surfing and riding a wave,A blond girl is riding the waves,3.5999999046325684,0,3.5999999046325684,3.2201974391937256,0,0,-0.3798024654388428,0.3798024654388428,1
A lady is surfing and riding a wave,A blond girl is riding the waves,4.0,0,4.0,3.9817259311676025,0,0,-0.01827406883239746,0.01827406883239746,1
Two children and an adult are standing next to a tree limb,Three people are standing next to a tree limb,4.599999904632568,1,4.599999904632568,4.692399024963379,1,1,0.09239912033081055,0.09239912033081055,1
Two children are hanging on a large branch,Two children are climbing a tree,4.199999809265137,1,4.199999809265137,3.1461269855499268,1,0,-1.05387282371521,1.05387282371521,0
There is no child hanging on a large branch,Two children are hanging on a large branch,3.299999952316284,2,3.299999952316284,3.566167116165161,2,2,0.26616716384887695,0.26616716384887695,1
Two children and an adult are standing next to a tree limb,There is no child hanging on a large branch,2.4000000953674316,0,2.400000095367432,2.2964088916778564,0,0,-0.1035912036895752,0.1035912036895752,1
Three people are standing next to a tree limb,Two children are hanging on a large branch,2.5,0,2.5,2.0137743949890137,0,0,-0.48622560501098633,0.48622560501098633,1
Two children are hanging on a large branch,Two children and an adult are not standing next to a tree limb,2.4000000953674316,0,2.400000095367432,3.2131664752960205,0,0,0.8131663799285889,0.8131663799285889,1
There is no man dressed in black and riding a green bike,A man dressed in black is riding a bike,3.200000047683716,2,3.200000047683716,3.802653551101685,2,0,0.6026535034179692,0.6026535034179692,0
A black man in green is riding a bike,A man dressed in black is riding a bike,3.5,0,3.5,4.768248558044434,0,1,1.2682485580444336,1.2682485580444336,0
A man is performing a trick on a green bicycle,There is no man performing a trick on a green bicycle,4.800000190734863,2,4.800000190734863,3.479304075241089,2,2,-1.3206961154937744,1.3206961154937744,1
A man dressed in black is riding a bike,A man is performing stunts on a green bicycle,3.299999952316284,0,3.299999952316284,3.820286512374878,0,0,0.5202865600585938,0.5202865600585938,1
There is no man performing a trick on a green bicycle,A man dressed in black is riding a bike,2.799999952316284,0,2.799999952316284,3.134562492370605,0,0,0.33456254005432084,0.33456254005432084,1
A man is performing a trick on a green bicycle,A man is performing a trick on a bike,4.5,1,4.5,4.7491326332092285,1,1,0.24913263320922852,0.24913263320922852,1
A man is performing a trick on a green bicycle,A black man in green is riding a bike,2.700000047683716,0,2.700000047683716,3.4461419582366943,0,0,0.7461419105529785,0.7461419105529785,1
A man is performing a trick on a green bicycle,A man dressed in black is riding a bike,3.799999952316284,0,3.799999952316284,3.772181510925293,0,0,-0.02781844139099121,0.02781844139099121,1
There is no child holding a squirt gun,A child is holding a squirt gun,3.0350000858306885,2,3.0350000858306885,3.582328081130981,2,2,0.5473279953002925,0.5473279953002925,1
A child is holding a squirt gun,There is no child holding a water gun or getting sprayed with water,4.085000038146973,2,4.085000038146973,3.515458106994629,2,0,-0.5695419311523438,0.5695419311523438,0
A boy is holding a squirt gun,A laughing child is holding a water gun and getting sprayed with water,4.0,0,4.0,4.117247581481934,0,0,0.1172475814819336,0.1172475814819336,1
There is no child holding a squirt gun,A laughing child is holding a water gun and getting sprayed with water,3.5999999046325684,2,3.5999999046325684,3.485975503921509,2,0,-0.11402440071105957,0.11402440071105957,0
A laughing child is holding a water gun and getting sprayed with water,A child is holding a squirt gun,4.5,1,4.5,4.593779563903809,1,1,0.0937795639038086,0.0937795639038086,1
Two brown dogs are fighting over a red ball and are playing in the grass,Two brown dogs are fighting over a red toy and are playing in the grass,4.699999809265137,1,4.699999809265137,5.044013977050781,1,1,0.34401416778564453,0.34401416778564453,1
Two brown dogs are fighting over a red ball and are playing in the grass,There is no dog playing with a red ball,2.5,0,2.5,3.415574312210083,0,0,0.915574312210083,0.915574312210083,1
Two cats are playing with a red ball,Two brown dogs are fighting over a red ball and are playing in the grass,2.950000047683716,0,2.950000047683716,2.7693474292755127,0,0,-0.18065261840820312,0.18065261840820312,1
Two daschunds are playing with a red ball,Two brown dogs are fighting over a red toy and are playing in the grass,3.799999952316284,0,3.799999952316284,3.526329040527344,0,0,-0.27367091178894,0.27367091178894,1
Two daschunds are playing with a red ball,Two brown dogs are fighting over a red ball and are playing in the grass,3.700000047683716,0,3.700000047683716,3.625269651412964,0,0,-0.07473039627075195,0.07473039627075195,1
The black and white dog is running and a person stands behind it,The black and white dog isn't running and there is no person standing behind,3.299999952316284,2,3.299999952316284,3.450659275054932,2,2,0.1506593227386479,0.1506593227386479,1
A black person is running along a white stand and a dog barks behind him,The black and white dog is running and a person stands behind it,2.4000000953674316,0,2.400000095367432,3.013240098953247,0,0,0.6132400035858154,0.6132400035858154,1
A little dog is slowing down and the owner is quitting chasing it,A little dog is sprinting and its owner is trying to catch it,3.9000000953674316,0,3.900000095367432,3.7886962890625,0,0,-0.11130380630493164,0.11130380630493164,1
"The dog, which is black and white, is running and a person stands behind it",A little dog is sprinting and its owner is trying to catch it,3.700000047683716,0,3.700000047683716,3.216520309448242,0,0,-0.48347973823547363,0.48347973823547363,1
The black and white dog is running and a person stands behind it,A little dog is sprinting and its owner is trying to catch it,3.299999952316284,0,3.299999952316284,2.9967892169952397,0,0,-0.3032107353210445,0.3032107353210445,1
A man is sitting comfortably at a table,A person is sitting comfortably at the table,4.5,1,4.5,5.028026103973389,1,1,0.5280261039733887,0.5280261039733887,1
A man isn't sitting comfortably at the table,A man is sitting comfortably at a table,3.450000047683716,2,3.450000047683716,3.542574882507324,2,2,0.0925748348236084,0.0925748348236084,1
A man is sitting and tables a comfortable discussion,A man is sitting comfortably at a table,3.700000047683716,0,3.700000047683716,4.137543678283691,0,0,0.4375436305999756,0.4375436305999756,1
A man is sitting comfortably at a table,"There is no man wearing a shirt dyed black, sitting at the table and laughing",2.799999952316284,0,2.799999952316284,2.642616271972656,0,0,-0.15738368034362837,0.15738368034362837,1
A man is sitting comfortably at a table,A laughing man is dyeing a shirt black on the table which you cannot sit at ,2.4000000953674316,0,2.400000095367432,2.2698919773101807,0,0,-0.13010811805725098,0.13010811805725098,1
A man wearing a dyed black shirt is sitting at the table and laughing,A person is sitting comfortably at the table,3.0,0,3.0,3.3417599201202397,0,0,0.3417599201202397,0.3417599201202397,1
A man wearing a dyed black shirt is sitting at the table and laughing,A man isn't sitting comfortably at the table,3.0,0,3.0,3.095327138900757,0,0,0.09532713890075684,0.09532713890075684,1
A woman who is wearing a pink boa is riding a bicycle down a bridge built for pedestrians,A pedestrian woman is building pink bicycles for boa wearing riders,2.799999952316284,0,2.799999952316284,3.640826463699341,0,0,0.8408265113830566,0.8408265113830566,1
"The woman wearing silver pants, pink bellbottoms and a pink scarf is happily riding a bike","The woman wearing silver pants, pink bellbottoms and a pink scarf is riding a bike",4.699999809265137,1,4.699999809265137,5.106038570404053,1,1,0.406038761138916,0.406038761138916,1
"The woman wearing silver pants, pink bellbottoms and a pink scarf isn't riding a bike","The woman wearing silver pants, pink bellbottoms and a pink scarf is riding a bike",4.0,2,4.0,3.548592329025269,2,2,-0.451407670974731,0.451407670974731,1
"The woman wearing silver pants, pink bellbottoms and a pink scarf is happily riding a bike",A woman who is wearing a pink boa is riding a bicycle down a bridge built for pedestrians,3.0,0,3.0,2.5135083198547363,0,0,-0.48649168014526367,0.48649168014526367,1
A woman who is wearing a pink boa is riding a bicycle down a bridge built for pedestrians,Pink bellbottoms and a pink scarf aren't to be worn by women with silver pants or bike riding people,2.700000047683716,0,2.700000047683716,2.4319722652435303,0,0,-0.26802778244018555,0.26802778244018555,1
"The woman wearing silver pants, pink bellbottoms and a pink scarf is riding a bike",A woman who is taking off a pink boa is stopping her bicycle on a bridge built for pedestrians,2.5,0,2.5,2.244734525680542,0,0,-0.255265474319458,0.255265474319458,1
There is no man wearing a black helmet and pushing a bicycle,One man is wearing a black helmet and pushing a bicycle,3.0999999046325684,2,3.0999999046325684,3.5970616340637207,2,2,0.49706172943115234,0.49706172943115234,1
One man is wearing a black helmet and pushing a bicycle,A man is pushing a helmet towards another one on a black bicycle,3.4000000953674316,0,3.400000095367432,3.570002794265747,0,0,0.17000269889831543,0.17000269889831543,1
A black helmet is being worn by a man who is pushing a bicycle,A biker is wearing gear which is black,3.5,0,3.5,4.400412082672119,0,1,0.9004120826721191,0.9004120826721191,0
A man is pushing a helmet towards another one on a black bicycle,A biker is wearing gear which is black,2.4000000953674316,0,2.400000095367432,3.289858102798462,0,0,0.8898580074310303,0.8898580074310303,1
"A person, who is riding a bike, is wearing gear which is black",One man is wearing a black helmet and pushing a bicycle,3.299999952316284,0,3.299999952316284,3.9325711727142334,0,0,0.6325712203979492,0.6325712203979492,1
One man is wearing a black helmet and pushing a bicycle,A biker wearing black is breaking the gears,2.299999952316284,0,2.299999952316284,3.3793959617614746,0,0,1.0793960094451904,1.0793960094451904,1
A biker is wearing gear which is black,One man is wearing a black helmet and pushing a bicycle,3.299999952316284,0,3.299999952316284,3.739156246185303,0,0,0.439156293869019,0.439156293869019,1
The man in a grey t-shirt is sitting on a rock in front of the waterfall,A rocker is sitting with a t-shirt that has a man over a grey waterfall on the front,3.0,0,3.0,3.5172765254974365,0,0,0.5172765254974365,0.5172765254974365,1
One woman is sitting and looks at the waterfall,A woman is sitting and looking at the waterfall,4.599999904632568,1,4.599999904632568,5.080808162689209,1,1,0.4808082580566406,0.4808082580566406,1
A woman is sitting and looking at the waterfall,Somebody is sitting at the waterfall and looking at a woman,3.0999999046325684,0,3.0999999046325684,3.8181989192962646,0,0,0.7181990146636963,0.7181990146636963,1
The man in a grey t-shirt is sitting on a rock in front of the waterfall,One woman is sitting and looks at the waterfall,2.684999942779541,0,2.684999942779541,2.439154148101806,0,0,-0.24584579467773482,0.24584579467773482,1
The man in a grey t-shirt is sitting on a rock in front of the waterfall,Somebody is sitting at the waterfall and looking at a woman,3.5,0,3.5,2.9830989837646484,0,0,-0.5169010162353516,0.5169010162353516,1
A woman is sitting and looking at the waterfall,The man in a grey t-shirt is sitting on a rock in front of the waterfall,2.9000000953674316,0,2.900000095367432,2.5260050296783447,0,0,-0.3739950656890869,0.3739950656890869,1
"A dog, which is brown, and a black one are racing in the grass","A dog, which is brown, and a black one are running in the grass",4.400000095367432,1,4.400000095367432,4.956823825836182,1,1,0.55682373046875,0.55682373046875,1
A dark black dog and a light brown dog are playing in the backyard,A dark black dog and a light brown dog are fighting in the backyard,3.799999952316284,0,3.799999952316284,3.885869264602661,0,0,0.08586931228637695,0.08586931228637695,1
The backyard light is playing tricks in the dark on the brown and black dog,A dark black dog and a light brown dog are playing in the backyard,3.0999999046325684,0,3.0999999046325684,3.666535615921021,0,0,0.5665357112884526,0.5665357112884526,1
The backyard light is playing tricks in the dark on the brown and black dog,"A dog, which is brown, and a black one are running in the grass",2.5,0,2.5,3.365278959274292,0,0,0.865278959274292,0.865278959274292,1
"A dog, which is brown, and a black one are racing in the grass",A dark black dog and a light brown dog are playing in the backyard,3.5999999046325684,0,3.5999999046325684,3.726850271224976,0,0,0.12685036659240767,0.12685036659240767,1
"A dog, which is brown, and a black one are running in the grass",A dark black dog and a light brown dog are playing in the backyard,3.9000000953674316,0,3.900000095367432,3.7268881797790527,0,0,-0.1731119155883789,0.1731119155883789,1
A dog that has a brown and white coat is trotting through shallow water,A dog that has a white and brown colored coat is trotting through shallow water.,5.0,1,5.0,5.120424270629883,1,1,0.12042427062988281,0.12042427062988281,1
A dog that has a brown and white coat is trotting through shallow water,A brown and white coat is floating across shallow water near a trotting dog,2.9000000953674316,0,2.900000095367432,3.729652643203736,0,0,0.8296525478363042,0.8296525478363042,1
A white and brown dog is walking through the water with difficulty,There is no white and brown dog pacing with through the water difficulty,2.5999999046325684,2,2.5999999046325684,3.496700525283813,2,2,0.8967006206512447,0.8967006206512447,1
A white man is walking a dog through brown water with difficulty,A white and brown dog is walking through the water with difficulty,3.5999999046325684,0,3.5999999046325684,3.522331953048706,0,0,-0.0776679515838623,0.0776679515838623,1
A white and brown dog is pacing through the water with difficulty,A dog that has a brown and white coat is trotting through shallow water,3.799999952316284,0,3.799999952316284,4.218196868896484,0,0,0.4181969165802002,0.4181969165802002,1
A dog that has a brown and white coat is trotting through shallow water,There is no white and brown dog pacing with through the water difficulty,3.0999999046325684,0,3.0999999046325684,3.44646954536438,0,0,0.3464696407318115,0.3464696407318115,1
A white man is walking a dog through brown water with difficulty,A dog that has a brown and white coat is trotting through shallow water,2.299999952316284,0,2.299999952316284,3.015886068344116,0,0,0.715886116027832,0.715886116027832,1
A dog that has a white and brown colored coat is trotting through shallow water.,A white and brown dog is walking through the water with difficulty,4.0,0,4.0,4.033542633056641,0,0,0.033542633056640625,0.033542633056640625,1
A dog that has a brown and white coat is sitting in shallow water,A white and brown dog is walking through the water with difficulty,3.5,0,3.5,3.334290742874145,0,0,-0.16570925712585494,0.16570925712585494,1
A white and brown dog is walking through the water with difficulty,A brown and white coat is floating across shallow water near a trotting dog,2.5,0,2.5,3.4377334117889404,0,0,0.9377334117889404,0.9377334117889404,1
A white and brown dog is walking through the water with difficulty,A dog that has a brown and white coat is trotting through shallow water,3.700000047683716,0,3.700000047683716,3.946696758270264,0,0,0.2466967105865483,0.2466967105865483,1
A group of boys are playing with a ball in front of a large door made of wood,A bunch of boys are playing with a ball in front of a large door made of wood,4.900000095367432,1,4.900000095367432,5.006180763244629,1,1,0.10618066787719727,0.10618066787719727,1
A group of boys are playing with a ball in front of a large door made of wood,A ball made of wood is being played through a door in front of a large group of boys ,3.5999999046325684,0,3.5999999046325684,3.8803787231445312,0,0,0.2803788185119629,0.2803788185119629,1
"The children are playing in front of a door, which is very large",The children are playing in front of a large door,4.900000095367432,1,4.900000095367432,5.095394134521484,1,1,0.19539403915405273,0.19539403915405273,1
The children aren't playing in front of a large door,The children are playing in front of a large door,4.300000190734863,2,4.300000190734863,3.536895036697388,2,2,-0.7631051540374751,0.7631051540374751,1
A group of boys are playing with a ball in front of a large door made of wood,"The children are playing in front of a door, which is very large",3.799999952316284,1,3.799999952316284,4.512049198150635,1,1,0.7120492458343506,0.7120492458343506,1
The children are playing in front of a large door,A ball made of wood is being played through a door in front of a large group of boys ,3.4000000953674316,0,3.400000095367432,3.4966633319854736,0,0,0.09666323661804199,0.09666323661804199,1
A group of boys are playing with a ball in front of a large door made of wood,The children are playing in front of a large door,4.199999809265137,1,4.199999809265137,4.543196201324463,1,1,0.34319639205932617,0.34319639205932617,1
"A woman is taking off a cloak, which is very large, and revealing an extravagant dress","A woman is taking off a cloak, which is very large, and revealing extravagant apparel",4.300000190734863,1,4.300000190734863,5.12365198135376,1,1,0.8236517906188965,0.8236517906188965,1
"A black, red, white and pink dress is being worn by a woman","A dress, which is black, red, white and pink is being worn by a woman",4.900000095367432,1,4.900000095367432,5.233269691467285,1,1,0.3332695960998535,0.3332695960998535,1
"There is no black, red, white and pink dress being worn by a woman","A black, red, white and pink dress is being worn by a woman",3.799999952316284,2,3.799999952316284,3.63176703453064,2,2,-0.1682329177856441,0.1682329177856441,1
"A dress, which is black, red, white and pink is being worn by a woman","A woman is taking off a cloak, which is very large, and revealing an extravagant dress",3.5999999046325684,0,3.5999999046325684,3.395916700363159,0,0,-0.20408320426940918,0.20408320426940918,1
"There is no black, red, white and pink dress being worn by a woman","A woman is taking off a cloak, which is very large, and revealing an extravagant dress",2.4000000953674316,0,2.400000095367432,2.911508083343506,0,0,0.5115079879760742,0.5115079879760742,1
"A woman is putting on a cloak, which is very large, and concealing an extravagant dress","A black, red, white and pink dress is being worn by a woman",3.200000047683716,0,3.200000047683716,3.58692479133606,0,0,0.3869247436523442,0.3869247436523442,1
The teenage girl is wearing beads that are red,A teenage girl is wearing beads that are red,5.0,1,5.0,5.199801921844482,1,1,0.19980192184448242,0.19980192184448242,1
A teenage girl is wearing beads that are red,The girl likes red and isn't wearing beads for teenagers,2.799999952316284,0,2.799999952316284,3.2523810863494877,0,0,0.45238113403320357,0.45238113403320357,1
A teenage girl is wearing beads that are red,"There is no young lady with light brown hair wearing a red necklace, a sweatshirt and earrings and smiling",3.200000047683716,0,3.200000047683716,2.721304655075073,0,0,-0.478695392608643,0.478695392608643,1
A teenage girl is wearing beads that are red,"A red sweatshirt with a smiling lady upon it is suited to be worn with light brown hair, earrings and a necklace ",1.9149999618530273,0,1.9149999618530276,2.4063503742218018,0,0,0.4913504123687744,0.4913504123687744,1
A teenage girl is storing away beads that are red,"A young lady with light brown hair is wearing a red necklace, a sweatshirt and earrings and is smiling",2.0,0,2.0,2.805497169494629,0,0,0.8054971694946289,0.8054971694946289,1
"A young lady with light brown hair is wearing a red necklace, a sweatshirt and earrings and is smiling",A teenage girl is wearing beads that are red,3.0,1,3.0,3.0432276725769043,1,0,0.0432276725769043,0.0432276725769043,0
A boy is climbing up a wall artificially built for climbing and is attached to a rope,A boy is effortlessly climbing up a wall artificially built for climbing and is attached to a rope,4.900000095367432,1,4.900000095367432,4.9164204597473145,1,1,0.016420364379882812,0.016420364379882812,1
A boy is climbing up a wall artificially built for climbing and is attached to a rope,A boy is coming down a wall artificially built for climbing and isn't attached to the rope,3.934999942779541,2,3.934999942779541,3.687607526779175,2,0,-0.2473924160003662,0.2473924160003662,0
A boy is climbing up a wall artificially built for climbing and is attached to a rope,A climber on the wall is attached to the climbing boy with an artificially built rope,4.199999809265137,0,4.199999809265137,3.560067176818848,0,0,-0.6399326324462886,0.6399326324462886,1
A fearful little boy is on a climbing wall,"A little boy, who looks fearful, is on a climbing wall.",5.0,1,5.0,4.985244274139404,1,1,-0.014755725860595703,0.014755725860595703,1
A climbing boy rescues the fearful cat from over the wall,A fearful little boy is on a climbing wall,2.799999952316284,0,2.799999952316284,3.0506017208099365,0,0,0.25060176849365234,0.25060176849365234,1
A boy is climbing up a wall artificially built for climbing and is attached to a rope,A fearful little boy is on the ground,2.5999999046325684,0,2.5999999046325684,2.674038887023926,0,0,0.07403898239135742,0.07403898239135742,1
A boy is coming down a wall artificially built for climbing and isn't attached to the rope,A fearful little boy is on a climbing wall,3.0,0,3.0,3.42421555519104,0,0,0.42421555519104004,0.42421555519104004,1
A climber on the wall is attached to the climbing boy with an artificially built rope,A fearful little boy is on a climbing wall,3.4000000953674316,0,3.400000095367432,3.212653398513794,0,0,-0.1873466968536377,0.1873466968536377,1
A father is launching the daughter in a swimming pool,A father is taking away his daughter from a swimming pool,3.299999952316284,0,3.299999952316284,3.4024906158447266,0,0,0.10249066352844238,0.10249066352844238,1
A man isn't tossing a kid into the swimming pool that is near the ocean,A father is launching the daughter in a swimming pool,3.0,0,3.0,3.226509094238281,0,0,0.2265090942382808,0.2265090942382808,1
A dad is launching his daughter into a swimming pool,The man is tossing a kid into the swimming pool that is near the ocean,4.199999809265137,0,4.199999809265137,4.580788612365723,0,1,0.38078880310058594,0.38078880310058594,0
A father is taking away his daughter from a swimming pool,The man is tossing a kid into the swimming pool that is near the ocean,2.9000000953674316,0,2.900000095367432,3.316932916641236,0,0,0.41693282127380416,0.41693282127380416,1
One man is climbing the cliff with a rope,One man is climbing a cliff with a rope,4.900000095367432,1,4.900000095367432,5.132722854614258,1,1,0.23272275924682617,0.23272275924682617,1
One man is descending a cliff with a rope,One man is climbing a cliff with a rope,3.299999952316284,0,3.299999952316284,3.980593204498291,0,0,0.6805932521820068,0.6805932521820068,1
"A person is climbing a rock with a rope, which is pink","A rock is being climbed by a person with a rope, which is pink",5.0,1,5.0,5.153984069824219,1,1,0.15398406982421875,0.15398406982421875,1
"A person is climbing a rock with a rope, which is pink",A person with pink climbing gear roped the rock,3.4000000953674316,0,3.400000095367432,4.449871063232422,0,1,1.0498709678649902,1.0498709678649902,0
The young boy is climbing the wall made of rock,One young boy is climbing a wall made of rock,4.800000190734863,1,4.800000190734863,5.088628768920898,1,1,0.28862857818603516,0.28862857818603516,1
A young climber is making a rock wall for the boys,The young boy is climbing the wall made of rock,3.299999952316284,0,3.299999952316284,3.165824174880981,0,0,-0.13417577743530318,0.13417577743530318,1
A young child is climbing a rock climbing wall which is indoors,A young child is under a rock climbing wall which is indoors,4.0,0,4.0,3.913434028625488,0,0,-0.08656597137451216,0.08656597137451216,1
The young boy is climbing the wall made of rock,A young kid is climbing a rock climbing wall which is indoors,4.300000190734863,0,4.300000190734863,3.701015710830689,0,0,-0.5989844799041744,0.5989844799041744,1
A young child is under a rock climbing wall which is indoors,The young boy is climbing the wall made of rock,3.4000000953674316,0,3.400000095367432,3.441103458404541,0,0,0.041103363037109375,0.041103363037109375,1
A young boy isn't climbing a wall made of rock,A young child is climbing a rock climbing wall which is indoors,3.9000000953674316,0,3.900000095367432,3.424802541732788,0,0,-0.47519755363464355,0.47519755363464355,1
A young child is climbing a rock climbing wall which is indoors,The young boy is climbing the wall made of rock,4.199999809265137,0,4.199999809265137,4.573135852813721,0,1,0.373136043548584,0.373136043548584,0
One man is doing a trick with a bicycle in midair,One man is doing a bicycle trick in midair,4.800000190734863,1,4.800000190734863,5.155664920806885,1,1,0.3556647300720215,0.3556647300720215,1
One man is doing a bicycle trick in midair,A man is failing to perform a bicycle trick in midair,3.5,0,3.5,3.52808165550232,0,2,0.02808165550231978,0.02808165550231978,0
A cyclist is fearlessly performing a trick in the air,The cyclist is performing a trick in the air,4.900000095367432,1,4.900000095367432,4.762014389038086,1,1,-0.1379857063293457,0.1379857063293457,1
The air is tricking a performing cyclist,The cyclist is performing a trick in the air,2.4000000953674316,0,2.400000095367432,4.538630485534668,0,1,2.1386303901672363,2.1386303901672363,0
One man is doing a bicycle trick in midair,A cyclist is fearlessly performing a trick in the air,4.065000057220459,0,4.065000057220459,3.651110887527466,0,0,-0.41388916969299316,0.41388916969299316,1
One man is doing a trick with a bicycle in midair,The cyclist is performing a trick in the air,4.099999904632568,1,4.099999904632568,3.5632269382476807,1,0,-0.5367729663848877,0.5367729663848877,0
A man is failing to perform a bicycle trick in midair,The cyclist is performing a trick in the air,3.299999952316284,2,3.299999952316284,3.262249231338501,2,0,-0.0377507209777832,0.0377507209777832,0
One man is doing a bicycle trick in midair,The cyclist is performing a trick in the air,4.400000095367432,1,4.400000095367432,3.664111614227295,1,0,-0.7358884811401367,0.7358884811401367,0
"A dog, which is black, and a white one are ignoring each other in the street","A dog, which is black, and a white one are staring at each other in the street",3.5999999046325684,2,3.5999999046325684,4.007356643676758,2,0,0.40735673904418945,0.40735673904418945,0
"Along two streets, different breeds of dogs are being looked at",Two dogs of different breeds are looking at each other across a street,3.0999999046325684,0,3.0999999046325684,4.165207386016846,0,0,1.0652074813842773,1.0652074813842773,1
Two dogs of different breeds are looking angrily at each other across a street,"A dog, which is black, and a white one are staring at each other in the street",3.9000000953674316,0,3.900000095367432,3.864582300186157,0,0,-0.03541779518127486,0.03541779518127486,1
"A dog, which is black, and a white one are staring at each other in the street",There are no dogs of different breeds looking at each other across a street,3.4000000953674316,0,3.400000095367432,3.659451484680176,0,0,0.25945138931274414,0.25945138931274414,1
"A dog, which is black, and a white one are staring at each other in the street","Along two streets, different breeds of dogs are being looked at",2.9000000953674316,0,2.900000095367432,3.986583948135376,0,0,1.0865838527679443,1.0865838527679443,1
Two dogs of different breeds are looking at each other across a street,"A dog, which is black, and a white one are ignoring each other in the street",3.5,0,3.5,3.445897102355957,0,0,-0.05410289764404297,0.05410289764404297,1
"A dog, which is black, and a white one are staring at each other in the street",Two dogs of different breeds are looking at each other across a street,4.400000095367432,0,4.400000095367432,4.169151306152344,0,0,-0.2308487892150879,0.2308487892150879,1
A dog which is furry and black is in a back yard and is carrying a basket in its mouth,A dog in the backyard is carrying black fur in a basket in its mouth.,3.9000000953674316,0,3.900000095367432,4.681175708770752,0,1,0.7811756134033203,0.7811756134033203,0
A dog which is furry and black is in a backyard and is carrying a basket in its mouth.,"A dog next to a tree, which is probably a pine, is biting a bucket",3.4000000953674316,0,3.400000095367432,3.224371194839477,0,0,-0.17562890052795455,0.17562890052795455,1
A dog which is furry and black is in a back yard and is carrying a basket in its mouth,A dog in a bucket is biting a tree which is probably a pine,2.0999999046325684,0,2.0999999046325684,2.417970895767212,0,0,0.31797099113464355,0.31797099113464355,1
A dog which is furry and black is in a back yard and is carrying a basket in its mouth,"A dog next to a tree, which is probably a pine, is biting a bucket",2.5,0,2.5,3.086059808731079,0,0,0.5860598087310791,0.5860598087310791,1
A man and a woman are sitting comfortably on the bench,Two people are sitting comfortably on the bench,4.599999904632568,1,4.599999904632568,4.934339046478272,1,1,0.334339141845704,0.334339141845704,1
A man and a woman are sitting comfortably on the bench,Nobody is sitting comfortably on the bench,3.5850000381469727,2,3.5850000381469727,3.4704020023345947,2,2,-0.11459803581237793,0.11459803581237793,1
Two large persons are sitting on a park bench and they have a bottle of soda between them,Two people are sitting comfortably on the bench,3.5,0,3.5,4.041263580322266,0,0,0.5412635803222656,0.5412635803222656,1
Nobody is sitting comfortably on the bench,Two large persons are sitting on a park bench and they have a bottle of soda between them,3.5999999046325684,0,3.5999999046325684,3.144735097885132,0,0,-0.4552648067474365,0.4552648067474365,1
Two large persons are standing near a park bench and they have nothing between them,A man and a woman are sitting comfortably on the bench,2.799999952316284,0,2.799999952316284,3.016523599624634,0,0,0.2165236473083496,0.2165236473083496,1
A man and a woman are sitting comfortably on the bench,Two large park benches have a person sitting and a bottle of soda between them,3.0,0,3.0,3.1538994312286377,0,0,0.1538994312286377,0.1538994312286377,1
A man and a woman are sitting comfortably on the bench,Two large persons are sitting on a park bench and they have a bottle of soda between them,3.9000000953674316,0,3.900000095367432,3.5659024715423584,0,0,-0.33409762382507324,0.33409762382507324,1
One man is leading the race,A man is leading the race,5.0,1,5.0,5.170184135437012,1,1,0.17018413543701172,0.17018413543701172,1
A man is leading the race,A man is bringing up the rear of the race,3.0999999046325684,0,3.0999999046325684,3.4833920001983643,0,0,0.3833920955657959,0.3833920955657959,1
A few men in a competition are running outside,A few men in a competition are running outdoors,4.099999904632568,1,4.099999904632568,5.097698211669922,1,1,0.9976983070373535,0.9976983070373535,1
A man is leading the race,A few men in a competition are running outdoors,3.0999999046325684,0,3.0999999046325684,3.7621102333068848,0,0,0.6621103286743164,0.6621103286743164,1
A man is leading the race,A few men in a competition are running indoors,2.0999999046325684,0,2.0999999046325684,3.406024217605591,0,0,1.3060243129730225,1.3060243129730225,1
A man is leading the race,A few men are running competitions outside,3.0999999046325684,0,3.0999999046325684,3.4999349117279053,0,0,0.3999350070953369,0.3999350070953369,1
A few men in a competition are running outside,The man is racing for the lead ,3.4000000953674316,0,3.400000095367432,3.452562093734741,0,0,0.05256199836730957,0.05256199836730957,1
The subject is being studied by a man with a camera,A man with a camera is studying the subject,4.900000095367432,1,4.900000095367432,5.192708492279053,1,1,0.2927083969116211,0.2927083969116211,1
The bride is leaving the groom after the wedding,The bride and the groom are leaving after the wedding,3.200000047683716,0,3.200000047683716,4.977085590362549,0,1,1.777085542678833,1.777085542678833,0
A married couple is walking down the aisle,A couple who have just got married are walking down the isle,4.800000190734863,1,4.800000190734863,4.606711387634277,1,1,-0.19328880310058594,0.19328880310058594,1
A married couple is walking down the aisle,The priest is walking down the aisle to marry a couple,2.9000000953674316,0,2.900000095367432,4.1240644454956055,0,0,1.2240643501281738,1.2240643501281738,1
A couple who have just got married are walking down the isle,The bride and the groom are leaving after the wedding,4.099999904632568,1,4.099999904632568,3.5446460247039795,1,0,-0.5553538799285889,0.5553538799285889,0
A married couple is walking up the aisle,The bride and the groom are leaving after the wedding,3.9000000953674316,0,3.900000095367432,3.3189451694488525,0,0,-0.5810549259185791,0.5810549259185791,1
The students are filling the classroom,A classroom is full of students,4.300000190734863,1,4.300000190734863,4.669267654418945,1,1,0.36926746368408203,0.36926746368408203,1
A classroom is full of students,A classroom is empty,2.299999952316284,2,2.299999952316284,3.3684332370758057,2,2,1.0684332847595215,1.0684332847595215,1
The presentation isn't being watched by a classroom of students,The presentation is being watched by a classroom of students,4.400000095367432,2,4.400000095367432,3.4883837699890137,2,2,-0.911616325378418,0.911616325378418,1
The presentation isn't being watched by a classroom of students,A classroom is full of students,3.0999999046325684,0,3.0999999046325684,3.0881948471069336,0,0,-0.011805057525634766,0.011805057525634766,1
The presentation is being watched by a classroom of students,The students are filling the classroom,2.9000000953674316,0,2.900000095367432,3.166364908218384,0,0,0.26636481285095215,0.26636481285095215,1
The presentation is being watched by a classroom of students,A classroom is full of students,3.9000000953674316,1,3.900000095367432,3.5010571479797363,1,0,-0.3989429473876953,0.3989429473876953,0
The kid is sliding in the snow,The kid is still in the snow,4.199999809265137,0,4.199999809265137,4.497767925262451,0,1,0.29776811599731445,0.29776811599731445,0
A boy on a hill covered in snow is wearing a red jacket and a black hat and is sliding on his knees,A snow slide is full of kids,2.700000047683716,0,2.700000047683716,2.756770610809326,0,0,0.05677056312561035,0.05677056312561035,1
The kid is sliding in the snow,A boy on a red and black slide is wearing a jacket and a hat and has knees which are covered in snow,3.5999999046325684,0,3.5999999046325684,3.295579671859741,0,0,-0.30442023277282715,0.30442023277282715,1
A boy on a hill covered in snow is wearing a red jacket and a black hat and is sliding on his knees,The kid is sliding in the snow,3.5999999046325684,0,3.5999999046325684,4.042585849761963,0,1,0.44258594512939453,0.44258594512939453,0
A woman and a dog are standing near a tree stump,A woman and a dog are sitting on a tree stump,3.5,0,3.5,3.4268414974212646,0,0,-0.07315850257873535,0.07315850257873535,1
"A woman, who is old, is near a white dog","A woman, who is old, is far from a white dog",3.5999999046325684,0,3.5999999046325684,3.5080785751342773,0,2,-0.09192132949829102,0.09192132949829102,0
"A woman, who is old, is near a dog that has a white coat",A woman and a dog are sitting on a tree stump,2.799999952316284,0,2.799999952316284,2.6994240283966064,0,0,-0.10057592391967773,0.10057592391967773,1
"A woman, who is old, is near a white dog",A woman and a dog are peacefully sitting on a tree stump,3.684999942779541,0,3.684999942779541,2.6272313594818115,0,0,-1.0577685832977295,1.0577685832977295,1
"A woman, who is old, is near a white dog",A woman and a dog are standing near a tree stump,3.0,0,3.0,3.3385238647460938,0,0,0.33852386474609375,0.33852386474609375,1
A dog is excitedly playing with water in a field,A dog is excitedly playing with water in the grass,4.300000190734863,1,4.300000190734863,4.178232192993164,1,0,-0.12176799774169922,0.12176799774169922,0
A dog is excitedly playing with water in the grass,There is no dog excitedly playing with water in the grass,3.75,2,3.75,3.4897797107696533,2,2,-0.2602202892303467,0.2602202892303467,1
The dog is snapping at some droplets of water,A snap is depicting some water falling in droplets on the dog,2.299999952316284,0,2.299999952316284,3.4322121143341064,0,0,1.1322121620178223,1.1322121620178223,1
A dog is excitedly playing with water in the grass,The dog is biting some droplets of water,3.200000047683716,0,3.200000047683716,4.100847244262695,0,0,0.9008471965789795,0.9008471965789795,1
The dog isn't snapping at some droplets of water,A dog is excitedly playing with water in the grass,3.5,0,3.5,3.4170496463775635,0,0,-0.08295035362243652,0.08295035362243652,1
A dog is excitedly playing with water in a field,The dog is snapping at some droplets of water,3.6500000953674316,0,3.650000095367432,4.108854293823242,0,0,0.45885419845581055,0.45885419845581055,1
Two men are walking two dogs with golden coats in the snow,Two people are walking two dogs with golden coats in the snow,4.599999904632568,1,4.599999904632568,4.881869792938232,1,1,0.28186988830566406,0.28186988830566406,1
Two people are walking two dogs with golden coats in the snow,Two people are in the snow holding two dogs with golden coats,3.799999952316284,0,3.799999952316284,3.949733257293701,0,0,0.149733304977417,0.149733304977417,1
"Two people are in the snow not wearing clothes, which provides camouflage. ","Two people are in the snow, wearing clothes that provide camouflage",3.799999952316284,2,3.799999952316284,3.5427348613739014,2,2,-0.2572650909423828,0.2572650909423828,1
Nobody is in the snow wearing clothes that provide camouflage,Two people are walking two dogs with golden coats in the snow,2.5,0,2.5,2.6621549129486084,0,0,0.1621549129486084,0.1621549129486084,1
Two people are walking two dogs with golden coats in the snow,"Two people are in the snow not wearing clothes, which provides camouflage. ",2.0999999046325684,0,2.0999999046325684,3.378387451171875,0,0,1.2783875465393066,1.2783875465393066,1
"Two people are in the snow, wearing clothes that provide camouflage",Two people are in the snow holding two dogs with golden coats,2.5999999046325684,0,2.5999999046325684,3.256606340408325,0,0,0.6566064357757568,0.6566064357757568,1
"A girl from Asia, in front of a brick window, looks surprised","A girl from Asia, in front of a window made of bricks, looks surprised",4.900000095367432,1,4.900000095367432,5.20688533782959,1,1,0.3068852424621582,0.3068852424621582,1
"A girl from Asia, in front of a brick window, doesn't look surprised","A girl from Asia, in front of a brick window, looks surprised",3.200000047683716,2,3.200000047683716,3.635613441467285,2,2,0.43561339378356934,0.43561339378356934,1
A girl is looking on surprised from a front window in a house in Asia.,"A girl from Asia, in front of a brick window, looks surprised",4.599999904632568,1,4.599999904632568,4.340291976928711,1,0,-0.2597079277038574,0.2597079277038574,0
A girl is wearing a t-shirt and has her mouth open.,A girl has a t-shirt and is keeping her mouth open,4.599999904632568,1,4.599999904632568,4.982205390930176,1,1,0.3822054862976074,0.3822054862976074,1
There is no girl wearing a t-shirt and keeping her mouth open,A girl is wearing a t-shirt and has her mouth open.,3.9000000953674316,2,3.900000095367432,3.541760206222534,2,2,-0.35823988914489746,0.35823988914489746,1
A girl has a t-shirt and is keeping her mouth open,"A girl from Asia, in front of a brick window, looks surprised",2.5999999046325684,0,2.5999999046325684,2.215794324874878,0,0,-0.38420557975769043,0.38420557975769043,1
A girl is looking on surprised from a front window in a house in Asia.,A girl is wearing a t-shirt and has her mouth open.,2.4000000953674316,0,2.400000095367432,2.682128667831421,0,0,0.28212857246398926,0.28212857246398926,1
A girl is wearing a t-shirt and has her mouth open.,"A girl from Asia, in front of a brick window, looks surprised",3.0,0,3.0,2.213068008422852,0,0,-0.786931991577148,0.786931991577148,1
A group of people is equipped with protective gear,A group of people is equipped with unprotective gear,3.5,0,3.5,3.677905797958374,0,2,0.17790579795837402,0.17790579795837402,0
A person in biking gear is standing steadily in front of some mountains ,A person in the gear used for biking is standing steadily in front of the mountains,4.800000190734863,1,4.800000190734863,4.994930267333984,1,1,0.1949300765991211,0.1949300765991211,1
A person in biking gear is standing steadily in front of some mountains ,There is no person in bike gear standing steadily in front of the mountains,3.5999999046325684,2,3.5999999046325684,3.5106241703033447,2,2,-0.08937573432922363,0.08937573432922363,1
A group of people is equipped with protective gear,A person in the gear used for biking is standing steadily in front of the mountains,2.4000000953674316,0,2.400000095367432,2.702486753463745,0,0,0.3024866580963135,0.3024866580963135,1
The mountain gear is steadily placed in front of the standing biker,A group of people is equipped with protective gear,2.700000047683716,0,2.700000047683716,3.329983711242676,0,0,0.62998366355896,0.62998366355896,1
A group of people is equipped with protective gear,A person in biking gear is standing steadily in front of some mountains ,2.700000047683716,0,2.700000047683716,2.009816169738769,0,0,-0.6901838779449467,0.6901838779449467,1
The football is between the feet of a boy who is lying on the grass,The football isn't between the feet of a boy who is lying in the grass,3.0999999046325684,2,3.0999999046325684,3.888566732406616,2,2,0.7885668277740479,0.7885668277740479,1
The boy on the grass is lying and is hiding the football between his feet,The football is between the feet of a boy who is lying on the grass,4.400000095367432,1,4.400000095367432,4.203993797302246,1,0,-0.19600629806518555,0.19600629806518555,0
The little kid is playing football and falling into the grass,A football player is falling into the grass to dodge a little kid,3.700000047683716,0,3.700000047683716,3.3929638862609863,0,0,-0.3070361614227295,0.3070361614227295,1
The football is between the feet of a boy who is lying on the grass,The little kid is playing football and falling harmlessly into the grass,3.4000000953674316,0,3.400000095367432,3.564615488052368,0,0,0.16461539268493652,0.16461539268493652,1
There is no little kid playing football and falling into the grass,The football is between the feet of a boy who is lying on the grass,3.0,0,3.0,3.2176334857940674,0,0,0.21763348579406738,0.21763348579406738,1
The football is between the feet of a boy who is lying on the grass,A football player is falling into the grass to dodge a little kid,2.9000000953674316,0,2.900000095367432,3.342978000640869,0,0,0.4429779052734375,0.4429779052734375,1
The little kid is playing football and falling into the grass,The football isn't between the feet of a boy who is lying in the grass,3.799999952316284,0,3.799999952316284,3.1368191242218018,0,0,-0.6631808280944824,0.6631808280944824,1
The boy on the grass is lying and is hiding the football between his feet,The little kid is playing football and falling into the grass,3.4000000953674316,0,3.400000095367432,3.3366000652313232,0,0,-0.0634000301361084,0.0634000301361084,1
"A man with climbing equipment is hanging from a rock, which is vertical and white","A man with equipment used for climbing is hanging from a white, vertical rock.",4.800000190734863,1,4.800000190734863,5.137856960296631,1,1,0.3378567695617676,0.3378567695617676,1
"The climbing equipment to rescue a man is hanging from a white, vertical rock","A man with equipment used for climbing is hanging from a white, vertical rock.",3.200000047683716,0,3.200000047683716,4.576303005218506,0,1,1.37630295753479,1.37630295753479,0
A woman with pigtails is climbing a rock wall,A woman with a ponytail is climbing a wall of rock,4.199999809265137,0,4.199999809265137,4.982480525970459,0,1,0.7824807167053223,0.7824807167053223,0
"A man with equipment used for climbing is hanging from a white, vertical rock.",A woman with a ponytail is climbing down a wall of rock,2.700000047683716,0,2.700000047683716,2.343525648117065,0,0,-0.35647439956665083,0.35647439956665083,1
A woman with a ponytail is climbing a wall of rock,"A man with climbing equipment is hanging from a rock, which is vertical and white",3.0999999046325684,0,3.0999999046325684,2.5106122493743896,0,0,-0.5893876552581787,0.5893876552581787,1
"A man with equipment used for climbing is under a vertical, white rock",A woman with a ponytail is climbing a wall of rock,2.700000047683716,0,2.700000047683716,2.121452808380127,0,0,-0.5785472393035889,0.5785472393035889,1
A black and a white dog are joyfully running on the grass,"A dog, which has a black coat, and a white dog are running on the grass",4.400000095367432,1,4.400000095367432,4.608332633972168,1,1,0.20833253860473633,0.20833253860473633,1
There is no dog joyfully running on the grass,A black and a white dog are joyfully running on the grass,3.200000047683716,2,3.200000047683716,3.451622724533081,2,2,0.25162267684936523,0.25162267684936523,1
One white dog and one black one are cheerfully running side by side on the grass,One white dog and one black one are running side by side on the grass,4.699999809265137,1,4.699999809265137,4.883008003234863,1,1,0.18300819396972656,0.18300819396972656,1
One white dog and one black one are running side by side on the grass,There is no dog joyfully running on the grass,3.200000047683716,0,3.200000047683716,3.4571356773376465,0,0,0.25713562965393066,0.25713562965393066,1
A black and a white dog are joyfully running on the grass,One white dog and one black one are running side by side on the grass,4.099999904632568,0,4.099999904632568,4.244339942932129,0,0,0.14434003829956055,0.14434003829956055,1
A lot of people are in an ice skating park,There aren't many people in the ice skating park,3.5,2,3.5,3.467958927154541,2,2,-0.032041072845458984,0.032041072845458984,1
A lot of people are in an ice skating park,An ice skating rink placed outdoors is empty,3.5999999046325684,0,3.5999999046325684,3.340598821640014,0,2,-0.25940108299255416,0.25940108299255416,0
Many people are skating in an ice park,An ice skating rink placed outdoors is full of people,4.5,1,4.5,4.351471424102783,1,1,-0.1485285758972168,0.1485285758972168,1
"A girl in a uniform, which is blue, is quickly raising her arm","A girl in a uniform, which is blue, is raising her arm.",4.5,1,4.5,5.105226039886475,1,1,0.6052260398864746,0.6052260398864746,1
"A girl in a uniform, which is blue, is raising her arm.",The girl in the blue and white uniform isn't cheering,2.700000047683716,0,2.700000047683716,3.495086908340454,0,0,0.7950868606567383,0.7950868606567383,1
"A girl in a uniform, which is blue, is raising her arm.",The girl is cheering the man in the blue and white uniform,3.299999952316284,0,3.299999952316284,2.9135844707489014,0,0,-0.3864154815673828,0.3864154815673828,1
"A girl in a uniform, which is blue, is quickly raising her arm",The girl in the blue and white uniform is cheering,3.799999952316284,0,3.799999952316284,3.854581117630005,0,0,0.0545811653137207,0.0545811653137207,1
A bunch of guys is on the shore,A bunch of people is on the shore,4.300000190734863,1,4.300000190734863,4.986136436462402,1,1,0.6861362457275391,0.6861362457275391,1
There is no one on the shore,A bunch of people is on the shore,3.5999999046325684,2,3.5999999046325684,3.516071081161499,2,2,-0.08392882347106934,0.08392882347106934,1
People are on a beach full of sand by the ocean and are enjoying a day full of sun,A bunch of people is on the shore,3.799999952316284,1,3.799999952316284,4.319789886474609,1,1,0.5197899341583252,0.5197899341583252,1
A bunch of guys is on the shore,People are on a beach full of sand by the ocean and are enjoying a sunny day,3.200000047683716,0,3.200000047683716,3.65676474571228,0,0,0.456764698028564,0.456764698028564,1
People are on a beach full of sand by the ocean and are enjoying a sunny day,There is no one on the shore,3.700000047683716,2,3.700000047683716,3.404778242111206,2,2,-0.29522180557250977,0.29522180557250977,1
A man in a blue jumpsuit is failing to perform a wheelie on a motorcycle,A man in a blue jumpsuit is courageously performing a wheelie on a motorcycle,4.0,2,4.0,3.65374493598938,2,2,-0.3462550640106201,0.3462550640106201,1
A courageous performer is doing a wheelie with a motorcycle over a man in a blue jumpsuit,A man in a blue jumpsuit is courageously performing a wheelie on a motorcycle,3.5999999046325684,0,3.5999999046325684,4.9398722648620605,0,1,1.3398723602294922,1.3398723602294922,0
The man is getting off a motorcycle onto ground which is mostly barren,The man is doing a wheelie with a motorcycle on ground which is mostly barren,3.5999999046325684,0,3.5999999046325684,3.855032444000244,0,0,0.2550325393676758,0.2550325393676758,1
The man is doing a wheelie with a motorbike in a field which is mostly barren,A man in a blue jumpsuit is courageously performing a wheelie on a motorcycle,3.5999999046325684,0,3.5999999046325684,3.830124139785767,0,0,0.2301242351531987,0.2301242351531987,1
"The man is on ground which is mostly barren, filming a wheelie done with a motorcycle.",A man in a blue jumpsuit is courageously performing a wheelie on a motorcycle,2.5999999046325684,0,2.5999999046325684,3.1640195846557617,0,0,0.5640196800231934,0.5640196800231934,1
The man is doing a wheelie with a motorcycle on ground which is mostly barren,A man in a blue jumpsuit is courageously performing a wheelie on a motorcycle,3.700000047683716,0,3.700000047683716,3.937597751617432,0,0,0.23759770393371626,0.23759770393371626,1
A woman is being kissed by a man,A lady is being kissed by a man,4.900000095367432,1,4.900000095367432,5.175658702850342,1,1,0.27565860748291016,0.27565860748291016,1
Two people are passionately kissing near a crowd,Two people are kissing near a crowd,4.400000095367432,1,4.400000095367432,4.944351196289063,1,1,0.5443511009216317,0.5443511009216317,1
A nearby throng of people are kissing two by two,Two people are kissing near a crowd,3.799999952316284,0,3.799999952316284,4.543664932250977,0,1,0.7436649799346924,0.7436649799346924,0
Two people are arguing near a crowd,A woman is being kissed by a man,1.100000023841858,0,1.100000023841858,1.3111944198608398,0,0,0.21119439601898193,0.21119439601898193,1
A nearby throng of people are kissing two by two,A woman is being kissed by a man,3.1500000953674316,0,3.150000095367432,3.930119276046753,0,0,0.7801191806793213,0.7801191806793213,1
There is no woman being kissed by a man,Two people are kissing near a crowd,3.0999999046325684,0,3.0999999046325684,3.167609214782715,0,0,0.06760931015014648,0.06760931015014648,1
"The young woman in a dyed red shirt, is blowing a bubble that is huge",The girl in the red shirt is blowing a bubble ,4.400000095367432,1,4.400000095367432,4.795886516571045,1,1,0.3958864212036133,0.3958864212036133,1
The girl in the red shirt is blowing a bubble ,The girl in a dyed red shirt isn't blowing a bubble,2.4000000953674316,2,2.400000095367432,3.4891903400421143,2,2,1.0891902446746826,1.0891902446746826,1
"A bubble blew, dyeing the girl's shirt red.",The girl in the red shirt is blowing a bubble ,2.9649999141693115,0,2.9649999141693115,3.6901333332061768,0,0,0.7251334190368652,0.7251334190368652,1
The young girl is blowing a bubble that is huge,"The girl, who is young, is blowing a bubble that is huge",4.900000095367432,1,4.900000095367432,5.182344436645508,1,1,0.28234434127807617,0.28234434127807617,1
"The girl, who is young, is blowing a bubble that is huge",The girl in the red shirt is blowing a bubble ,4.0,0,4.0,3.5228559970855717,0,0,-0.47714400291442827,0.47714400291442827,1
The young girl is blowing a bubble that is very small,The girl in the red shirt is blowing a bubble ,3.799999952316284,0,3.799999952316284,3.250112771987915,0,0,-0.5498871803283691,0.5498871803283691,1
"The young woman in a dyed red shirt, is blowing a bubble that is huge",The young girl is blowing a bubble that is huge,3.799999952316284,1,3.799999952316284,4.709159851074219,1,1,0.9091598987579346,0.9091598987579346,1
A young child is wearing boots made of green rubber and playing in a puddle full of mud,A young child is wearing green boots and playing in a puddle full of mud,4.599999904632568,1,4.599999904632568,4.935194969177246,1,1,0.33519506454467773,0.33519506454467773,1
A little boy is jumping into a puddle in the street,A little boy is jumping into a puddle on the street,4.900000095367432,1,4.900000095367432,5.153605937957764,1,1,0.25360584259033203,0.25360584259033203,1
A little boy is jumping into a puddle on the street,A little boy is getting out of a puddle in the street,4.0,0,4.0,3.750509738922119,0,0,-0.24949026107788086,0.24949026107788086,1
A little boy is jumping into a puddle on the street,A little boy's jumper is in a puddle in the street,3.4000000953674316,0,3.400000095367432,4.018945693969727,0,0,0.6189455986022949,0.6189455986022949,1
A young child is wearing green boots and playing in a puddle full of mud,A little boy is getting out of a puddle in the street,3.200000047683716,0,3.200000047683716,3.418119192123413,0,0,0.21811914443969727,0.21811914443969727,1
A little boy's jumper is in a puddle in the street,A young child is wearing green boots and playing in a puddle full of mud,2.5999999046325684,0,2.5999999046325684,2.7917673587799072,0,0,0.19176745414733887,0.19176745414733887,1
A young child is wearing green boots and playing in a puddle full of mud,A little boy is jumping into a puddle on the street,3.799999952316284,0,3.799999952316284,3.542327880859375,0,0,-0.2576720714569092,0.2576720714569092,1
Two young kids are eating corndogs,Two young kids are fasting,2.799999952316284,2,2.799999952316284,3.911153078079224,2,0,1.11115312576294,1.11115312576294,0
Two young kids are playing with a man eating corndogs,Two young kids are eating corndogs,3.9000000953674316,0,3.900000095367432,4.449419498443604,0,1,0.5494194030761728,0.5494194030761728,0
Two young kids are fasting,"Two toddlers are eating corndogs in a wagon, which is really small",3.0,0,3.0,2.4980251789093018,0,0,-0.5019748210906982,0.5019748210906982,1
Two young kids are playing with a man eating corndogs,"Two toddlers are eating corndogs in a wagon, which is really small",3.299999952316284,0,3.299999952316284,3.324134588241577,0,0,0.02413463592529297,0.02413463592529297,1
Two toddlers are eating on a really small wagon full of corndogs ,Two young kids are eating corndogs,3.0,0,3.0,4.535192966461182,0,1,1.5351929664611816,1.5351929664611816,0
A man doing a pose is being watched by another man,There is no man in a pose being watched by another man,3.700000047683716,2,3.700000047683716,3.513756275177002,2,2,-0.18624377250671387,0.18624377250671387,1
A man is posing to be watched by another man,A man doing a pose is being watched by another man,4.800000190734863,1,4.800000190734863,4.978907108306885,1,1,0.17890691757202148,0.17890691757202148,1
A man in a shirt dyed purple is looking at a man in a black shirt who is doing a funny face,A man in a pose is being amusedly watched by another man,3.5,1,3.5,4.221574783325195,1,1,0.7215747833251953,0.7215747833251953,1
A man is posing to be watched by another man,A man in a shirt dyed purple is looking at a man in a black shirt who is doing a funny face,3.5,0,3.5,3.538015604019165,0,0,0.03801560401916504,0.03801560401916504,1
A man in a shirt dyed purple is looking at a man in a black shirt who is doing a face which looks funny,A man doing a pose is being watched by another man,3.9000000953674316,1,3.900000095367432,4.232916831970215,1,1,0.3329167366027832,0.3329167366027832,1
A man doing a pose is being watched by another man,"A man in a purple shirt is dying another shirt black, which has a man looking at a dog doing a funny face painted on it.",1.899999976158142,0,1.899999976158142,2.666932821273804,0,0,0.7669328451156621,0.7669328451156621,1
A man in a shirt dyed purple is looking at a man in a black shirt who is doing a funny face,A man doing a pose is being watched by another man,3.765000104904175,1,3.765000104904175,4.196003437042236,1,0,0.4310033321380615,0.4310033321380615,0
There is no horse tossing the cowboy in red and blue pants,A horse is tossing the cowboy wearing pants of blue and red color,4.0,2,4.0,3.558452844619751,2,2,-0.441547155380249,0.441547155380249,1
A man is abruptly falling off a horse on a track laid in the wild,A man is falling off a horse on a track and is laid in the wild,4.5,1,4.5,4.934983730316162,1,1,0.4349837303161621,0.4349837303161621,1
A man is falling off a horse on a track and is laid in the wild,A man is getting on a horse on a track laid in the wild,3.799999952316284,1,3.799999952316284,3.761419534683228,1,0,-0.0385804176330562,0.0385804176330562,0
A horse is tossing the cowboy wearing pants of blue and red color,A man is laying a cover over a wild horse that is falling on the track,2.200000047683716,0,2.200000047683716,2.5195584297180176,0,0,0.31955838203430176,0.31955838203430176,1
The cowboy in blue and red pants is being tossed by a horse,A man is falling off a horse on a track and is laid in the wild,3.0999999046325684,0,3.0999999046325684,2.848691463470459,0,0,-0.2513084411621094,0.2513084411621094,1
There is no horse tossing the cowboy in red and blue pants,A man is falling off a horse on a track and is laid in the wild,2.5999999046325684,0,2.5999999046325684,2.165067434310913,0,0,-0.4349324703216553,0.4349324703216553,1
An adult is in the amphitheater and is talking seriously to a boy,An adult is in the amphitheater and is talking to a boy,4.599999904632568,1,4.599999904632568,5.0412187576293945,1,1,0.44121885299682617,0.44121885299682617,1
"The man and the boy are standing at the bottom of the stairs, which are outdoors","The man and the boy are standing at the top of the stairs, which are outdoors",4.099999904632568,2,4.099999904632568,5.097290515899658,2,1,0.9972906112670898,0.9972906112670898,0
An adult is in the amphitheater and is talking to a boy,"A man and a boy are standing at the bottom of some stairs, which are outdoors",2.4000000953674316,0,2.400000095367432,2.343219041824341,0,0,-0.05678105354309082,0.05678105354309082,1
An adult is in the amphitheater and is talking to a boy,"The man and the boy are standing at the top of the stairs, which are outdoors",3.0,0,3.0,2.5587332248687744,0,0,-0.4412667751312256,0.4412667751312256,1
"The man and the boy are standing at the bottom of the stairs, which are outdoors",An adult is in the amphitheater and is talking seriously to a boy,3.0,0,3.0,2.028709173202514,0,0,-0.9712908267974858,0.9712908267974858,1
A talk about an adult and a boy is given in the amphitheater,"The man and the boy are standing at the bottom of the stairs, which are outdoors",1.5,0,1.5,2.7022018432617188,0,0,1.2022018432617188,1.2022018432617188,1
A boy in a red shirt is in front of a long blue wall and is suspiciously raising an eyebrow at the camera,"A boy in a red shirt is in front a wall, which is long and blue, and is suspiciously raising an eyebrow at the camera",4.699999809265137,1,4.699999809265137,5.1694746017456055,1,1,0.46947479248046875,0.46947479248046875,1
"A boy is standing in front of the building painted blue, in the space reserved for handicapped people",A boy is standing in front of the blue building in the space reserved for handicapped people,4.800000190734863,1,4.800000190734863,5.052276134490967,1,1,0.2522759437561035,0.2522759437561035,1
"A boy is standing in front of the building painted blue, in the space reserved for handicapped people",A boy in a red shirt is in front of a long blue wall and is suspiciously raising an eyebrow at the camera,3.0999999046325684,0,3.0999999046325684,2.6237542629241943,0,0,-0.476245641708374,0.476245641708374,1
"A boy in a red shirt is in front a wall, which is long and blue, and is suspiciously raising an eyebrow at the camera",A boy is standing in front of the blue building in the space reserved for handicapped people,2.299999952316284,0,2.299999952316284,2.471241950988769,0,0,0.1712419986724849,0.1712419986724849,1
"A boy in a red shirt is behind a long blue wall and is lowering an eyebrow, facing the camera",A boy is standing in front of the blue building in the space reserved for handicapped people,2.200000047683716,0,2.200000047683716,2.3626744747161865,0,0,0.1626744270324707,0.1626744270324707,1
A few horses are racing furiously over the green grass and jumping the obstacle,Some horses are racing furiously over the green grass and jumping an obstacle,4.699999809265137,1,4.699999809265137,5.055144309997559,1,1,0.3551445007324219,0.3551445007324219,1
Some horses are racing furiously over the green grass and jumping an obstacle,Some horses are resting on the green grass,3.200000047683716,0,3.200000047683716,3.307901382446289,0,0,0.10790133476257324,0.10790133476257324,1
Some furious racers on the green grass are yelling at the horses jumping an obstacle,Some horses are racing furiously over the green grass and jumping an obstacle,3.4000000953674316,0,3.400000095367432,4.105446815490723,0,0,0.705446720123291,0.705446720123291,1
"The Jockeys are racing horses on the field, which is completely green",A few horses are racing furiously over the green grass and jumping the obstacle,3.5,0,3.5,3.9098010063171382,0,0,0.40980100631713823,0.40980100631713823,1
Some horses are resting on the green grass,"The Jockeys are racing horses on the field, which is completely green",2.9000000953674316,0,2.900000095367432,2.938220977783203,0,0,0.038220882415771484,0.038220882415771484,1
"The Jockeys are riding horses on the field, which is completely green",Some horses are racing furiously over the green grass and jumping an obstacle,3.299999952316284,0,3.299999952316284,3.7562930583953857,0,0,0.45629310607910156,0.45629310607910156,1
Some horses are racing furiously over the green grass and jumping an obstacle,"The Jockeys are racing horses on the field, which is completely green",3.5999999046325684,0,3.5999999046325684,3.699038028717041,0,0,0.09903812408447266,0.09903812408447266,1
A woman is wearing sunglasses of large size and is holding newspapers in both hands,A newspaper is featuring a woman with large sized hands holding sunglasses and wearing a coat,2.5999999046325684,0,2.5999999046325684,3.830137729644776,0,0,1.2301378250122075,1.2301378250122075,1
An old woman is wearing a rose patterned shirt and is clumsily carrying two newspapers,An old woman is wearing a shirt with a rose pattern upon it and is clumsily carrying two newspapers,4.800000190734863,1,4.800000190734863,5.159588813781738,1,1,0.359588623046875,0.359588623046875,1
An old woman is shirtless and is clumsily dropping two newspapers,An old woman is wearing a rose patterned shirt and is clumsily carrying two newspapers,3.4000000953674316,2,3.400000095367432,3.734458923339844,2,0,0.33445882797241255,0.33445882797241255,0
An old woman is shirtless and is clumsily dropping two newspapers,A woman is wearing sunglasses of large size and is holding newspapers in both hands,2.4000000953674316,0,2.400000095367432,2.7103989124298096,0,0,0.31039881706237793,0.31039881706237793,1
An old woman is wearing a rose patterned shirt and is clumsily carrying two newspapers,A newspaper is featuring a woman with large sized hands holding sunglasses and wearing a coat,2.0,0,2.0,2.9641847610473637,0,0,0.9641847610473637,0.9641847610473637,1
One person who is practicing snowboarding jumps into the air,A person who is practicing snowboarding jumps into the air,5.0,1,5.0,5.136343955993652,1,1,0.13634395599365234,0.13634395599365234,1
A practicing jumper is tossing a person's snowboard into the air,A person who is practicing snowboarding jumps into the air,3.5,0,3.5,4.4923295974731445,0,1,0.9923295974731445,0.9923295974731445,0
The snowboarder is leaping fearlessly over white snow,The snowboarder is leaping over white snow,4.5,1,4.5,4.888934135437012,1,1,0.3889341354370117,0.3889341354370117,1
The snowboarder isn't leaping over white snow,The snowboarder is leaping over white snow,3.5999999046325684,2,3.5999999046325684,3.520792245864868,2,2,-0.0792076587677002,0.0792076587677002,1
A person who is practicing snowboarding jumps into the air,A leap over white snow is greatly appealing to the snowboarders,2.9000000953674316,0,2.900000095367432,3.3554840087890625,0,0,0.45548391342163086,0.45548391342163086,1
The snowboarder is leaping over white snow,One person who is practicing snowboarding jumps into the air,4.0,1,4.0,4.6852569580078125,1,1,0.6852569580078125,0.6852569580078125,1
A person who is practicing snowboarding falls from the air,The snowboarder is leaping over white snow,3.4000000953674316,0,3.400000095367432,3.501692056655884,0,0,0.10169196128845215,0.10169196128845215,1
A dog is near the red ball in the air,"A dog, which is small, is playing tirelessly on the green grass",2.9000000953674316,0,2.900000095367432,2.25469183921814,0,0,-0.6453082561492915,0.6453082561492915,1
A dog is jumping in the air to catch a red ball,"A dog, which is small, is playing on the green grass",2.9000000953674316,0,2.900000095367432,2.8046228885650635,0,0,-0.09537720680236816,0.09537720680236816,1
The person is riding a motorbike on a sandy track,The person is riding a motorbike on a track on the sand,4.900000095367432,1,4.900000095367432,5.041695594787598,1,1,0.14169549942016602,0.14169549942016602,1
The person isn't riding a motorbike on a sandy track,The person is riding a motorbike on a sandy track,3.5,2,3.5,3.573283195495605,2,2,0.07328319549560502,0.07328319549560502,1
A motorbike rider is jumping over a person on a sandy track,The person is riding a motorbike on a sandy track,3.700000047683716,0,3.700000047683716,4.092623710632324,0,0,0.3926236629486084,0.3926236629486084,1
A person is riding a motorbike in the event related to motocross,There is no person riding a motorbike in the event related to motocross,3.5999999046325684,2,3.5999999046325684,3.5483243465423584,2,2,-0.05167555809020996,0.05167555809020996,1
A person is riding a motorbike in the event related to motocross,A motocross rider is giving a motorbike to a person at an event,3.5,0,3.5,3.646329164505005,0,0,0.14632916450500488,0.14632916450500488,1
The person is riding a motorbike on a sandy track,A motocross rider is giving a motorbike to a person at an event,2.5999999046325684,0,2.5999999046325684,3.4171292781829834,0,0,0.817129373550415,0.817129373550415,1
The person is riding a motorbike on a track on the sand,A person is riding a motorbike in the event related to motocross,3.4000000953674316,0,3.400000095367432,3.7433886528015137,0,0,0.34338855743408203,0.34338855743408203,1
The person is riding a motorbike on a sandy track,A person is riding a motorbike in the event related to motocross,3.799999952316284,0,3.799999952316284,3.569927453994751,0,0,-0.2300724983215332,0.2300724983215332,1
A pink shirt with white writing on it is being worn by a girl who is lying in the grass,A girl is wearing a pink shirt with white writing on it and is lying in the grass,4.5,1,4.5,5.160909652709961,1,1,0.6609096527099609,0.6609096527099609,1
A girl is wearing a pink shirt with white writing on it and is lying in the grass,A girl is naked and is standing on the grass,2.799999952316284,0,2.799999952316284,3.074045896530152,0,0,0.27404594421386763,0.27404594421386763,1
The young girl with a shirt dyed pink is peacefully lying on the grass,The young girl with a pink shirt is peacefully lying on the grass,4.900000095367432,1,4.900000095367432,5.142319679260254,1,1,0.24231958389282227,0.24231958389282227,1
The young peaceful girl is lying about the grass found in the pink shirt,The young girl with a pink shirt is peacefully lying on the grass,4.5,1,4.5,3.6447832584381104,1,0,-0.8552167415618896,0.8552167415618896,0
A girl is wearing a pink shirt with white writing on it and is lying in the grass,The young girl with a pink shirt isn't peacefully lying on the grass,3.700000047683716,0,3.700000047683716,3.6166486740112314,0,0,-0.08335137367248446,0.08335137367248446,1
The young peaceful girl is lying about the grass found in the pink shirt,A girl is wearing a pink shirt with white writing on it and is lying in the grass,3.5999999046325684,0,3.5999999046325684,3.3366024494171143,0,0,-0.2633974552154541,0.2633974552154541,1
The young girl with a pink shirt is peacefully lying on the grass,A pink shirt with white writing on it is being worn by a girl who is lying in the grass,4.199999809265137,0,4.199999809265137,4.131938934326172,0,0,-0.06806087493896484,0.06806087493896484,1
The young girl with a pink shirt is peacefully lying on the grass,A girl is wearing a pink shirt with white writing on it and is lying in the grass,4.099999904632568,0,4.099999904632568,4.083704948425293,0,0,-0.01629495620727539,0.01629495620727539,1
"A dog, which is large and gray, is difficultly carrying a ball in its mouth and running across the grass","A dog, which is large and gray, is carrying a ball in its mouth and running across the grass",4.400000095367432,1,4.400000095367432,4.959784507751465,1,1,0.5597844123840332,0.5597844123840332,1
"A dog, which is large and gray, is dropping a ball from its mouth and stopping in the grass","A dog, which is large and gray, is carrying a ball in its mouth and running across the grass",2.5999999046325684,0,2.5999999046325684,3.9861109256744394,0,0,1.386111021041871,1.386111021041871,1
A large dog is running on the grass with a tennis ball in its mouth,"A dog, which is large and gray, is dropping a ball from its mouth and stopping in the grass",3.5,0,3.5,3.817762613296509,0,0,0.3177626132965088,0.3177626132965088,1
A woman is riding a brown horse,A woman is riding a horse,4.400000095367432,1,4.400000095367432,4.690380096435547,1,1,0.29038000106811523,0.29038000106811523,1
A man is opening a package that contains headphones,A woman is riding a brown horse,1.0,0,1.0,0.9970306158065796,0,0,-0.00296938419342041,0.00296938419342041,1
There is no woman riding a horse,A man is opening a package that contains headphones,1.0,0,1.0,1.103543758392334,0,0,0.10354375839233398,0.10354375839233398,1
A woman is riding a horse,A man is opening a package that doesn't contain headphones,1.100000023841858,0,1.100000023841858,1.0957307815551758,0,0,-0.004269242286682129,0.004269242286682129,1
A man is opening a small package that contains headphones,A man is opening a package that contains headphones,4.300000190734863,1,4.300000190734863,5.175328254699707,1,1,0.8753280639648438,0.8753280639648438,1
A man is opening a package that contains headphones,A man is opening a package that doesn't contain headphones,3.4000000953674316,2,3.400000095367432,3.492952823638916,2,2,0.09295272827148438,0.09295272827148438,1
There is no man singing and playing the guitar,A man is singing and playing the guitar,2.5999999046325684,2,2.5999999046325684,3.56330943107605,2,2,0.9633095264434814,0.9633095264434814,1
A man is opening a small package that contains headphones,A man is singing and playing the guitar,1.5,0,1.5,1.4749643802642822,0,0,-0.025035619735717773,0.025035619735717773,1
A man is opening a package that doesn't contain headphones,A man is singing and playing the guitar,1.100000023841858,0,1.100000023841858,1.7838404178619385,0,0,0.6838403940200806,0.6838403940200806,1
A man is singing and playing the guitar,A man is opening a package that contains headphones,1.5,0,1.5,1.6527137756347656,0,0,0.15271377563476562,0.15271377563476562,1
A dog is riding a skateboard,An animal is riding a skateboard,4.5,1,4.5,4.952563762664795,1,1,0.4525637626647949,0.4525637626647949,1
A dog is riding a skateboard in a park,A dog is riding a skateboard,4.0,1,4.0,4.76795768737793,1,1,0.7679576873779297,0.7679576873779297,1
There is no dog riding a skateboard,A dog is riding a skateboard,4.099999904632568,2,4.099999904632568,3.5691769123077397,2,2,-0.5308229923248287,0.5308229923248287,1
A sea turtle is hunting for fish,A sea turtle is hunting for food,4.5,1,4.5,4.9250078201293945,1,1,0.42500782012939453,0.42500782012939453,1
A sea turtle is not hunting for fish,A sea turtle is hunting for fish,3.4000000953674316,2,3.400000095367432,3.477107048034668,2,2,0.07710695266723633,0.07710695266723633,1
The turtle is following the fish,The turtle isn't following the fish,4.0,2,4.0,3.40059494972229,2,2,-0.59940505027771,0.59940505027771,1
The turtle is following the fish,The fish is following the turtle,3.799999952316284,2,3.799999952316284,4.85264253616333,2,1,1.052642583847046,1.052642583847046,0
A sea turtle is hunting for fish,The turtle is following the red fish,4.0,0,4.0,3.686521291732788,0,0,-0.3134787082672119,0.3134787082672119,1
The fish is following the turtle,A sea turtle is hunting for fish,3.200000047683716,0,3.200000047683716,3.5650203227996826,0,0,0.3650202751159668,0.3650202751159668,1
The turtle is following the fish,A sea turtle is not hunting for fish,3.4000000953674316,0,3.400000095367432,3.745046138763428,0,0,0.34504604339599654,0.34504604339599654,1
A sea turtle is hunting for fish,The turtle is following the fish,3.799999952316284,0,3.799999952316284,4.152215957641602,0,0,0.3522160053253174,0.3522160053253174,1
A man is driving a car,The car is being driven by a man,5.0,1,5.0,5.12471866607666,1,1,0.12471866607666016,0.12471866607666016,1
There is no man driving the car,A man is driving a car,3.5999999046325684,2,3.5999999046325684,3.5598669052124023,2,2,-0.040132999420166016,0.040132999420166016,1
A woman is dipping a prawn in batter,A woman is dipping a shrimp in batter,4.400000095367432,1,4.400000095367432,5.2857770919799805,1,1,0.8857769966125488,0.8857769966125488,1
There is no woman dipping a shrimp in batter,A woman is dipping a shrimp in batter,4.099999904632568,2,4.099999904632568,3.571906328201294,2,2,-0.5280935764312744,0.5280935764312744,1
A woman is dipping a prawn in batter,A man is driving a car,1.0,0,1.0,0.965761423110962,0,0,-0.034238576889037975,0.034238576889037975,1
A man is driving a car,There is no woman dipping a shrimp in batter,1.0,0,1.0,0.9865779876708984,0,0,-0.013422012329101562,0.013422012329101562,1
A woman is dipping a shrimp in batter,There is no man driving the car,1.0,0,1.0,1.0248866081237793,0,0,0.024886608123779297,0.024886608123779297,1
A man is playing a guitar under a windows,A man is playing a guitar,4.5,1,4.5,4.535548686981201,1,1,0.03554868698120117,0.03554868698120117,1
A man is playing a piano at a concert,A man is playing a piano,4.5,1,4.5,4.7361674308776855,1,1,0.23616743087768555,0.23616743087768555,1
A man is playing a piano,There is no man playing a piano,3.9000000953674316,2,3.900000095367432,3.451859951019287,2,2,-0.44814014434814453,0.44814014434814453,1
A man is playing a piano at a concert,A man is playing a guitar,2.799999952316284,0,2.799999952316284,3.02834415435791,0,0,0.22834420204162598,0.22834420204162598,1
A man is playing a piano,A man is playing a guitar,2.700000047683716,0,2.700000047683716,3.095024347305298,0,0,0.39502429962158203,0.39502429962158203,1
A woman is removing ingredients from a bowl,A woman is adding ingredients to a bowl,3.299999952316284,2,3.299999952316284,3.803379774093628,2,0,0.5033798217773438,0.5033798217773438,0
A woman is cracking some eggs into a bowl,A woman is cracking some eggs into a container,4.599999904632568,1,4.599999904632568,4.938429355621338,1,1,0.33842945098876953,0.33842945098876953,1
A woman is cracking some eggs into a bowl,A woman is cracking some eggs outside a bowl,3.5999999046325684,0,3.5999999046325684,3.728851318359375,0,0,0.12885141372680664,0.12885141372680664,1
A woman is adding ingredients to a big bowl,A woman is cracking some eggs into a bowl,4.300000190734863,0,4.300000190734863,3.609657049179077,0,0,-0.6903431415557861,0.6903431415557861,1
A woman is cracking some eggs into a bowl,A woman is removing ingredients from a bowl,3.5,0,3.5,3.419977903366089,0,0,-0.08002209663391113,0.08002209663391113,1
A woman is slicing a carrot,A carrot is being sliced by a woman,5.0,1,5.0,5.206219673156738,1,1,0.20621967315673828,0.20621967315673828,1
A potato is being sliced by a woman,A woman is slicing a potato,5.0,1,5.0,5.303769111633301,1,1,0.3037691116333008,0.3037691116333008,1
A woman is slicing a carrot,There is no woman slicing a potato,3.200000047683716,0,3.200000047683716,2.835099458694458,0,0,-0.3649005889892578,0.3649005889892578,1
A woman is slicing a potato,A carrot is being sliced by a woman,3.0999999046325684,0,3.0999999046325684,3.214924097061157,0,0,0.11492419242858842,0.11492419242858842,1
A woman is slicing a potato,There is no woman slicing a carrot,3.200000047683716,0,3.200000047683716,3.059378862380981,0,0,-0.14062118530273482,0.14062118530273482,1
A woman is slicing a potato,A woman is slicing a carrot,3.200000047683716,0,3.200000047683716,3.4162564277648926,0,0,0.21625638008117676,0.21625638008117676,1
A woman is not boiling shrimps,A woman is boiling shrimps,3.184999942779541,2,3.184999942779541,3.510005474090576,2,2,0.32500553131103516,0.32500553131103516,1
A woman is cooking prawns,A woman is combing her hair,1.2999999523162842,0,1.2999999523162842,1.0411014556884766,0,0,-0.2588984966278076,0.2588984966278076,1
A woman is boiling shrimps,A woman is combing her hair,1.399999976158142,0,1.399999976158142,0.9786078929901124,0,0,-0.4213920831680297,0.4213920831680297,1
A man and a woman are walking through a desert area,A man and a woman are walking through a wooded area,3.5999999046325684,0,3.5999999046325684,3.567652463912964,0,0,-0.03234744071960449,0.03234744071960449,1
A man and a woman are walking together through wooded areas,A man and a woman are walking together through the woods,4.900000095367432,1,4.900000095367432,4.932322502136231,1,1,0.032322406768799716,0.032322406768799716,1
A man and a woman are walking together through the woods,A man and a woman are walking together through the city,3.5,0,3.5,3.35370135307312,0,0,-0.14629864692687988,0.14629864692687988,1
A man and a woman are walking together through the city,A man and a woman are walking through a wooded area,2.9000000953674316,0,2.900000095367432,4.070962905883789,0,0,1.1709628105163574,1.1709628105163574,1
A man is speaking on a stage,There is no man speaking on a stage,3.799999952316284,2,3.799999952316284,3.4627387523651123,2,2,-0.3372611999511719,0.3372611999511719,1
A man is speaking about the stage,A man is speaking on a stage,3.565000057220459,0,3.565000057220459,4.080682754516602,0,0,0.5156826972961426,0.5156826972961426,1
A man is speaking on a podium,A man is tanking on a stage in front of a crowd,3.299999952316284,0,3.299999952316284,2.671308755874634,0,0,-0.6286911964416504,0.6286911964416504,1
A man is speaking about the stage,A man is speaking on a podium,3.700000047683716,0,3.700000047683716,3.347066879272461,0,0,-0.3529331684112549,0.3529331684112549,1
A man is speaking on a stage,There is no man speaking on a podium,3.700000047683716,0,3.700000047683716,3.585776090621948,0,0,-0.11422395706176802,0.11422395706176802,1
A man is speaking on a stage,A podium is where a man is speaking,4.0,0,4.0,4.021961212158203,0,0,0.021961212158203125,0.021961212158203125,1
Two frightened boys are talking on the phone,Two boys are talking on the phone,4.400000095367432,1,4.400000095367432,4.652596473693848,1,1,0.252596378326416,0.252596378326416,1
Two boys are talking on the phone,Two boys are not talking on the phone,4.300000190734863,2,4.300000190734863,3.4351911544799805,2,2,-0.8648090362548828,0.8648090362548828,1
Two frightened boys are talking on the phone,A woman is talking on a telephone,2.700000047683716,0,2.700000047683716,2.8088126182556152,0,0,0.10881257057189941,0.10881257057189941,1
A woman is talking on a telephone,Two boys are not talking on the phone,3.299999952316284,0,3.299999952316284,2.476923704147339,0,0,-0.8230762481689453,0.8230762481689453,1
There is no monkey wading through a marsh,A monkey is wading through a marsh,3.5999999046325684,2,3.5999999046325684,3.5856525897979736,2,2,-0.014347314834594727,0.014347314834594727,1
A small monkey is walking in the river,A small monkey is walking through water,4.300000190734863,1,4.300000190734863,4.79601001739502,1,1,0.49600982666015714,0.49600982666015714,1
A small monkey is walking through water,A monkey isn't walking through water,3.700000047683716,2,3.700000047683716,3.4187052249908447,2,2,-0.2812948226928711,0.2812948226928711,1
A monkey is wading through a marsh,A monkey isn't walking through water,3.200000047683716,2,3.200000047683716,3.7790589332580566,2,0,0.5790588855743408,0.5790588855743408,0
A small monkey is walking through water,A monkey is wading through a marsh,4.099999904632568,0,4.099999904632568,3.7606241703033447,0,0,-0.33937573432922363,0.33937573432922363,1
A man is slicing a bun,A man is cutting a bun,4.800000190734863,1,4.800000190734863,5.188384056091309,1,1,0.3883838653564453,0.3883838653564453,1
A man is slicing a bun,There is no man slicing a bun,3.5,2,3.5,3.4569571018218994,2,2,-0.043042898178100586,0.043042898178100586,1
A man is slicing a red tomato,A man is slicing a tomato,4.5,1,4.5,5.08906888961792,1,1,0.5890688896179199,0.5890688896179199,1
A man is slicing a bun,There is no man slicing a tomato,3.200000047683716,0,3.200000047683716,2.5724613666534424,0,0,-0.6275386810302734,0.6275386810302734,1
A man is slicing a tomato,There is no man slicing a bun,2.700000047683716,0,2.700000047683716,2.9244773387908936,0,0,0.22447729110717773,0.22447729110717773,1
A woman is dancing and singing in the rain,A woman is performing in the rain,4.400000095367432,1,4.400000095367432,4.698925495147705,1,1,0.29892539978027344,0.29892539978027344,1
A woman is dancing and singing in the rain,There is no woman dancing and singing in the rain,3.799999952316284,2,3.799999952316284,3.4588615894317627,2,2,-0.3411383628845215,0.3411383628845215,1
Some women are dancing and singing ,A woman is dancing and singing with other women,4.800000190734863,1,4.800000190734863,4.186845302581787,1,0,-0.6131548881530762,0.6131548881530762,0
A woman is dancing and singing in the rain,A woman is dancing and singing alone,4.0,0,4.0,3.873396396636963,0,0,-0.1266036033630371,0.1266036033630371,1
A woman is peeling a potato,There is no woman peeling a potato,3.4000000953674316,2,3.400000095367432,3.4862563610076904,2,2,0.08625626564025879,0.08625626564025879,1
A woman is slicing a tomato,There is no woman slicing a tomato,3.065000057220459,2,3.065000057220459,3.440929412841797,2,2,0.3759293556213379,0.3759293556213379,1
There is no woman slicing a tomato,A woman is peeling a potato,2.9000000953674316,0,2.900000095367432,2.6740455627441406,0,0,-0.22595453262329102,0.22595453262329102,1
A woman is peeling a potato,A woman is slicing a tomato,3.0,0,3.0,3.006546974182129,0,0,0.006546974182128906,0.006546974182128906,1
There is no woman mixing eggs,A woman is mixing eggs,3.0999999046325684,2,3.0999999046325684,3.531780958175659,2,2,0.4317810535430908,0.4317810535430908,1
The hungry woman is eating,The woman is eating,4.300000190734863,1,4.300000190734863,4.163348197937012,1,0,-0.13665199279785156,0.13665199279785156,0
The woman is eating,The woman is drinking,3.4000000953674316,0,3.400000095367432,2.8119845390319824,0,0,-0.5880155563354492,0.5880155563354492,1
A woman is mixing eggs,The woman is drinking,1.899999976158142,0,1.899999976158142,2.013942003250122,0,0,0.11394202709197998,0.11394202709197998,1
A woman is amalgamating eggs,The woman is eating,1.7999999523162842,0,1.7999999523162842,2.737035751342773,0,0,0.9370357990264888,0.9370357990264888,1
The woman is eating,There is no woman mixing eggs,2.0999999046325684,0,2.0999999046325684,2.1693780422210693,0,0,0.06937813758850098,0.06937813758850098,1
A band is performing on a stage,A band is playing on a stage,4.900000095367432,1,4.900000095367432,5.095831871032715,1,1,0.1958317756652832,0.1958317756652832,1
A band is not performing on a stage,A band is performing on a stage,4.599999904632568,2,4.599999904632568,3.517113447189331,2,2,-1.0828864574432373,1.0828864574432373,1
A band is performing onstage,A band is playing onstage,4.900000095367432,1,4.900000095367432,5.032624244689941,1,1,0.13262414932250977,0.13262414932250977,1
A band is playing onstage,There is no band playing,4.099999904632568,2,4.099999904632568,3.4186127185821533,2,2,-0.681387186050415,0.681387186050415,1
A band is performing onstage,A band is performing on a stage,5.0,1,5.0,4.910245895385742,1,1,-0.08975410461425781,0.08975410461425781,1
A band is performing on a stage,There is no band playing,3.5999999046325684,2,3.5999999046325684,3.403621196746826,2,2,-0.1963787078857422,0.1963787078857422,1
A band is not performing on a stage,A band is playing onstage,4.300000190734863,2,4.300000190734863,3.6597769260406494,2,2,-0.6402232646942139,0.6402232646942139,1
A man is shaking a drink,A man is mixing,3.799999952316284,0,3.799999952316284,3.7316718101501465,0,0,-0.0683281421661377,0.0683281421661377,1
A man is mowing a lawn,A man is not mowing a lawn,4.400000095367432,2,4.400000095367432,3.42291259765625,2,2,-0.9770874977111816,0.9770874977111816,1
A man is mixing,A man is mowing a lawn,1.2000000476837158,0,1.2000000476837158,1.1760010719299316,0,0,-0.02399897575378418,0.02399897575378418,1
A man is dancing,A man is moving gracefully,3.5,0,3.5,3.563997745513916,0,0,0.06399774551391602,0.06399774551391602,1
A man is sitting,A man is dancing,2.700000047683716,2,2.700000047683716,2.6585755348205566,2,0,-0.04142451286315918,0.04142451286315918,0
There is no man walking outside,A man is walking outside,4.599999904632568,2,4.599999904632568,3.5372488498687744,2,2,-1.062751054763794,1.062751054763794,1
A man is sitting,A man is walking outside,2.5999999046325684,0,2.5999999046325684,2.6911423206329346,0,0,0.09114241600036621,0.09114241600036621,1
A man is dancing,A man is walking outside,2.484999895095825,0,2.484999895095825,2.718139886856079,0,0,0.2331399917602539,0.2331399917602539,1
There is no cat swinging on a fan,A cat is swinging on a fan,3.799999952316284,2,3.799999952316284,3.5786592960357666,2,2,-0.22134065628051758,0.22134065628051758,1
A cat is stuck on a ceiling fan that is moving,A cat is stuck on a moving ceiling fan,5.0,1,5.0,5.203308582305908,1,1,0.2033085823059082,0.2033085823059082,1
A cat is stuck on a moving ceiling fan,A cat is playing on a moving ceiling fan,4.0,0,4.0,4.87813663482666,0,1,0.8781366348266602,0.8781366348266602,0
A cat is swinging on a fan,A cat is stuck on a moving ceiling fan,4.300000190734863,0,4.300000190734863,3.852417945861816,0,0,-0.4475822448730473,0.4475822448730473,1
A man is making music with a flute,A man is playing flute,4.800000190734863,1,4.800000190734863,4.729909896850586,1,1,-0.07009029388427734,0.07009029388427734,1
A man is playing baseball with a flute,A man is playing flute,3.299999952316284,0,3.299999952316284,4.488041400909424,0,1,1.1880414485931396,1.1880414485931396,0
A man is playing soccer,A man is playing a game with a ball,4.0,1,4.0,4.868800163269043,1,1,0.868800163269043,0.868800163269043,1
There is no man playing soccer,A man is playing soccer,4.800000190734863,2,4.800000190734863,3.53463077545166,2,2,-1.2653694152832031,1.2653694152832031,1
A man is playing soccer,A soccer man is playing piano,2.5999999046325684,0,2.5999999046325684,2.9722471237182617,0,0,0.37224721908569336,0.37224721908569336,1
A soccer man is playing piano,A man is playing flute,1.7999999523162842,0,1.7999999523162842,2.960961103439331,0,0,1.1609611511230469,1.1609611511230469,1
There is no man playing flute,A man is playing soccer,1.100000023841858,0,1.100000023841858,1.5659099817276,0,0,0.4659099578857422,0.4659099578857422,1
A man is playing baseball with a flute,A man is playing soccer,1.965000033378601,0,1.965000033378601,2.423957347869873,0,0,0.458957314491272,0.458957314491272,1
A man is frying a tortilla,A man is frying food,4.5,1,4.5,4.560155391693115,1,1,0.060155391693115234,0.060155391693115234,1
There is no man frying a tortilla,A man is frying a tortilla,3.799999952316284,2,3.799999952316284,3.5644187927246094,2,2,-0.2355811595916748,0.2355811595916748,1
A person is performing a card trick,Nobody is performing a card trick,3.0999999046325684,2,3.0999999046325684,3.468943357467652,2,2,0.36894345283508345,0.36894345283508345,1
A person is doing a trick with some cards,A man is frying a tortilla,1.0,0,1.0,1.060973882675171,0,0,0.0609738826751709,0.0609738826751709,1
A man is frying a tortilla,Nobody is performing a card trick,1.0,0,1.0,1.054130792617798,0,0,0.054130792617798074,0.054130792617798074,1
A person is performing a card trick,A man is frying food,1.0,0,1.0,1.0488407611846924,0,0,0.04884076118469238,0.04884076118469238,1
A person is performing a card trick,There is no man frying a tortilla,1.0,0,1.0,1.0617218017578125,0,0,0.0617218017578125,0.0617218017578125,1
A boy is spanking a man with a plastic sword,A man is spanking a boy with a plastic sword,3.5999999046325684,0,3.5999999046325684,4.98013162612915,0,1,1.380131721496582,1.380131721496582,0
There is no man being hit,A boy is whacking a man with a sword,2.5999999046325684,2,2.5999999046325684,2.840204954147339,2,0,0.2402050495147705,0.2402050495147705,0
A boy is whacking a man with a sword,A man is whacking a boy with a sword,3.5999999046325684,0,3.5999999046325684,4.848070621490479,0,1,1.248070716857911,1.248070716857911,0
A boy is spanking a man with a plastic sword,A man is being hit by a kid with a weapon,4.199999809265137,1,4.199999809265137,4.508706092834473,1,1,0.30870628356933594,0.30870628356933594,1
There is no man being hit,A boy is spanking a man with a plastic sword,3.5,2,3.5,2.351634740829468,2,0,-1.1483652591705318,1.1483652591705318,0
A boy is spanking a man with a toy weapon,A boy is whacking a man with a sword,4.099999904632568,0,4.099999904632568,4.234611034393311,0,0,0.13461112976074308,0.13461112976074308,1
A boy is spanking a man with a plastic sword,A boy is whacking a man with a sword,4.300000190734863,1,4.300000190734863,4.318398475646973,1,0,0.018398284912109375,0.018398284912109375,0
The young lady is measuring the ankle of another woman,The lady is measuring the ankle of another woman,4.699999809265137,1,4.699999809265137,4.875399589538574,1,1,0.1753997802734375,0.1753997802734375,1
The lady isn't measuring the ankle of another woman,The lady is measuring the ankle of another woman,3.0,2,3.0,3.4781181812286377,2,2,0.4781181812286377,0.4781181812286377,1
The woman is measuring a man,The woman is measuring the other woman,3.5,0,3.5,2.850951910018921,0,0,-0.6490480899810791,0.6490480899810791,1
The young lady is measuring the ankle of another woman,The woman is measuring the other woman,4.400000095367432,1,4.400000095367432,4.6330156326293945,1,1,0.2330155372619629,0.2330155372619629,1
The woman is measuring the other woman,The lady isn't measuring the ankle of another woman,2.9000000953674316,0,2.900000095367432,3.579561948776245,0,0,0.6795618534088135,0.6795618534088135,1
The lady is measuring the ankle of another woman,The woman is measuring the other woman,4.699999809265137,1,4.699999809265137,4.8436455726623535,1,1,0.1436457633972168,0.1436457633972168,1
A man is talking on the phone,A man is making a phone call,4.300000190734863,1,4.300000190734863,4.335935115814209,1,0,0.0359349250793457,0.0359349250793457,0
A man is hanging up the phone,A man is making a call on a cell phone,3.365000009536743,2,3.365000009536743,3.8103349208831783,2,0,0.4453349113464351,0.4453349113464351,0
There is no man making a phone call,A man is making a call on a cell phone,4.0,2,4.0,3.5732784271240234,2,2,-0.42672157287597656,0.42672157287597656,1
A man is making a call on a cell phone,A man is making a phone call,4.800000190734863,1,4.800000190734863,4.919067859649658,1,1,0.11906766891479492,0.11906766891479492,1
An animal is rolling from side to side in a garden,A dog is rolling from side to side,4.199999809265137,0,4.199999809265137,4.444411754608154,0,1,0.24441194534301758,0.24441194534301758,0
A cute puppy is repeatedly rolling from side to side on its back,A puppy is repeatedly rolling from side to side on its back,4.400000095367432,1,4.400000095367432,4.960855484008789,1,1,0.5608553886413574,0.5608553886413574,1
A cute puppy is repeatedly rolling from side to side on its back,A dog is rolling from side to side,4.300000190734863,1,4.300000190734863,4.700412750244141,1,1,0.40041255950927734,0.40041255950927734,1
There is no dog rolling from side to side,A puppy is repeatedly rolling from side to side on its back,3.799999952316284,2,3.799999952316284,3.520870447158813,2,2,-0.27912950515747115,0.27912950515747115,1
A puppy is repeatedly rolling from side to side on its back,A dog is rolling from side to side,4.400000095367432,1,4.400000095367432,4.731478691101074,1,1,0.3314785957336426,0.3314785957336426,1
The machine is shaving the end of a pencil,A pencil is being shaved by the machine,4.699999809265137,1,4.699999809265137,5.04680061340332,1,1,0.3468008041381836,0.3468008041381836,1
A pencil is being shaved by the machine,A machine is sharpening a pencil,4.199999809265137,1,4.199999809265137,4.615596771240234,1,1,0.41559696197509766,0.41559696197509766,1
The machine is not shaving a pencil,A machine is sharpening a pencil,2.799999952316284,2,2.799999952316284,3.5305159091949463,2,0,0.7305159568786621,0.7305159568786621,0
The machine is shaving the end of a pencil,A pencil is being sharpened,4.300000190734863,1,4.300000190734863,4.192061901092529,1,0,-0.10793828964233398,0.10793828964233398,0
A machine is sharpening a pencil,The machine is shaving the end of a pencil,5.0,1,5.0,3.705355167388916,1,0,-1.294644832611084,1.294644832611084,0
A man is playing a keyboard in a park,A man is playing a keyboard,4.099999904632568,1,4.099999904632568,4.628276348114014,1,1,0.5282764434814453,0.5282764434814453,1
A pianist is playing the keyboard,A person is playing the keyboard,4.199999809265137,1,4.199999809265137,4.585183620452881,1,1,0.38518381118774414,0.38518381118774414,1
A person is not playing the keyboard,A person is playing the keyboard,4.0,2,4.0,3.495039701461792,2,2,-0.504960298538208,0.504960298538208,1
A person is playing the keyboard,There is no man playing a keyboard,3.4000000953674316,0,3.400000095367432,3.467116594314575,0,2,0.06711649894714355,0.06711649894714355,0
A man is playing a keyboard,A person is playing the keyboard,4.599999904632568,1,4.599999904632568,5.000190734863281,1,1,0.4001908302307129,0.4001908302307129,1
A man is rinsing a large steak,A man is not rinsing a large steak,3.4000000953674316,2,3.400000095367432,3.4594013690948486,2,2,0.05940127372741699,0.05940127372741699,1
A person is rinsing a steak with water,A man is rinsing a large piece of meat,4.0,0,4.0,4.277101516723633,0,0,0.2771015167236328,0.2771015167236328,1
A person is rinsing a steak with water,A man is not rinsing a large steak,3.299999952316284,2,3.299999952316284,3.808937788009644,2,0,0.5089378356933598,0.5089378356933598,0
A person is riding a motorcycle,A person is chopping a red onion,1.2000000476837158,0,1.2000000476837158,1.0137964487075806,0,0,-0.18620359897613525,0.18620359897613525,1
A person is not chopping an onion,A person is riding a motorcycle,1.100000023841858,0,1.100000023841858,1.105121612548828,0,0,0.005121588706969993,0.005121588706969993,1
A person is riding a motorcycle,A person is chopping an onion,1.399999976158142,0,1.399999976158142,1.0164811611175537,0,0,-0.3835188150405884,0.3835188150405884,1
A sad man is crying,A man is crying,4.400000095367432,1,4.400000095367432,4.627988338470459,1,1,0.22798824310302734,0.22798824310302734,1
A man is laughing,A man is crying,2.5,0,2.5,2.814685583114624,0,0,0.314685583114624,0.314685583114624,1
There is no man screaming,A man is screaming,4.0,2,4.0,3.5051510334014893,2,2,-0.49484896659851074,0.49484896659851074,1
A man is crying,A man is scared,3.299999952316284,0,3.299999952316284,3.1261394023895264,0,0,-0.1738605499267578,0.1738605499267578,1
A man is laughing,A man is screaming,3.0999999046325684,0,3.0999999046325684,2.8286890983581543,0,0,-0.27131080627441406,0.27131080627441406,1
A man is crying,A man is screaming,3.0999999046325684,0,3.0999999046325684,3.3415040969848637,0,0,0.24150419235229537,0.24150419235229537,1
A woman is not cutting shrimps,A woman is cutting shrimps,3.5,2,3.5,3.5259768962860107,2,2,0.025976896286010742,0.025976896286010742,1
A woman is cutting shrimps,A man is chopping butter into a container,2.4000000953674316,0,2.400000095367432,1.152153491973877,0,0,-1.2478466033935547,1.2478466033935547,1
Women are sawing logs,Men are sawing logs,4.0,0,4.0,3.7899749279022217,0,0,-0.21002507209777832,0.21002507209777832,1
Men are sawing logs,Men are sawing,4.300000190734863,1,4.300000190734863,4.819919586181641,1,1,0.5199193954467773,0.5199193954467773,1
Men are cutting wood,Some men are sawing,3.5999999046325684,1,3.5999999046325684,3.895994901657105,1,0,0.2959949970245366,0.2959949970245366,0
Men are sawing logs,Some men are sawing,4.300000190734863,1,4.300000190734863,4.800373554229736,1,1,0.500373363494873,0.500373363494873,1
A woman is brushing her hand,A woman is brushing her feet,3.200000047683716,0,3.200000047683716,3.3883135318756104,0,0,0.18831348419189453,0.18831348419189453,1
A woman is chopping a red onion,A woman is chopping an onion,4.5,1,4.5,5.026228904724121,1,1,0.5262289047241211,0.5262289047241211,1
A woman is chopping an onion,A woman is not chopping an onion,3.5,2,3.5,3.417487621307373,2,2,-0.08251237869262695,0.08251237869262695,1
A woman is chopping a red onion,A woman is brushing her feet,1.2999999523162842,0,1.2999999523162842,1.134082317352295,0,0,-0.16591763496398926,0.16591763496398926,1
A woman is brushing her feet,A woman is not chopping an onion,1.2999999523162842,0,1.2999999523162842,1.005967140197754,0,0,-0.2940328121185303,0.2940328121185303,1
A woman is brushing her hand,A woman is chopping an onion,1.5,0,1.5,1.0057978630065918,0,0,-0.4942021369934082,0.4942021369934082,1
A man is playing an electric guitar,A man is playing a guitar,4.699999809265137,1,4.699999809265137,4.808350563049316,1,1,0.10835075378417969,0.10835075378417969,1
There is no man playing a keyboard,A man is playing a keyboard,3.5,2,3.5,3.560352087020874,2,2,0.06035208702087402,0.06035208702087402,1
A man is playing an electric guitar,A man is playing a keyboard,2.4000000953674316,0,2.400000095367432,3.004141569137573,0,0,0.6041414737701412,0.6041414737701412,1
A man is not playing a guitar,A man is playing a keyboard,3.734999895095825,0,3.734999895095825,3.0374867916107178,0,0,-0.6975131034851074,0.6975131034851074,1
A man is spitting on the ground,A man is spitting,4.699999809265137,1,4.699999809265137,4.615238189697266,1,1,-0.0847616195678711,0.0847616195678711,1
A man is spitting,There is no man spitting,4.099999904632568,2,4.099999904632568,3.443331480026245,2,2,-0.6566684246063232,0.6566684246063232,1
A man is talking on the radio,A man is talking,4.5,1,4.5,4.466846466064453,1,1,-0.033153533935546875,0.033153533935546875,1
A man is talking,A man is laughing,3.299999952316284,0,3.299999952316284,2.951573848724365,0,0,-0.3484261035919194,0.3484261035919194,1
A man is spitting on the ground,A man is talking,2.0,0,2.0,2.162585020065308,0,0,0.16258502006530806,0.16258502006530806,1
A man is talking,A man is spitting,2.200000047683716,0,2.200000047683716,2.6530935764312744,0,0,0.4530935287475586,0.4530935287475586,1
A man is lumping dough,A man is spreading dough,4.0,0,4.0,4.272616863250732,0,0,0.2726168632507324,0.2726168632507324,1
A woman is slicing meat with a sharp knife,A woman is slicing meat with a knife,4.5,1,4.5,5.005318641662598,1,1,0.5053186416625977,0.5053186416625977,1
A woman is slicing meat with a knife,There is no woman slicing meat with a knife,4.599999904632568,2,4.599999904632568,3.4713971614837646,2,2,-1.1286027431488037,1.1286027431488037,1
A woman is slicing meat with a sharp knife,A man is spreading dough,1.0850000381469727,0,1.0850000381469729,1.319110631942749,0,0,0.23411059379577637,0.23411059379577637,1
Dough is being spread by a man,A woman is slicing meat with a knife,1.5,0,1.5,1.0458297729492188,0,0,-0.45417022705078125,0.45417022705078125,1
A woman is slicing meat with a knife,A man is spreading dough,1.100000023841858,0,1.100000023841858,1.3503048419952393,0,0,0.25030481815338135,0.25030481815338135,1
A happy baby is laughing,A baby is laughing,4.5,1,4.5,4.866295337677002,1,1,0.36629533767700195,0.36629533767700195,1
A man is exercising,A man is doing physical activity,4.5,1,4.5,4.8208537101745605,1,1,0.32085371017456055,0.32085371017456055,1
A man is resting,A man is exercising,3.700000047683716,0,3.700000047683716,2.431605577468872,0,0,-1.2683944702148438,1.2683944702148438,1
A baby is laughing,A man is resting,1.100000023841858,0,1.100000023841858,1.0887534618377686,0,0,-0.011246562004089355,0.011246562004089355,1
A man is exercising,A baby is laughing,1.100000023841858,0,1.100000023841858,0.9916336536407472,0,0,-0.10836637020111073,0.10836637020111073,1
"Three young men are furiously running, jumping and kicking near a vending machine","Three young men are running, jumping and kicking near a vending machine",4.400000095367432,1,4.400000095367432,4.975698947906494,1,1,0.5756988525390625,0.5756988525390625,1
"There is no man running, jumping and kicking near a vending machine",Three men are jumping off a wall,2.0,0,2.0,2.3106706142425537,0,0,0.3106706142425537,0.3106706142425537,1
"Three young men are running, jumping and kicking near a vending machine",Three men are jumping off a tall wall,2.799999952316284,0,2.799999952316284,2.7975924015045166,0,0,-0.002407550811767578,0.002407550811767578,1
A deer is jumping over a cyclone fence,A deer is jumping over a wall,3.799999952316284,1,3.799999952316284,4.297144412994385,1,1,0.4971444606781006,0.4971444606781006,1
The deer is jumping over the low fence,The deer is jumping over the fence,4.400000095367432,1,4.400000095367432,4.84418249130249,1,1,0.4441823959350586,0.4441823959350586,1
The deer is jumping over the fence,The deer is not jumping over the fence,3.5999999046325684,2,3.5999999046325684,3.4373905658721924,2,2,-0.16260933876037598,0.16260933876037598,1
The man is not stirring oil,The man is stirring oil,3.4000000953674316,2,3.400000095367432,3.482144594192505,2,2,0.08214449882507324,0.08214449882507324,1
The man is stirring the sauce for the chicken,The oil is being stirred by a man,2.9000000953674316,0,2.900000095367432,3.850938320159912,0,0,0.9509382247924805,0.9509382247924805,1
The man is stirring the sauce for the chicken,The man is not stirring oil,2.5999999046325684,0,2.5999999046325684,3.4156699180603027,0,0,0.8156700134277344,0.8156700134277344,1
The man is stirring oil,The man is stirring the sauce for the chicken,3.5999999046325684,0,3.5999999046325684,3.541242837905884,0,0,-0.05875706672668457,0.05875706672668457,1
A man is playing a guitar,There is no man playing a guitar,3.5,2,3.5,3.4485464096069336,2,2,-0.051453590393066406,0.051453590393066406,1
A man is strumming a guitar,A man is playing guitar,4.599999904632568,1,4.599999904632568,4.560166835784912,1,1,-0.03983306884765625,0.03983306884765625,1
There is no man playing guitar,A man is playing a guitar,3.700000047683716,2,3.700000047683716,3.517073392868042,2,2,-0.18292665481567383,0.18292665481567383,1
Three boys in karate uniform are sparring,Three boys in karate costumes are fighting,4.5,1,4.5,4.846863269805908,1,1,0.3468632698059082,0.3468632698059082,1
Three boys in karate costumes are fighting,Three men are practicing karate in a gym,3.4000000953674316,0,3.400000095367432,3.36896014213562,0,0,-0.031039953231811523,0.031039953231811523,1
Three boys in karate uniform are sparring,Three men are practicing karate in a field,3.4000000953674316,0,3.400000095367432,3.941038846969605,0,0,0.5410387516021733,0.5410387516021733,1
Three boys in karate costumes are fighting,Three men are practicing karate in a field,3.0999999046325684,0,3.0999999046325684,3.483111619949341,0,0,0.38311171531677246,0.38311171531677246,1
A woman is dancing alone,A few women are holding each other and dancing together,3.5,0,3.5,3.47585129737854,0,0,-0.02414870262145996,0.02414870262145996,1
Two men are playing ping pong,A few women are holding each other and dancing together,1.0,0,1.0,1.2222527265548706,0,0,0.2222527265548706,0.2222527265548706,1
A few women are holding each other and dancing together,Two men are playing table football,1.0,0,1.0,1.2100423574447632,0,0,0.21004235744476318,0.21004235744476318,1
Two men are playing table tennis,A woman is dancing alone,1.100000023841858,0,1.100000023841858,1.084876537322998,0,0,-0.015123486518859863,0.015123486518859863,1
A woman is cutting broccoli,A woman is slicing vegetables,4.199999809265137,1,4.199999809265137,4.711235523223877,1,1,0.5112357139587402,0.5112357139587402,1
A woman is cutting some flowers,A woman is cutting some plants,4.099999904632568,0,4.099999904632568,4.855303764343262,0,1,0.7553038597106934,0.7553038597106934,0
A woman is slicing vegetables,A woman is cutting some flowers,2.200000047683716,0,2.200000047683716,3.848700523376465,0,0,1.648700475692749,1.648700475692749,1
A woman is cutting some flowers,A woman is cutting broccoli,2.865000009536743,0,2.865000009536743,2.9597198963165283,0,0,0.09471988677978516,0.09471988677978516,1
A white horse is standing,A horse is standing,4.5,1,4.5,4.683041095733643,1,1,0.18304109573364258,0.18304109573364258,1
A horse is standing,A horse is running,3.700000047683716,0,3.700000047683716,3.459196090698242,0,0,-0.24080395698547363,0.24080395698547363,1
A woman is cutting a white onion,A horse is standing,1.0,0,1.0,1.0427030324935913,0,0,0.04270303249359131,0.04270303249359131,1
A woman is cutting an onion,A horse is standing,1.0,0,1.0,1.0530881881713867,0,0,0.05308818817138672,0.05308818817138672,1
A cat is playing a keyboard,There is no cat playing a keyboard,3.9000000953674316,2,3.900000095367432,3.436473608016968,2,2,-0.4635264873504634,0.4635264873504634,1
A musician is playing two keyboards,A man is playing two keyboards,4.199999809265137,0,4.199999809265137,4.838212966918945,0,1,0.6382131576538086,0.6382131576538086,0
A cat is playing a keyboard,A musician is playing two keyboards,2.299999952316284,0,2.299999952316284,3.1478562355041504,0,0,0.8478562831878662,0.8478562831878662,1
A cat is playing a keyboard,There is no man playing two keyboards,2.5,0,2.5,2.246558904647827,0,0,-0.25344109535217285,0.25344109535217285,1
A cat is playing a piano,A man is playing two keyboards,2.299999952316284,0,2.299999952316284,2.4263837337493896,0,0,0.12638378143310547,0.12638378143310547,1
A cat is playing a keyboard,A man is playing two keyboards,2.0999999046325684,0,2.0999999046325684,3.059417963027954,0,0,0.9594180583953857,0.9594180583953857,1
There are no mimes performing,Mimes are performing on a stage,3.5999999046325684,2,3.5999999046325684,3.561074733734131,2,2,-0.0389251708984375,0.0389251708984375,1
There are no mimes performing,The men are performing on stage,2.134999990463257,0,2.134999990463257,2.7701876163482666,0,0,0.6351876258850098,0.6351876258850098,1
Mimes are performing on a stage,The men are performing on stage,4.099999904632568,0,4.099999904632568,4.24183464050293,0,1,0.14183473587036133,0.14183473587036133,0
A man is carrying a tree,A man is carrying a plant,4.300000190734863,1,4.300000190734863,4.547773361206055,1,1,0.2477731704711914,0.2477731704711914,1
A tree is being picked up by a man,A man is carrying a tree,4.650000095367432,1,4.650000095367432,4.45684814453125,1,0,-0.19315195083618164,0.19315195083618164,0
A man is carrying a tree,A man is planting a tree,3.200000047683716,0,3.200000047683716,3.9191973209381104,0,0,0.7191972732543945,0.7191972732543945,1
A man is picking up a tree,A man is carrying a plant,3.299999952316284,0,3.299999952316284,3.838885545730591,0,0,0.5388855934143066,0.5388855934143066,1
A man is picking up a tree,A man is carrying a tree,4.300000190734863,1,4.300000190734863,4.311253547668457,1,0,0.01125335693359375,0.01125335693359375,0
A man is playing the guitar,A man is playing the guitar owner,3.0,0,3.0,4.210650444030762,0,0,1.2106504440307617,1.2106504440307617,1
A trumpet is being played by a person,A person is playing a trumpet,5.0,1,5.0,5.206026077270508,1,1,0.2060260772705078,0.2060260772705078,1
A person is stopping playing a trumpet ,A person is playing a trumpet,3.5999999046325684,1,3.5999999046325684,4.485353469848633,1,1,0.8853535652160645,0.8853535652160645,1
A trumpet is being played by a person,A man is playing the guitar,2.799999952316284,0,2.799999952316284,2.796844244003296,0,0,-0.0031557083129882812,0.0031557083129882812,1
A person is stopping playing a trumpet ,A man is playing the guitar,2.799999952316284,0,2.799999952316284,2.7769477367401123,0,0,-0.023052215576171875,0.023052215576171875,1
A man is playing the guitar,A person is playing a trumpet,2.700000047683716,0,2.700000047683716,2.84798526763916,0,0,0.14798521995544434,0.14798521995544434,1
The badger is burrowing a hole,A hole is being burrowed by the badger,4.900000095367432,1,4.900000095367432,5.178523063659668,1,1,0.27852296829223633,0.27852296829223633,1
The badger isn't burrowing a hole,The badger is burrowing a hole,4.0,2,4.0,3.495551824569702,2,2,-0.5044481754302979,0.5044481754302979,1
There is no badger shrewdly digging the earth,A badger is shrewdly digging the earth,3.9000000953674316,2,3.900000095367432,3.6185028553009033,2,2,-0.2814972400665283,0.2814972400665283,1
The badger is burrowing a hole,There is no badger shrewdly digging the earth,4.0,2,4.0,3.4244706630706787,2,2,-0.5755293369293213,0.5755293369293213,1
The chef is carefully pouring oil in the pan,The chef is carefully pouring some oil into a pan,4.800000190734863,1,4.800000190734863,4.932660102844238,1,1,0.132659912109375,0.132659912109375,1
The chef is carefully drying the oil from the pan,The chef is carefully pouring some oil into a pan,3.5,2,3.5,3.5666310787200928,2,0,0.06663107872009277,0.06663107872009277,0
The chef is carefully pouring some oil into a pan,Some liquid is being poured into a pan by a man,4.400000095367432,1,4.400000095367432,3.768394470214844,1,0,-0.6316056251525874,0.6316056251525874,0
The chef is carefully pouring some oil into a pan,There is no man pouring liquid into a pot,3.299999952316284,0,3.299999952316284,3.13152813911438,0,0,-0.1684718132019043,0.1684718132019043,1
The man is typing on a machine used for stenography,A man is typing on a machine used for stenography,5.0,1,5.0,5.241245746612549,1,1,0.24124574661254883,0.24124574661254883,1
A man is typing on a machine used for stenography,A man is putting away a stenograph machine,3.5,0,3.5,3.3563876152038574,0,0,-0.14361238479614258,0.14361238479614258,1
The man is cautiously operating a stenograph,The man is operating a stenograph,4.5,1,4.5,4.8492960929870605,1,1,0.34929609298706055,0.34929609298706055,1
The man needs a stenograph to operate ,The man is operating a stenograph,3.5,0,3.5,4.829188823699951,0,1,1.3291888236999512,1.3291888236999512,0
A man is typing on a machine used for stenography,The man isn't operating a stenograph,3.700000047683716,2,3.700000047683716,3.4237301349639893,2,2,-0.27626991271972656,0.27626991271972656,1
A man is typing on a machine used for stenography,The man needs a stenograph to operate ,3.200000047683716,0,3.200000047683716,3.877720594406128,0,0,0.6777205467224121,0.6777205467224121,1
A man is putting away a stenograph machine,The man is operating a stenograph,3.4000000953674316,0,3.400000095367432,4.036735534667969,0,0,0.6367354393005371,0.6367354393005371,1
The man isn't cautiously feeding a mouse to the snake,The man is cautiously feeding a mouse to the snake,2.700000047683716,2,2.700000047683716,3.5069382190704346,2,2,0.8069381713867188,0.8069381713867188,1
The man isn't cautiously feeding a mouse to the snake,A snake is being fed a mouse by a man,4.0,0,4.0,3.915484189987183,0,0,-0.08451581001281694,0.08451581001281694,1
A poor man is being fed snakes and mice,The man is cautiously feeding a mouse to the snake,2.0999999046325684,0,2.0999999046325684,2.923295736312866,0,0,0.8232958316802979,0.8232958316802979,1
The man is cautiously feeding a mouse to the snake,A snake is being fed a mouse by a man,4.900000095367432,1,4.900000095367432,4.998958587646484,1,1,0.09895849227905273,0.09895849227905273,1
There is a guy cheerfully playing with a footbag,A guy is cheerfully playing with a footbag,4.800000190734863,1,4.800000190734863,5.14423418045044,1,1,0.34423398971557706,0.34423398971557706,1
The man is austerely playing a piano,The man is playing a piano,4.599999904632568,1,4.599999904632568,4.662577629089356,1,1,0.062577724456788,0.062577724456788,1
A guy is cheerfully playing with a footbag,The man is austerely playing a piano,1.7000000476837158,0,1.7000000476837158,1.5423407554626465,0,0,-0.15765929222106934,0.15765929222106934,1
A guy is cheerfully playing with a footbag,The man isn't playing the piano,1.5,1,1.5,1.2458462715148926,1,0,-0.2541537284851074,0.2541537284851074,0
The man is playing a piano,A guy is cheerfully playing with the footbag,1.2999999523162842,0,1.2999999523162842,1.303299903869629,0,0,0.0032999515533447266,0.0032999515533447266,1
A woman is vigorously breaking two eggs in a bowl.,A woman is breaking two eggs in a bowl,4.400000095367432,1,4.400000095367432,5.060057640075684,1,1,0.660057544708252,0.660057544708252,1
A woman is vigorously breaking two eggs in a bowl.,Some ingredients are being mixed in a bowl by a person,3.5999999046325684,0,3.5999999046325684,3.417853116989136,0,0,-0.18214678764343217,0.18214678764343217,1
There is no woman breaking eggs in a bowl,Some ingredients are being mixed in a bowl by a person,3.0,0,3.0,2.8814892768859863,0,0,-0.11851072311401367,0.11851072311401367,1
A woman is breaking two eggs in a bowl,A man is mixing a few ingredients in a bowl,2.5999999046325684,0,2.5999999046325684,2.363202810287476,0,0,-0.23679709434509233,0.23679709434509233,1
A woman is breaking two eggs in a bowl,Some ingredients are being separated in a bowl by a person,3.450000047683716,0,3.450000047683716,3.7259368896484375,0,0,0.2759368419647217,0.2759368419647217,1
A person is bowling the ingredients to the man at the mixer,A woman is breaking two eggs in a bowl,2.0999999046325684,0,2.0999999046325684,1.7749687433242798,0,0,-0.3250311613082886,0.3250311613082886,1
A car is riskily jumping over a girl,The girl is recklessly jumping onto a car,3.4000000953674316,0,3.400000095367432,3.4496700763702397,0,0,0.04966998100280806,0.04966998100280806,1
There is no girl jumping into the car,One girl is jumping on the car,3.9000000953674316,2,3.900000095367432,3.6153006553649902,2,0,-0.2846994400024414,0.2846994400024414,0
A girl is on a jumping car,One girl is jumping on the car,3.200000047683716,1,3.200000047683716,4.999815940856934,1,1,1.7998158931732178,1.7998158931732178,1
One woman is peeling a potato,There is no woman peeling a potato,3.200000047683716,2,3.200000047683716,3.4872758388519287,2,2,0.2872757911682129,0.2872757911682129,1
A woman is peeling the potato,The potato is being peeled by a woman,4.900000095367432,1,4.900000095367432,5.200572967529297,1,1,0.30057287216186523,0.30057287216186523,1
A woman is peeling the potato,One woman is peeling a potato,4.900000095367432,1,4.900000095367432,5.227377891540527,1,1,0.3273777961730957,0.3273777961730957,1
The potato is being peeled by a woman,A woman is throwing a potato peel,3.4000000953674316,0,3.400000095367432,3.62103533744812,0,0,0.22103524208068848,0.22103524208068848,1
A boat is sailing quietly over the water,A boat is sailing peacefully over the water,4.800000190734863,1,4.800000190734863,5.087800025939941,1,1,0.2877998352050781,0.2877998352050781,1
A boat is sailing peacefully over the water,A boat is anchored,3.299999952316284,0,3.299999952316284,3.561342000961304,0,0,0.26134204864502,0.26134204864502,1
A boat's sail is being reflected by the peaceful water,A boat is sailing peacefully over the water,3.5,1,3.5,4.1737470626831055,1,0,0.6737470626831055,0.6737470626831055,0
The guitar is being played by the man,The guitar is being played by a man,4.900000095367432,1,4.900000095367432,5.274862289428711,1,1,0.3748621940612793,0.3748621940612793,1
The man is a guitar player,A boat is sailing peacefully over the water,1.0,0,1.0,1.2505342960357666,0,0,0.2505342960357666,0.2505342960357666,1
A boat is anchored,The guitar is being played by the man,1.0,0,1.0,0.9215610027313232,0,0,-0.07843899726867676,0.07843899726867676,1
A man isn't pouring oil on the tomatoes.,The man is pouring oil on a few tomatoes,3.9000000953674316,2,3.900000095367432,3.49122166633606,2,2,-0.4087784290313716,0.4087784290313716,1
The man is pouring oil on a few tomatoes,Few men like pouring tomato oil,3.9000000953674316,0,3.900000095367432,3.602553129196167,0,0,-0.29744696617126465,0.29744696617126465,1
There is no man pouring some oil on the tomatoes,The man is pouring some oil on the tomatoes,3.5,2,3.5,3.557305335998535,2,2,0.057305335998535156,0.057305335998535156,1
Some oil is being poured on the tomatoes by the man,The man is pouring oil on a few tomatoes,4.900000095367432,1,4.900000095367432,5.131260871887207,1,1,0.2312607765197754,0.2312607765197754,1
The man is pouring oil on a few tomatoes,There is no man pouring some oil on the tomatoes,3.299999952316284,2,3.299999952316284,3.4655373096466064,2,2,0.16553735733032227,0.16553735733032227,1
The man is pouring oil on a few tomatoes,Somebody is pouring tomato oil on the man,3.0999999046325684,0,3.0999999046325684,2.8221473693847656,0,0,-0.27785253524780273,0.27785253524780273,1
The man is pouring some oil on the tomatoes,One person pours oil on a few tomatoes,4.300000190734863,1,4.300000190734863,4.897459030151367,1,1,0.5974588394165039,0.5974588394165039,1
Few men like pouring tomato oil,The man is pouring some oil on the tomatoes,2.799999952316284,0,2.799999952316284,3.6349146366119385,0,0,0.8349146842956543,0.8349146842956543,1
The man is pouring oil on a few tomatoes,The man is pouring some oil on the tomatoes,4.599999904632568,1,4.599999904632568,5.091739654541016,1,1,0.49173974990844727,0.49173974990844727,1
The milk is being drunk by a cat,A drunk man is milking a cat,2.4000000953674316,0,2.400000095367432,3.8137357234954834,0,0,1.4137356281280518,1.4137356281280518,1
A kitten is drinking fresh milk,A little cat is drinking fresh milk,4.465000152587891,1,4.465000152587891,4.466506481170654,1,0,0.0015063285827636719,0.0015063285827636719,0
Milk is a kitten's drink,A kitten is drinking fresh milk,4.0,0,4.0,4.594779968261719,0,1,0.5947799682617188,0.5947799682617188,0
A little cat is drinking fresh milk,The milk is being drunk by a cat,4.199999809265137,1,4.199999809265137,4.978301048278809,1,1,0.7783012390136719,0.7783012390136719,1
Milk is a kitten's drink,The milk is being drunk by a cat,3.9000000953674316,0,3.900000095367432,4.992828845977783,0,1,1.0928287506103516,1.0928287506103516,0
A kitten is drinking fresh milk,The cat is drinking some milk,4.199999809265137,0,4.199999809265137,4.876809120178223,0,1,0.6768093109130859,0.6768093109130859,0
A kitten is drinking fresh milk,A drunk man is milking a cat,1.7000000476837158,0,1.7000000476837158,2.520106077194214,0,0,0.820106029510498,0.820106029510498,1
A man is emptying a container made of plastic,A man is filling a container made of plastic,3.4000000953674316,2,3.400000095367432,4.286841869354248,2,0,0.8868417739868164,0.8868417739868164,0
A man is carelessly holding a frog,A man is emptying a container made of plastic completely,1.399999976158142,0,1.399999976158142,1.388237476348877,0,0,-0.011762499809265137,0.011762499809265137,1
A man is carelessly holding a frog,A man is filling a container made of plastic,1.2000000476837158,0,1.2000000476837158,1.42129385471344,0,0,0.22129380702972412,0.22129380702972412,1
A man is slicing an onion,There is no man slicing an onion,3.700000047683716,2,3.700000047683716,3.4510347843170166,2,2,-0.24896526336669922,0.24896526336669922,1
A man is slicing an onion,The onion is being cut by the man,5.0,1,5.0,5.146093368530273,1,1,0.14609336853027344,0.14609336853027344,1
A man is slicing an onion,No onion is being cut by a man,3.799999952316284,2,3.799999952316284,3.470620632171631,2,2,-0.3293793201446533,0.3293793201446533,1
There is no man slicing an onion,An onion is being cut by a man,2.5999999046325684,2,2.5999999046325684,3.555702447891236,2,2,0.9557025432586674,0.9557025432586674,1
An onion is being cut by a man,A man is slicing an onion,4.800000190734863,1,4.800000190734863,5.335731506347656,1,1,0.535731315612793,0.535731315612793,1
The elephant is being ridden by the woman,The woman is riding the elephant,4.800000190734863,1,4.800000190734863,5.233425140380859,1,1,0.4334249496459961,0.4334249496459961,1
The elephant is being ridden by the woman,The elephant isn't being ridden by the woman,2.9000000953674316,2,2.900000095367432,3.4408960342407227,2,2,0.540895938873291,0.540895938873291,1
The elephant is being ridden by the woman,The elephant is being ridden over a woman,3.015000104904175,0,3.015000104904175,3.855022668838501,0,0,0.8400225639343262,0.8400225639343262,1
The woman is riding the elephant,A man is recklessly riding a horse,1.7999999523162842,0,1.7999999523162842,1.7579690217971802,0,0,-0.042030930519104004,0.042030930519104004,1
The elephant is being ridden over a woman,A man is recklessly riding a horse,1.5,0,1.5,1.357172608375549,0,0,-0.1428273916244509,0.1428273916244509,1
The elephant is being ridden by the woman,A person is recklessly riding a horse,1.7999999523162842,0,1.7999999523162842,1.7055301666259766,0,0,-0.09446978569030762,0.09446978569030762,1
The elephant is being ridden by the woman,There is no man recklessly riding a horse,1.7999999523162842,0,1.7999999523162842,1.5224401950836182,0,0,-0.277559757232666,0.277559757232666,1
Someone is feeding an animal,Someone is giving food to an animal,4.699999809265137,1,4.699999809265137,5.094056129455566,1,1,0.3940563201904297,0.3940563201904297,1
Someone is giving food to an animal,Nobody is feeding an animal,3.5999999046325684,2,3.5999999046325684,3.43701720237732,2,2,-0.16298270225524858,0.16298270225524858,1
The piano isn't being played by anyone,The piano is being played by someone,4.0,2,4.0,3.5139997005462646,2,2,-0.48600029945373535,0.48600029945373535,1
Someone is giving food to an animal,Somebody is playing the piano,1.2999999523162842,0,1.2999999523162842,1.222771167755127,0,0,-0.07722878456115723,0.07722878456115723,1
Someone is giving food to an animal,The piano isn't being played by anyone,1.0,0,1.0,1.142351746559143,0,0,0.14235174655914307,0.14235174655914307,1
The piano is being played by someone,Someone is feeding an animal,1.0,0,1.0,1.0977613925933838,0,0,0.09776139259338379,0.09776139259338379,1
The piano is being played by someone,Someone is giving food to an animal,1.0,0,1.0,1.0313584804534912,0,0,0.03135848045349121,0.03135848045349121,1
A man is pushing the buttons of a microwave,The buttons of a microwave are being pushed by a man,4.800000190734863,1,4.800000190734863,5.281996726989746,1,1,0.4819965362548828,0.4819965362548828,1
A man is pushing the buttons of a microwave,There is no man is pushing the buttons of a microwave,3.0999999046325684,2,3.0999999046325684,3.480851888656616,2,2,0.38085198402404785,0.38085198402404785,1
A man is pushing the buttons of a microwave,A man is being pushed toward the buttons of a microwave,2.799999952316284,0,2.799999952316284,4.178957939147949,0,0,1.378957986831665,1.378957986831665,1
One man is turning on the microwave,One man is powering the microwave,4.5,1,4.5,4.909808158874512,1,1,0.4098081588745117,0.4098081588745117,1
A man is pushing the buttons of a microwave,One man is powering the microwave,4.099999904632568,0,4.099999904632568,4.832454204559326,0,1,0.7324542999267578,0.7324542999267578,0
A man is pushing the buttons of a microwave,One man is turning off the microwave,3.299999952316284,0,3.299999952316284,3.433868885040283,0,2,0.13386893272399902,0.13386893272399902,0
One man is turning on the microwave,The buttons of a microwave are being pushed by a man,4.199999809265137,1,4.199999809265137,4.995680809020996,1,1,0.7956809997558594,0.7956809997558594,1
A man is being pushed toward the buttons of a microwave,One man is turning on the microwave,3.4000000953674316,0,3.400000095367432,4.219536304473877,0,0,0.8195362091064453,0.8195362091064453,1
There is no woman playing a flute,One woman is playing a flute,3.4000000953674316,2,3.400000095367432,3.5260202884674072,2,2,0.12602019309997559,0.12602019309997559,1
A flute is being played by a girl,There is no woman playing a flute,3.4000000953674316,0,3.400000095367432,3.444512128829956,0,2,0.044512033462524414,0.044512033462524414,0
A flute is being played in a lovely way by a girl,One woman is playing a flute,3.700000047683716,1,3.700000047683716,4.650739669799805,1,1,0.9507396221160889,0.9507396221160889,1
One woman is playing a flute,A flute is being put away by a girl,2.299999952316284,0,2.299999952316284,3.3085734844207764,0,0,1.0085735321044922,1.0085735321044922,1
A girl is making a flute which is not to be played,One woman is playing a flute,2.700000047683716,0,2.700000047683716,4.149830341339111,0,0,1.4498302936553955,1.4498302936553955,1
One woman is playing a flute,A flute is being played by a girl,4.199999809265137,0,4.199999809265137,4.660196304321289,0,1,0.46019649505615234,0.46019649505615234,0
The play is about a happy boy playing the piano,A boy is happily playing the piano,2.799999952316284,0,2.799999952316284,4.0047783851623535,0,0,1.2047784328460693,1.2047784328460693,1
A piano is being played by a man,A piano is being played by a person,4.400000095367432,1,4.400000095367432,5.074486255645752,1,1,0.6744861602783203,0.6744861602783203,1
A piano is being played by a man,A piano isn't being played by a man,3.299999952316284,2,3.299999952316284,3.4359138011932373,2,2,0.13591384887695312,0.13591384887695312,1
The piano player is being a tough man,A piano is being played by a man,3.4000000953674316,0,3.400000095367432,4.467653751373291,0,1,1.0676536560058594,1.0676536560058594,0
A piano is being played by a man,One boy is happily playing a piano,3.200000047683716,0,3.200000047683716,3.382046222686768,0,0,0.1820461750030522,0.1820461750030522,1
The boy isn't playing the piano happily,A piano is being played by a man,2.4000000953674316,0,2.400000095367432,3.0722756385803223,0,0,0.6722755432128906,0.6722755432128906,1
A cheetah is breathlessly chasing its prey across a field,A cheetah is chasing its prey across a field,4.400000095367432,1,4.400000095367432,4.989933013916016,1,1,0.589932918548584,0.589932918548584,1
A cheetah is shaken off by its prey across a field.,A cheetah is chasing its prey across a field,3.799999952316284,0,3.799999952316284,3.9565794467926025,0,0,0.15657949447631836,0.15657949447631836,1
A prey is quickly running behind the cheetah,A cheetah is chasing its prey across a field,2.799999952316284,0,2.799999952316284,3.855104923248291,0,0,1.0551049709320068,1.0551049709320068,1
A cheetah is breathlessly chasing its prey across a field,A cheetah is quickly running behind its prey.,4.599999904632568,1,4.599999904632568,4.527059555053711,1,1,-0.07294034957885742,0.07294034957885742,1
A cheetah is chasing its prey across a field,A cheetah is quickly running behind its prey.,4.400000095367432,1,4.400000095367432,4.616362571716309,1,1,0.21636247634887695,0.21636247634887695,1
There is no lion pacing tiredly in a pen,A lion is pacing tiredly in a pen,3.5999999046325684,2,3.5999999046325684,3.605546712875366,2,2,0.0055468082427978516,0.0055468082427978516,1
There is no lion walking,A lion is slowly walking,3.299999952316284,2,3.299999952316284,3.4785521030426025,2,2,0.17855215072631836,0.17855215072631836,1
Not everyone is able to walk a lion,A lion is slowly walking,2.5,0,2.5,3.2605388164520264,0,0,0.7605388164520264,0.7605388164520264,1
A lion is pacing tiredly in a pen,A lion is slowly moving around,4.0,0,4.0,4.399559497833252,0,1,0.39955949783325195,0.39955949783325195,0
A lion is pacing tiredly in a pen,There is no lion walking,2.799999952316284,2,2.799999952316284,3.4424808025360107,2,2,0.6424808502197266,0.6424808502197266,1
Not everyone is able to walk a lion,A lion is pacing tiredly in a pen,2.299999952316284,0,2.299999952316284,2.8615081310272217,0,0,0.5615081787109375,0.5615081787109375,1
A lion is slowly walking,There is no lion pacing tiredly in a pen,3.5,0,3.5,3.2806074619293213,0,0,-0.2193925380706787,0.2193925380706787,1
A lion is slowly walking,A lion is tiring the whole pen by pacing,4.099999904632568,0,4.099999904632568,3.364496946334839,0,0,-0.7355029582977295,0.7355029582977295,1
A lion is pacing tiredly in a pen,A lion is slowly walking,4.0,1,4.0,4.533571243286133,1,1,0.5335712432861328,0.5335712432861328,1
A flute is being played by a man,The flute is being played by one man,4.900000095367432,1,4.900000095367432,5.242575645446777,1,1,0.3425755500793457,0.3425755500793457,1
A flute is being played by a man,A flute isn't being played by a man,4.300000190734863,2,4.300000190734863,3.463742971420288,2,2,-0.8362572193145752,0.8362572193145752,1
A man is playing the guitar loudly,The adult is playing the guitar loudly,4.800000190734863,1,4.800000190734863,4.749656677246094,1,1,-0.05034351348876953,0.05034351348876953,1
There is no man playing the guitar loudly,A man is playing the guitar loudly,4.0,2,4.0,3.554634094238281,2,2,-0.4453659057617192,0.4453659057617192,1
The loud man is not allowed to play the guitar,A man is playing the guitar loudly,2.5999999046325684,0,2.5999999046325684,3.5891008377075195,0,0,0.9891009330749512,0.9891009330749512,1
The flute is being played by one man,A man is playing the guitar loudly,3.4000000953674316,0,3.400000095367432,2.943022966384888,0,0,-0.4569771289825435,0.4569771289825435,1
The person is dicing up a pepper which is orange,An orange pepper is being diced up by a person,4.900000095367432,1,4.900000095367432,5.192956924438477,1,1,0.2929568290710449,0.2929568290710449,1
A cook is rapidly slicing some bell peppers,A cook is slicing some bell peppers,4.699999809265137,1,4.699999809265137,5.005025863647461,1,1,0.3050260543823242,0.3050260543823242,1
There is no cook slicing some bell peppers,A cook is slicing some bell peppers,4.150000095367432,2,4.150000095367432,3.5268237590789795,2,2,-0.6231763362884521,0.6231763362884521,1
The person is dicing up a pepper which is orange,A cook is rapidly slicing some bell peppers,3.9000000953674316,0,3.900000095367432,4.635404586791992,0,1,0.7354044914245605,0.7354044914245605,0
Some bells are ringing near a cook slicing peppers,The person is dicing up a pepper which is orange,2.299999952316284,0,2.299999952316284,3.2709829807281494,0,0,0.9709830284118652,0.9709830284118652,1
The orange colored dices are being cast by a cook to win the pepper,A cook is slicing some bell peppers,2.5,0,2.5,3.4492828845977783,0,0,0.9492828845977783,0.9492828845977783,1
A girl is cutting the butter into two pieces,A girl is cutting butter into two pieces,4.900000095367432,1,4.900000095367432,5.171069622039795,1,1,0.2710695266723633,0.2710695266723633,1
A girl is cutting butter into two pieces,A girl is melting two pieces of butter together,3.5999999046325684,0,3.5999999046325684,4.005141258239746,0,0,0.40514135360717773,0.40514135360717773,1
A girl is cutting butter into two pieces,A magician is cutting a girl into two pieces like butter,2.200000047683716,0,2.200000047683716,3.799543619155884,0,0,1.599543571472168,1.599543571472168,1
Some sliced tofu is being eaten by a woman,Tofu is being sliced by a woman,3.5,0,3.5,5.079586029052734,0,1,1.5795860290527344,1.5795860290527344,0
Tofu isn't being sliced by a woman,A girl is cutting butter into two pieces,1.899999976158142,0,1.899999976158142,1.883461594581604,0,0,-0.016538381576538086,0.016538381576538086,1
A girl is cutting butter into two pieces,Some sliced tofu is being eaten by a woman,1.5,0,1.5,1.4694626331329346,0,0,-0.03053736686706543,0.03053736686706543,1
Tofu is being sliced by a woman,A girl is cutting the butter into two pieces,2.0999999046325684,0,2.0999999046325684,2.577819585800171,0,0,0.47781968116760254,0.47781968116760254,1
A girl is melting two pieces of butter together,Tofu is being sliced by a woman,1.434999942779541,0,1.434999942779541,1.344393253326416,0,0,-0.090606689453125,0.090606689453125,1
A magician is cutting a girl into two pieces like butter,Tofu is being sliced by a woman,1.2999999523162842,0,1.2999999523162842,2.7017593383789062,0,0,1.401759386062622,1.401759386062622,1
A girl is cutting butter into two pieces,Tofu is being sliced by a woman,2.4000000953674316,0,2.400000095367432,2.5482659339904785,0,0,0.14826583862304688,0.14826583862304688,1
There is no man sitting on the chair,One man is sitting on the chair,3.8350000381469727,2,3.8350000381469727,3.5650970935821533,2,2,-0.26990294456481934,0.26990294456481934,1
There is no man sitting on the chair,"The girl, who is little, is combing her hair into a pony tail.",1.0,0,1.0,1.1230387687683103,0,0,0.12303876876831032,0.12303876876831032,1
A girl is combing the hair of a little pony's tail,One man is sitting on the chair,1.0,0,1.0,1.0230224132537842,0,0,0.02302241325378418,0.02302241325378418,1
A man is carelessly smearing butter on a slice of garlic flavored bread ,The man is carelessly smearing butter on a slice of garlic bread,4.800000190734863,1,4.800000190734863,5.062919616699219,1,1,0.26291942596435547,0.26291942596435547,1
The man is carelessly smearing butter on a slice of garlic bread,A man is removing the butter from a piece of bread which is big,3.200000047683716,0,3.200000047683716,3.539435625076294,0,0,0.3394355773925781,0.3394355773925781,1
A man is spreading butter on a piece of bread which is big,A man is carelessly smearing butter on a slice of garlic flavored bread ,4.0,0,4.0,3.997685670852661,0,0,-0.002314329147338867,0.002314329147338867,1
The man isn't smearing butter on bread ,A man is spreading butter on a piece of bread which is big,3.4000000953674316,2,3.400000095367432,3.525664806365967,2,0,0.12566471099853516,0.12566471099853516,0
The man is carelessly smearing butter on a slice of garlic bread,A man is spreading butter on a piece of bread which is big,4.0,0,4.0,3.876680374145508,0,0,-0.12331962585449219,0.12331962585449219,1
The parrot is amazingly talking into the microphone,The parrot is talking into the microphone,4.599999904632568,1,4.599999904632568,4.96291446685791,1,1,0.3629145622253418,0.3629145622253418,1
The parrot is talking into the microphone,The parrot is silent in front of the microphone,3.5999999046325684,2,3.5999999046325684,3.496469736099243,2,2,-0.1035301685333252,0.1035301685333252,1
The parrot is speaking,A parrot is speaking,5.0,1,5.0,5.264859199523926,1,1,0.2648591995239258,0.2648591995239258,1
A parrot is speaking,There is no parrot speaking,3.700000047683716,2,3.700000047683716,3.4233286380767822,2,2,-0.2766714096069336,0.2766714096069336,1
The speaker likes parrots,A parrot is speaking,2.865000009536743,0,2.865000009536743,3.4047720432281494,0,0,0.5397720336914062,0.5397720336914062,1
The parrot is talking into the microphone,The parrot is speaking,3.799999952316284,1,3.799999952316284,4.895291328430176,1,1,1.0952913761138916,1.0952913761138916,1
The speaker likes parrots,The parrot is talking into the microphone,2.5999999046325684,0,2.5999999046325684,3.053382396697998,0,0,0.4533824920654297,0.4533824920654297,1
The parrot is amazingly talking into the microphone,A parrot is speaking,4.400000095367432,1,4.400000095367432,4.7327880859375,1,1,0.33278799057006836,0.33278799057006836,1
The microphone in front of the talking parrot is being muted,A parrot is speaking,3.0999999046325684,1,3.0999999046325684,3.7756330966949454,1,0,0.675633192062377,0.675633192062377,0
The parrot is talking into the microphone,A parrot is speaking,4.400000095367432,1,4.400000095367432,4.9066972732543945,1,1,0.5066971778869629,0.5066971778869629,1
A few kittens are eating,Some kittens are eating,4.800000190734863,1,4.800000190734863,5.0086188316345215,1,1,0.2086186408996582,0.2086186408996582,1
The food on the trays is being eaten by the kittens,The kittens are eating the food on the trays,4.800000190734863,1,4.800000190734863,5.230185508728027,1,1,0.43018531799316406,0.43018531799316406,1
The kittens on the trays are being eaten as food for an advertisement,Some kittens are eating,2.700000047683716,0,2.700000047683716,4.551248073577881,0,1,1.851248025894165,1.851248025894165,0
The food on the trays is being eaten by the kittens,A man is eating near the kittens,3.0,0,3.0,3.1310460567474365,0,0,0.13104605674743652,0.13104605674743652,1
A person is singing and playing a guitar,A person is singing and playing the guitar,4.900000095367432,1,4.900000095367432,5.057657241821289,1,1,0.15765714645385742,0.15765714645385742,1
A man is putting away a guitar,A man is passionately playing a guitar,3.299999952316284,2,3.299999952316284,3.634865283966065,2,0,0.3348653316497807,0.3348653316497807,0
A man is passionately playing a guitar,The guitar player loves the man passionately,2.5,0,2.5,3.074260950088501,0,0,0.574260950088501,0.574260950088501,1
A person is singing and playing the guitar,One man is passionately playing the guitar,4.199999809265137,0,4.199999809265137,4.301702499389648,0,0,0.10170269012451172,0.10170269012451172,1
The guitar player loves the man passionately,A person is singing and playing the guitar,2.5999999046325684,0,2.5999999046325684,3.436638832092285,0,0,0.8366389274597168,0.8366389274597168,1
A man is passionately playing a guitar,There is no person singing and playing the guitar,3.200000047683716,2,3.200000047683716,3.56535005569458,2,0,0.36535000801086426,0.36535000801086426,0
A man is passionately playing a guitar,The singer is playing the guitar in front of a person,3.9000000953674316,0,3.900000095367432,3.8683793544769287,0,0,-0.03162074089050293,0.03162074089050293,1
A few animals are out of the water,A few animals are playing in the water,3.5999999046325684,0,3.5999999046325684,3.537540435791016,0,2,-0.06245946884155229,0.06245946884155229,0
Nobody is playing ping pong,Two people are playing ping pong,3.5,2,3.5,3.55548357963562,2,2,0.05548357963562012,0.05548357963562012,1
Two people are playing ping pong,A ping pong player is meeting with two people,3.0999999046325684,0,3.0999999046325684,3.6054646968841553,0,0,0.5054647922515869,0.5054647922515869,1
Two people are playing ping pong,A few animals are playing in the water,1.0,0,1.0,1.039455533027649,0,0,0.039455533027648926,0.039455533027648926,1
A ping pong player is meeting with two people,A few animals are playing in the water,1.0,0,1.0,0.998397707939148,0,0,-0.0016022920608520508,0.0016022920608520508,1
Two people are playing ping pong,Some animals are playing wildly in the water,1.100000023841858,0,1.100000023841858,1.0607444047927856,0,0,-0.039255619049072266,0.039255619049072266,1
The windows are being cleaned by a man,The man has a window of time to clean himself,1.75,0,1.75,3.699279546737671,0,0,1.949279546737671,1.949279546737671,1
The man is driving a car,The man isn't driving a car,4.199999809265137,2,4.199999809265137,3.4119760990142822,2,2,-0.7880237102508545,0.7880237102508545,1
The man is driving a car,The driver's car is parked by a man,3.4000000953674316,0,3.400000095367432,3.4662458896636963,0,0,0.06624579429626465,0.06624579429626465,1
The man is driving a car carefully,The windows are being cleaned by a man,1.2000000476837158,0,1.2000000476837158,1.0525181293487549,0,0,-0.14748191833496094,0.14748191833496094,1
The windows are being cleaned by a man,The man isn't driving a car,1.7000000476837158,0,1.7000000476837158,1.2064285278320312,0,0,-0.49357151985168457,0.49357151985168457,1
The driver's car is parked by a man,The windows are being cleaned by a man,1.899999976158142,0,1.899999976158142,1.1405270099639893,0,0,-0.7594729661941528,0.7594729661941528,1
The man is driving a car,The man has a window of time to clean himself,1.600000023841858,0,1.600000023841858,1.2677184343338013,0,0,-0.33228158950805664,0.33228158950805664,1
One chimp is angrily kicking the target,A chimp is angrily kicking a target,4.800000190734863,1,4.800000190734863,5.164085388183594,1,1,0.36408519744873047,0.36408519744873047,1
A chimp is angrily kicking a target,A chimp is missing the target,3.200000047683716,2,3.200000047683716,3.492828845977783,2,2,0.2928287982940674,0.2928287982940674,1
A chimp is angrily kicking a target,An angry man is targeting a kicking chimp,3.4000000953674316,0,3.400000095367432,4.23228645324707,0,0,0.8322863578796387,0.8322863578796387,1
The woman is pouring oil into a skillet,Oil is being poured into a skillet by the woman,5.0,1,5.0,5.2522382736206055,1,1,0.25223827362060547,0.25223827362060547,1
The woman isn't pouring oil into a skillet,The woman is pouring oil into a skillet,3.5999999046325684,2,3.5999999046325684,3.513048887252808,2,2,-0.0869510173797603,0.0869510173797603,1
Oil is being poured into a skillet by the woman,A chimp is angrily kicking a target,1.0,0,1.0,0.91025573015213,0,0,-0.08974426984786998,0.08974426984786998,1
A chimp is angrily kicking a target,The woman isn't pouring oil into a skillet,1.0,0,1.0,0.945915699005127,0,0,-0.05408430099487305,0.05408430099487305,1
A chimp is angrily kicking a target,The skillet is being oiled by a woman who is pouring some water,1.0,0,1.0,0.9441823959350586,0,0,-0.055817604064941406,0.055817604064941406,1
The woman is pouring oil into a skillet,One chimp is angrily kicking the target,1.0,0,1.0,0.9253314733505248,0,0,-0.07466852664947521,0.07466852664947521,1
The woman is pouring oil into a skillet,A chimp is missing the target,1.0,0,1.0,0.9583027362823486,0,0,-0.04169726371765137,0.04169726371765137,1
An angry man is targeting a kicking chimp,The woman is pouring oil into a skillet,1.0,0,1.0,0.9263494610786438,0,0,-0.0736505389213562,0.0736505389213562,1
A person is putting meat into a skillet carelessly,A person is putting meat into a skillet,4.300000190734863,1,4.300000190734863,4.71638298034668,1,1,0.4163827896118164,0.4163827896118164,1
A person is taking away the meat in the skillet,A person is putting meat into a skillet,3.5,0,3.5,3.713347911834717,0,0,0.2133479118347168,0.2133479118347168,1
A woman is putting the baby into a trash can,A person is putting meat into a skillet,1.0,0,1.0,1.1364421844482422,0,0,0.1364421844482422,0.1364421844482422,1
The kitten isn't eagerly drinking some milk from the bowl,The kitten is eagerly drinking some milk from the bowl,4.0,2,4.0,3.498883008956909,2,2,-0.5011169910430908,0.5011169910430908,1
One small child is drinking water from the cup,One small child is filling the cup with water,3.799999952316284,0,3.799999952316284,3.944495439529419,0,0,0.14449548721313477,0.14449548721313477,1
One small child is drinking water from the cup,The kitten is eagerly drinking some milk from the bowl,1.399999976158142,0,1.399999976158142,1.5952644348144531,0,0,0.19526445865631104,0.19526445865631104,1
One small child is drinking water from the cup,The kitten isn't eagerly drinking some milk from the bowl,1.399999976158142,0,1.399999976158142,1.4919394254684448,0,0,0.09193944931030273,0.09193944931030273,1
The band is singing loudly,The band is singing ,4.599999904632568,1,4.599999904632568,4.148651123046875,1,0,-0.45134878158569336,0.45134878158569336,0
A woman is putting on makeup carefully,"A woman is putting on some makeup carefully,",4.900000095367432,1,4.900000095367432,4.911225318908691,1,1,0.011225223541259766,0.011225223541259766,1
A woman is carefully removing her makeup,A woman is putting on makeup carefully,2.799999952316284,0,2.799999952316284,3.74570107460022,0,0,0.945701122283936,0.945701122283936,1
"A woman is putting on some makeup carefully,",The band is singing ,1.0,0,1.0,1.1264171600341797,0,0,0.1264171600341797,0.1264171600341797,1
The band is singing ,A woman is carefully removing her makeup,1.0,0,1.0,1.2499741315841677,0,0,0.2499741315841677,0.2499741315841677,1
A woman is putting on makeup carefully,The band is singing loudly,1.0,0,1.0,1.1199498176574707,0,0,0.1199498176574707,0.1199498176574707,1
A woman is putting on makeup carefully,The singer is leaving the band,1.0,0,1.0,1.2081148624420166,0,0,0.2081148624420166,0.2081148624420166,1
A person is playing a guitar and singing,Nobody is playing the guitar and singing,3.9000000953674316,2,3.900000095367432,3.447866678237915,2,2,-0.4521334171295166,0.4521334171295166,1
A person is playing a guitar and singing,The singer is hiring a person to fire the guitar player,2.0999999046325684,0,2.0999999046325684,2.325127124786377,0,0,0.2251272201538086,0.2251272201538086,1
"The woman is playing a guitar, which is acoustic, and singing","The woman isn't playing the guitar, which is acoustic, or singing",3.799999952316284,2,3.799999952316284,3.4527509212493896,2,2,-0.34724903106689453,0.34724903106689453,1
A person is playing a guitar and singing,"The woman isn't playing the guitar, which is acoustic, or singing",2.9000000953674316,0,2.900000095367432,3.613287925720215,0,0,0.7132878303527832,0.7132878303527832,1
"The woman is playing a guitar, which is acoustic, and singing",One person is playing the guitar and singing,4.400000095367432,1,4.400000095367432,4.7676286697387695,1,1,0.3676285743713379,0.3676285743713379,1
"The woman is playing a guitar, which is acoustic, and singing",A person is playing a guitar and singing,4.699999809265137,1,4.699999809265137,4.829324722290039,1,1,0.12932491302490234,0.12932491302490234,1
Some water is being casually drunk by a cat,Some water is being drunk by a cat,4.199999809265137,1,4.199999809265137,4.978672981262207,1,1,0.7786731719970703,0.7786731719970703,1
Some water is being drunk by a cat,A drunk man is unwarily watering a cat,2.799999952316284,0,2.799999952316284,3.359678030014038,0,0,0.5596780776977539,0.5596780776977539,1
One truck is quickly going down the hill,A truck is quickly going down a hill,4.900000095367432,1,4.900000095367432,5.08688497543335,1,1,0.18688488006591797,0.18688488006591797,1
One truck is quickly going down the hill,Some water is being drunk by a cat,1.0,0,1.0,0.9530827403068542,0,0,-0.04691725969314575,0.04691725969314575,1
A truck is quickly going up a hill,Some water is being drunk by a cat,1.0,0,1.0,0.94258451461792,0,0,-0.05741548538207997,0.05741548538207997,1
A truck is quickly going down a hill,There is no water being drunk by a cat,1.0,0,1.0,0.945334017276764,0,0,-0.05466598272323597,0.05466598272323597,1
A truck is quickly going down a hill,A drunk man is unwarily watering a cat,1.0,0,1.0,0.955370545387268,0,0,-0.044629454612732045,0.044629454612732045,1
A girl is playing the guitar,The guitar player is loving one girl,2.799999952316284,0,2.799999952316284,2.753815174102783,0,0,-0.04618477821350098,0.04618477821350098,1
The man isn't intensely playing the guitar,A girl is playing the guitar,3.0,0,3.0,2.996967077255249,0,0,-0.0030329227447509766,0.0030329227447509766,1
A young woman is playing the guitar,The man is intensely playing the guitar,3.4000000953674316,0,3.400000095367432,3.419097423553467,0,0,0.019097328186035156,0.019097328186035156,1
A girl is not playing the guitar,The man is intensely playing the guitar,3.4000000953674316,0,3.400000095367432,2.8630833625793457,0,0,-0.5369167327880859,0.5369167327880859,1
The horse is being ridden by a man,A man is riding the animal,4.400000095367432,1,4.400000095367432,4.992295265197754,1,1,0.5922951698303223,0.5922951698303223,1
The man is on the ride with the horse,The horse is being ridden by a man,3.700000047683716,0,3.700000047683716,4.791159629821777,0,1,1.0911595821380615,1.0911595821380615,0
A man is riding the horse,A man is riding a motorbike,2.4000000953674316,0,2.400000095367432,2.6879236698150635,0,0,0.28792357444763184,0.28792357444763184,1
The horse is being ridden by a man,A man is riding a motorbike,2.0999999046325684,0,2.0999999046325684,2.3683969974517822,0,0,0.26839709281921387,0.26839709281921387,1
A man is dangerously throwing knives at the tree,A man is dangerously throwing knives at a tree,5.0,1,5.0,5.100790500640869,1,1,0.10079050064086914,0.10079050064086914,1
The man is doing a magic trick,A man is dangerously extracting knives from a tree,2.0,0,2.0,1.5566257238388062,0,0,-0.44337427616119385,0.44337427616119385,1
The man is doing a magic trick,Some dangerous men with knives are throwing a bike against a tree,1.5,0,1.5,1.4277822971343994,0,0,-0.07221770286560059,0.07221770286560059,1
The man is doing a magic trick,A man is dangerously throwing knives at a tree,2.700000047683716,0,2.700000047683716,1.6370248794555664,0,0,-1.0629751682281494,1.0629751682281494,1
The guitar is being sold by a lady,The guitar is being played by a lady,3.0999999046325684,0,3.0999999046325684,4.934435844421387,0,1,1.8344359397888184,1.8344359397888184,0
The person isn't practicing the guitar,The person is practicing the guitar,4.0,2,4.0,3.4457311630249023,2,2,-0.5542688369750977,0.5542688369750977,1
The practicing person doesn't like the guitar,The person is practicing the guitar,3.299999952316284,0,3.299999952316284,3.614731550216675,0,0,0.3147315979003906,0.3147315979003906,1
The guitar is being played by a lady,The man is practicing the guitar,3.200000047683716,0,3.200000047683716,3.230153799057007,0,0,0.030153751373291016,0.030153751373291016,1
The person isn't practicing the guitar,The guitar is being played by a lady,2.700000047683716,0,2.700000047683716,3.193289041519165,0,0,0.4932889938354492,0.4932889938354492,1
The guitar is being played by a girl,The person is practicing the guitar,3.799999952316284,1,3.799999952316284,4.425723075866699,1,1,0.625723123550415,0.625723123550415,1
The guitar is being played by a lady,The person is practicing the guitar,4.099999904632568,0,4.099999904632568,4.434919357299805,0,1,0.33491945266723633,0.33491945266723633,0
Mud is being thrown to the playing boy,The boy is playing in the mud,3.700000047683716,0,3.700000047683716,3.070117473602295,0,0,-0.6298825740814209,0.6298825740814209,1
The cat is playing with a device,A cat is playing with a device,5.0,1,5.0,5.107064247131348,1,1,0.10706424713134766,0.10706424713134766,1
There is no cat playing with a device,A cat is playing with a device,3.5,2,3.5,3.5893616676330566,2,2,0.08936166763305664,0.08936166763305664,1
The cat is playing with a device,The boy is playing in the mud,1.0,0,1.0,1.1232404708862305,0,0,0.12324047088623047,0.12324047088623047,1
A playing device is amusing a cat,The boy is playing in the mud,1.0,0,1.0,1.09348464012146,0,0,0.09348464012145996,0.09348464012145996,1
A cat is playing with a device,The boy isn't playing in the mud,1.399999976158142,0,1.399999976158142,1.0899980068206787,0,0,-0.3100019693374634,0.3100019693374634,1
Some meat is being cut into pieces by a woman,A woman is cutting some meat into pieces,4.800000190734863,1,4.800000190734863,5.184093475341797,1,1,0.3840932846069336,0.3840932846069336,1
Some meat is being stitched together by a woman,Some meat is being cut into pieces by a woman,3.25,0,3.25,4.032327175140381,0,0,0.7823271751403809,0.7823271751403809,1
A lady is cutting up some meat,There is no lady cutting up some meat,3.0999999046325684,2,3.0999999046325684,3.461491584777832,2,2,0.36149168014526367,0.36149168014526367,1
A woman is cutting some meat into pieces,A lady is cutting up some meat,4.900000095367432,1,4.900000095367432,4.397480487823486,1,0,-0.5025196075439453,0.5025196075439453,0
A lady is cutting up some meat,The woman is eating some cut pieces of raw meat,3.4000000953674316,0,3.400000095367432,3.7033770084381104,0,0,0.3033769130706787,0.3033769130706787,1
A lady is cutting up some meat,Some meat is being cut into pieces by a woman,4.800000190734863,1,4.800000190734863,4.382763862609863,1,0,-0.417236328125,0.417236328125,0
A boy in his teens isn't talking to a girl with a webcam,A boy in his teens is talking to a girl with a webcam,3.0999999046325684,2,3.0999999046325684,3.5617318153381348,2,2,0.4617319107055664,0.4617319107055664,1
A boy in his teens is talking to a girl with a webcam,One man is chatting with a girl with an internet camera,3.9000000953674316,0,3.900000095367432,3.936222553253174,0,0,0.03622245788574219,0.03622245788574219,1
One man is talking to a girl with an internet camera,A boy in his teens is talking to a girl with an internet camera,3.9000000953674316,0,3.900000095367432,4.054388046264648,0,0,0.1543879508972168,0.1543879508972168,1
One man is talking to a girl with an internet camera,A boy in his teens is talking to a girl with a webcam,4.099999904632568,0,4.099999904632568,3.989623785018921,0,0,-0.11037611961364746,0.11037611961364746,1
A person is strongly whisking eggs in a bowl,A strong person is leaving the whisk in the bowl near the eggs,3.5999999046325684,0,3.5999999046325684,3.577928304672241,0,0,-0.02207159996032715,0.02207159996032715,1
A person is strongly whisking eggs in a bowl,"A woman is beating the man that is keeping two eggs in the bowl, using a wire whisk ",2.5999999046325684,0,2.5999999046325684,3.0660409927368164,0,0,0.46604108810424805,0.46604108810424805,1
A woman is beating two eggs in a bowl and using a whisk made of wire,A person is removing eggs from a bowl,2.799999952316284,0,2.799999952316284,3.4961061477661133,0,0,0.6961061954498291,0.6961061954498291,1
A white car is being driven by the man,A man's white car is being driven away,4.199999809265137,1,4.199999809265137,3.761082410812378,1,0,-0.4389173984527588,0.4389173984527588,0
The man is granting an interview,There is no white car being driven by the man,1.0,0,1.0,1.1748557090759275,0,0,0.1748557090759275,0.1748557090759275,1
A white car is being driven by the man,The interviewer is granting a break to the man,1.600000023841858,0,1.600000023841858,1.466292142868042,0,0,-0.13370788097381592,0.13370788097381592,1
A cord is being climbed by a man,A rope is being climbed by a man,4.199999809265137,1,4.199999809265137,4.901349067687988,1,1,0.7013492584228516,0.7013492584228516,1
A man is eating a carrot sliced by a machine,A man is slicing the carrot with a machine,3.5999999046325684,0,3.5999999046325684,4.558940410614014,0,1,0.9589405059814453,0.9589405059814453,0
A man is removing a carrot from a machine,A rope is being climbed by a man,1.5,0,1.5,0.9820629954338074,0,0,-0.5179370045661926,0.5179370045661926,1
A cord is being climbed by a man,A man is slicing the carrot with a machine,1.100000023841858,0,1.100000023841858,1.229527711868286,0,0,0.129527688026428,0.129527688026428,1
There is no rope being climbed by a man,A man is slicing the carrot with a machine,1.100000023841858,0,1.100000023841858,1.0164270401000977,0,0,-0.08357298374176025,0.08357298374176025,1
The cat is licking a shallow dish full of milk,The cat is licking milk from a saucer,4.199999809265137,0,4.199999809265137,3.768399477005005,0,0,-0.43160033226013184,0.43160033226013184,1
The cat is licking milk from a saucer,A lick of milk sauce is being given to the cat,3.700000047683716,0,3.700000047683716,3.8666179180145264,0,0,0.16661787033081055,0.16661787033081055,1
The cat is licking milk from a saucer,Some milk is being hungrily drunk by a cat,4.400000095367432,0,4.400000095367432,4.238777160644531,0,0,-0.1612229347229004,0.1612229347229004,1
The cat is licking milk from a saucer,The cat is hungrily drinking milk,4.300000190734863,0,4.300000190734863,4.407989025115967,0,0,0.10798883438110352,0.10798883438110352,1
A baby is cheerfully playing with a dog,A baby is playing with a dog ,4.699999809265137,1,4.699999809265137,4.546580314636231,1,0,-0.15341949462890536,0.15341949462890536,0
There is no baby playing with a dog,A baby is playing with a dog ,3.799999952316284,2,3.799999952316284,3.491563081741333,2,2,-0.30843687057495117,0.30843687057495117,1
A small boy is playing with a dog,The small boy is playing with the dog,5.0,1,5.0,5.1056742668151855,1,1,0.10567426681518555,0.10567426681518555,1
A baby is playing with a dog ,The small boy is playing with the dog,4.199999809265137,0,4.199999809265137,4.680482864379883,0,1,0.4804830551147461,0.4804830551147461,0
A baby is cheerfully playing with a dog,A small boy is playing with a dog,4.5,0,4.5,4.787537574768066,0,1,0.2875375747680664,0.2875375747680664,0
A small boy is playing with a dog,There is no baby playing with a dog,3.200000047683716,0,3.200000047683716,3.1916699409484863,0,0,-0.008330106735229492,0.008330106735229492,1
A small boy is playing with a dog,A baby is playing with a dog ,4.099999904632568,0,4.099999904632568,3.9454731941223145,0,0,-0.1545267105102539,0.1545267105102539,1
There is no woman peeling a potato,A woman is peeling a potato,2.799999952316284,2,2.799999952316284,3.5986831188201904,2,2,0.7986831665039062,0.7986831665039062,1
A potato peel is falling over a woman,A woman is peeling a potato,3.5,0,3.5,3.5210256576538086,0,0,0.021025657653808594,0.021025657653808594,1
The man is not slicing potatoes,The man is slicing potatoes,3.799999952316284,2,3.799999952316284,3.497358560562134,2,2,-0.3026413917541504,0.3026413917541504,1
A woman is peeling a potato,The man is slicing some potatoes,3.0999999046325684,0,3.0999999046325684,3.142907857894897,0,0,0.04290795326232866,0.04290795326232866,1
A woman is peeling a potato,The man is not slicing potatoes,3.0999999046325684,0,3.0999999046325684,2.7367823123931885,0,0,-0.3632175922393799,0.3632175922393799,1
A potato peel is falling over a woman,The man is slicing potatoes,2.200000047683716,0,2.200000047683716,2.296875238418579,0,0,0.09687519073486328,0.09687519073486328,1
A man is taking pictures of a lake,A man is attentively taking pictures of a lake,4.699999809265137,1,4.699999809265137,4.732957363128662,1,1,0.03295755386352539,0.03295755386352539,1
The picture of a man is being taken near a lake,A man is taking pictures of a lake,3.4000000953674316,0,3.400000095367432,4.567907333374023,0,1,1.1679072380065918,1.1679072380065918,0
The man is setting up the camera and taking sunset pictures at the beach,The man is setting up the camera and takes pictures of the sunset at the beach,5.0,1,5.0,5.091189861297607,1,1,0.09118986129760742,0.09118986129760742,1
The man is setting up the camera and taking sunset pictures at the beach,The picture of a camera set up is being taken by a man on the beach at the sunset,4.0,1,4.0,4.618791103363037,1,1,0.6187911033630371,0.6187911033630371,1
A man is taking pictures of a lake,The man is setting up the camera and takes pictures of the sunset at the beach,3.799999952316284,0,3.799999952316284,3.3585283756256104,0,0,-0.44147157669067383,0.44147157669067383,1
A man is taking pictures of a lake,The man is putting away the camera and walks away from the beach,2.5,0,2.5,3.2030866146087646,0,0,0.7030866146087646,0.7030866146087646,1
The man is setting up the camera and taking sunset pictures at the beach,A man is attentively taking pictures of a lake,3.200000047683716,0,3.200000047683716,3.403533935546875,0,0,0.20353388786315918,0.20353388786315918,1
A man is tearing up the pictures of a lake,The man is setting up the camera and taking sunset pictures at the beach,2.5,0,2.5,2.5820577144622803,0,0,0.08205771446228027,0.08205771446228027,1
The picture of a man is being taken near a lake,The man is setting up the camera and taking sunset pictures at the beach,2.700000047683716,0,2.700000047683716,3.089240550994873,0,0,0.3892405033111572,0.3892405033111572,1
The man is setting up the camera and taking sunset pictures at the beach,A man is taking pictures of a lake,3.4000000953674316,0,3.400000095367432,3.472109317779541,0,0,0.07210922241210938,0.07210922241210938,1
A woman is sewing with a machine,A woman is using a sewing machine,4.900000095367432,1,4.900000095367432,5.045802116394043,1,1,0.14580202102661133,0.14580202102661133,1
A woman is using a sewing machine,A woman is unstitching with a machine,4.050000190734863,0,4.050000190734863,3.3895304203033447,0,0,-0.6604697704315186,0.6604697704315186,1
A woman is cracking an egg into a bowl,A woman is placing a bowl with a crack near an egg,3.200000047683716,0,3.200000047683716,3.473998069763184,0,0,0.2739980220794682,0.2739980220794682,1
The woman is cracking two eggs into a bowl made of glass,The woman is cracking two eggs into a glass bowl,5.0,1,5.0,5.174771308898926,1,1,0.17477130889892578,0.17477130889892578,1
A woman is cracking an egg into a bowl,The woman is not cracking two eggs into a glass bowl,3.0,0,3.0,3.669904947280884,0,0,0.6699049472808838,0.6699049472808838,1
The woman is cracking two eggs into a glass bowl,An egg is being cracked into a bowl by a woman,4.199999809265137,1,4.199999809265137,4.882033824920654,1,1,0.6820340156555176,0.6820340156555176,1
A few men are cheerfully playing cricket,A few men are playing cricket,4.5,1,4.5,4.795247554779053,1,1,0.29524755477905273,0.29524755477905273,1
People are not playing cricket,People are playing cricket,4.0,2,4.0,3.484098196029663,2,2,-0.5159018039703369,0.5159018039703369,1
A few men are playing cricket,Some people are playing cricket,4.5,1,4.5,4.880645275115967,1,1,0.3806452751159668,0.3806452751159668,1
A few men are playing cricket,People are not playing cricket,4.199999809265137,2,4.199999809265137,3.386240005493164,2,2,-0.8137598037719727,0.8137598037719727,1
People are playing cricket,A few men are watching cricket,3.5,0,3.5,3.357083559036255,0,0,-0.14291644096374512,0.14291644096374512,1
People are playing cricket,A few men are playing cricket,4.699999809265137,1,4.699999809265137,4.878291130065918,1,1,0.17829132080078125,0.17829132080078125,1
A man is putting garlic on some slices of bread,A man is putting garlic on some bread slices,5.0,1,5.0,5.037547588348389,1,1,0.03754758834838867,0.03754758834838867,1
A man is slicing some garlic and putting away the bread,A man is putting garlic on some bread slices,3.299999952316284,0,3.299999952316284,3.733271360397339,0,0,0.4332714080810547,0.4332714080810547,1
A man is sprinkling seasoning on several sliced and buttered loaves of bread,A person is sprinkling seasoning on several sliced and buttered loaves of bread,4.400000095367432,1,4.400000095367432,5.052375316619873,1,1,0.6523752212524414,0.6523752212524414,1
A man is putting garlic on some bread slices,There is no man sprinkling seasoning on several sliced and buttered loaves of bread,3.0999999046325684,0,3.0999999046325684,3.4162111282348637,0,0,0.31621122360229537,0.31621122360229537,1
A man is sprinkling seasoning on several sliced and buttered loaves of bread,A man is slicing some garlic and putting away the bread,3.0,0,3.0,3.0180790424346924,0,0,0.018079042434692383,0.018079042434692383,1
A man is putting garlic on some bread slices,A man is sprinkling seasoning on several sliced and buttered loaves of bread,3.9000000953674316,0,3.900000095367432,4.127638816833496,0,0,0.22763872146606445,0.22763872146606445,1
Two crocodiles are floating in a green colored swimming pool near some playing kids,Two kids are playing in a swimming pool with a green colored crocodile float,3.5,0,3.5,3.841421604156494,0,0,0.34142160415649414,0.34142160415649414,1
Two kids are pulling an inflatable crocodile out of a pool,Two kids are pushing an inflatable crocodile in a pool,3.700000047683716,0,3.700000047683716,4.016682624816895,0,0,0.3166825771331796,0.3166825771331796,1
Two kids are playing in a swimming pool with a green colored crocodile float,Two kids are pulling an inflatable crocodile out of a pool,3.700000047683716,0,3.700000047683716,4.029730796813965,0,0,0.329730749130249,0.329730749130249,1
Two kids are playing in a swimming pool with a crocodile float that is green,Two kids are pushing an inflatable crocodile in a pool,4.5,1,4.5,4.239346981048584,1,0,-0.260653018951416,0.260653018951416,0
Two kids are pushing an inflatable crocodile in a pool,Two kids are playing in a swimming pool with a green colored crocodile float,4.400000095367432,1,4.400000095367432,4.212141036987305,1,0,-0.18785905838012695,0.18785905838012695,0
Someone is falling off a horse,Someone is on a horse,3.799999952316284,0,3.799999952316284,3.7413442134857178,0,0,-0.058655738830566406,0.058655738830566406,1
The man is being knocked off of a horse,The man is not knocked off of a horse,3.799999952316284,2,3.799999952316284,3.4840991497039795,2,2,-0.3159008026123047,0.3159008026123047,1
The man is abruptly knocked off of a horse,Someone is falling off a horse,4.400000095367432,1,4.400000095367432,4.678674221038818,1,1,0.2786741256713867,0.2786741256713867,1
The man is being knocked off of a horse,Someone is on a horse,3.4000000953674316,0,3.400000095367432,3.654217958450317,0,0,0.2542178630828853,0.2542178630828853,1
A horse is falling on someone,The man is being knocked off of a horse,2.5999999046325684,0,2.5999999046325684,3.048135757446289,0,0,0.4481358528137207,0.4481358528137207,1
The man is being knocked off of a horse,Someone is falling off a horse,4.099999904632568,1,4.099999904632568,4.903221130371094,1,1,0.8032212257385254,0.8032212257385254,1
There is no woman tapping her fingers,A woman is tapping her fingers,3.0,2,3.0,3.5441675186157227,2,2,0.5441675186157227,0.5441675186157227,1
A woman is tapping her fingers on a desk,A woman is tapping her fingers,4.199999809265137,1,4.199999809265137,4.703015804290772,1,1,0.5030159950256357,0.5030159950256357,1
The dog is knocking a boy into the water,A boy is being knocked into the water by the dog,4.5,1,4.5,5.156529903411865,1,1,0.6565299034118652,0.6565299034118652,1
The dog is not knocking the boy into the water,A dog is pushing a toddler into a rain puddle,3.75,0,3.75,3.679357767105103,0,0,-0.07064223289489702,0.07064223289489702,1
The dog is knocking a boy into the water,A dog is pulling a toddler out of a rain puddle,3.200000047683716,0,3.200000047683716,3.549795150756836,0,0,0.3497951030731201,0.3497951030731201,1
The dog is knocking a boy into the water,A dog is pushing a toddler into a rain puddle,3.799999952316284,0,3.799999952316284,4.46384859085083,0,1,0.6638486385345459,0.6638486385345459,0
A man is hungrily eating a bowl of cereal,A man is eating a bowl of cereal,4.599999904632568,1,4.599999904632568,4.87197732925415,1,1,0.27197742462158203,0.27197742462158203,1
Cereal is being eaten by the man,The man is eating cereal,5.0,1,5.0,5.358687400817871,1,1,0.3586874008178711,0.3586874008178711,1
The man is eating cereal,There is no man eating cereal,3.9000000953674316,2,3.900000095367432,3.444525718688965,2,2,-0.4554743766784668,0.4554743766784668,1
A man is eating a bowl of cereal,The man is eating cereal,4.800000190734863,1,4.800000190734863,4.878539085388184,1,1,0.07853889465332031,0.07853889465332031,1
A man is playing the guitar,A man is strumming the guitar,4.599999904632568,1,4.599999904632568,4.261067867279053,1,0,-0.3389320373535156,0.3389320373535156,0
A man is packing away the guitar,A man is playing the guitar,3.0999999046325684,0,3.0999999046325684,3.729177713394165,0,0,0.6291778087615967,0.6291778087615967,1
The man is playing the flute,The person is playing the flute,4.699999809265137,1,4.699999809265137,5.043501853942871,1,1,0.3435020446777344,0.3435020446777344,1
The man in not playing the flute,The man is playing the flute,4.099999904632568,2,4.099999904632568,3.479336261749268,2,2,-0.6206636428833003,0.6206636428833003,1
A man is packing away the guitar,The man is playing the flute,2.799999952316284,0,2.799999952316284,2.647629976272583,0,0,-0.15236997604370117,0.15236997604370117,1
There is no woman adding spices to some meat,A woman is adding spices to some meat,4.0,2,4.0,3.5560832023620605,2,2,-0.44391679763793945,0.44391679763793945,1
The woman is adding sugar to the meat,The woman is not adding sugar to the meat,3.5999999046325684,2,3.5999999046325684,3.4555001258850098,2,2,-0.1444997787475586,0.1444997787475586,1
A woman is adding spices to some meat,The woman is adding sugar to the meat slowly,3.9000000953674316,0,3.900000095367432,4.377241611480713,0,0,0.47724151611328125,0.47724151611328125,1
The woman is not adding sugar to the meat,A woman is adding spices to some meat,3.5999999046325684,0,3.5999999046325684,3.815398931503296,0,0,0.21539902687072754,0.21539902687072754,1
A woman is adding spices to some meat,The woman is adding sugar to the meat,4.099999904632568,0,4.099999904632568,5.047637939453125,0,1,0.9476380348205566,0.9476380348205566,0
The woman is adding sugar to the meat,There is no woman adding spices to some meat,3.700000047683716,0,3.700000047683716,3.4455668926239014,0,2,-0.25443315505981445,0.25443315505981445,0
A dog is biting a can,A can is being bitten by a dog,5.0,1,5.0,5.236272811889648,1,1,0.23627281188964844,0.23627281188964844,1
A dog is opening a can of food,A dog is closing a can of food,3.0,0,3.0,4.924981117248535,0,1,1.9249811172485352,1.9249811172485352,0
A dog is closing a can of food,A dog is biting a can,3.200000047683716,0,3.200000047683716,4.607615947723389,0,1,1.4076159000396729,1.4076159000396729,0
A can is being bitten by a dog,A dog is opening a can of food,3.0999999046325684,0,3.0999999046325684,4.077510833740234,0,0,0.977510929107666,0.977510929107666,1
A dog is dropping a can,A dog is opening a can of food,3.0999999046325684,0,3.0999999046325684,3.57161545753479,0,0,0.4716155529022217,0.4716155529022217,1
A cat is playing with a watermelon,There is no cat playing with a watermelon,4.199999809265137,2,4.199999809265137,3.471782922744751,2,2,-0.7282168865203857,0.7282168865203857,1
The cat is playing with a watermelon,The cat isn't playing with a watermelon,4.0,2,4.0,3.4382174015045166,2,2,-0.5617825984954834,0.5617825984954834,1
A cat is playing with a watermelon,The cat is playing with a watermelon,5.0,1,5.0,5.129707336425781,1,1,0.12970733642578125,0.12970733642578125,1
There is no boy playing a guitar,A boy is playing a guitar,3.299999952316284,2,3.299999952316284,3.5358574390411377,2,2,0.23585748672485352,0.23585748672485352,1
A teenager is playing the guitar,A kid is playing a guitar,4.300000190734863,0,4.300000190734863,4.780420780181885,0,1,0.4804205894470215,0.4804205894470215,0
A kid is putting the guitar away,A kid is playing a guitar,3.5,0,3.5,3.663395881652832,0,0,0.16339588165283203,0.16339588165283203,1
A teenager is playing the guitar,A boy is playing a guitar,4.099999904632568,0,4.099999904632568,4.674124717712402,0,1,0.574124813079834,0.574124813079834,0
A boy is playing a guitar,A kid is putting the guitar away,3.434999942779541,0,3.434999942779541,3.3045225143432617,0,0,-0.1304774284362793,0.1304774284362793,1
There is no boy playing a guitar,A kid is playing a guitar,3.9000000953674316,0,3.900000095367432,3.5040295124053955,0,2,-0.39597058296203613,0.39597058296203613,0
A woman is wakeboarding on a lake,One woman is wakeboarding on the lake,4.699999809265137,1,4.699999809265137,5.135944366455078,1,1,0.4359445571899414,0.4359445571899414,1
A woman is wakeboarding on a lake,A woman is watching the lake,3.5999999046325684,0,3.5999999046325684,3.714670181274414,0,0,0.1146702766418457,0.1146702766418457,1
One woman is wakeboarding on the lake,The woman is waterskiing,3.5,0,3.5,4.63409423828125,0,1,1.13409423828125,1.13409423828125,0
A camera is being hammered onto the nail by the man,The man is hammering a nail with a camera,4.300000190734863,1,4.300000190734863,4.979766845703125,1,1,0.6797666549682617,0.6797666549682617,1
The man is hammering a nail with a camera,The man is not hammering a nail with a camera,3.0,2,3.0,3.45136833190918,2,2,0.45136833190918013,0.45136833190918013,1
The man is hammering a nail with a camera,Someone is nailing a camera lens with loud bangs,3.549999952316284,0,3.549999952316284,3.708225965499878,0,0,0.15822601318359375,0.15822601318359375,1
The man is hammering a nail with a camera,Someone is banging a camera lens against a nail,4.264999866485596,0,4.264999866485596,3.775870084762573,0,0,-0.4891297817230229,0.4891297817230229,1
A person is wrapping up an onion,A person is cutting an onion,3.5999999046325684,0,3.5999999046325684,3.764707803726196,0,0,0.16470789909362749,0.16470789909362749,1
A person near an onion has a cut,A person is cutting an onion,3.4000000953674316,0,3.400000095367432,3.456357717514038,0,0,0.056357622146606445,0.056357622146606445,1
One person is cutting an onion,A person is cutting an onion,4.900000095367432,1,4.900000095367432,5.219058036804199,1,1,0.3190579414367676,0.3190579414367676,1
A person is cutting an onion,There is no person cutting an onion,3.299999952316284,2,3.299999952316284,3.4625461101531982,2,2,0.16254615783691406,0.16254615783691406,1
A person is cutting an onion,One person is cutting an onion,4.800000190734863,1,4.800000190734863,5.248216152191162,1,1,0.44821596145629883,0.44821596145629883,1
A person is slicing an onion,A person is cutting an onion,4.800000190734863,1,4.800000190734863,5.197732925415039,1,1,0.3977327346801758,0.3977327346801758,1
A carrot is being sliced by a woman,A woman is slicing a carrot,4.800000190734863,1,4.800000190734863,5.294213771820068,1,1,0.4942135810852051,0.4942135810852051,1
A woman is slicing a carrot,There is no woman slicing a carrot,3.200000047683716,2,3.200000047683716,3.4300761222839355,2,2,0.23007607460021973,0.23007607460021973,1
The oriental lady is cutting a carrot into thin pieces,The oriental lady is cutting a carrot into pieces that are thin,5.0,1,5.0,5.227076053619385,1,1,0.22707605361938477,0.22707605361938477,1
A thin lady is piecing together oriental carrot cuts,A woman is slicing a carrot,3.299999952316284,0,3.299999952316284,3.4146928787231445,0,0,0.11469292640686035,0.11469292640686035,1
The oriental lady is cutting a carrot into thin pieces,A carrot is being sliced by a woman,4.300000190734863,1,4.300000190734863,4.469759941101074,1,1,0.16975975036621094,0.16975975036621094,1
The oriental lady is cutting a carrot into thin pieces,A woman is slicing a carrot,4.400000095367432,1,4.400000095367432,4.473084449768066,1,1,0.07308435440063477,0.07308435440063477,1
A man is pouring a plate of shredded cheese into a pot of sauce,A man is pouring a plate of cheese which is shredded into a pot of sauce,5.0,1,5.0,4.812961578369141,1,1,-0.18703842163085938,0.18703842163085938,1
A man is pouring a plate of shredded cheese into a pot of sauce,A man is taking a plate of shredded cheese off of a pot of sauce,3.9000000953674316,0,3.900000095367432,3.4289896488189697,0,0,-0.4710104465484619,0.4710104465484619,1
The woman is adding cheese to the sauce,The lady is adding cheese to the sauce,4.800000190734863,1,4.800000190734863,5.15179967880249,1,1,0.35179948806762695,0.35179948806762695,1
A man is pouring a plate of cheese which is shredded into a pot of sauce,The lady is adding cheese to the sauce,3.5999999046325684,1,3.5999999046325684,2.3955135345458984,1,0,-1.20448637008667,1.20448637008667,0
The lady is adding cheese to the sauce,A man is taking a plate of shredded cheese off of a pot of sauce,2.4000000953674316,0,2.400000095367432,2.670949697494507,0,0,0.2709496021270752,0.2709496021270752,1
A man is pouring a pot of cheese sauce into a shredded plate,The lady is adding cheese to the sauce,2.200000047683716,0,2.200000047683716,2.0678160190582275,0,0,-0.13218402862548828,0.13218402862548828,1
The lady is adding cheese to the sauce,A man is pouring a plate of shredded cheese into a pot of sauce,3.700000047683716,0,3.700000047683716,2.7886908054351807,0,0,-0.9113092422485352,0.9113092422485352,1
Some cameras are being burned by a person with a blow torch,A person is burning some cameras with a blow torch,4.800000190734863,1,4.800000190734863,5.30052375793457,1,1,0.500523567199707,0.500523567199707,1
There is no person setting fire to the cameras,The person is setting fire to the cameras,3.0999999046325684,2,3.0999999046325684,3.618550777435303,2,2,0.5185508728027348,0.5185508728027348,1
A person is burning some cameras with a blow torch,The person is setting fire to the cameras,4.099999904632568,1,4.099999904632568,4.805252552032471,1,1,0.7052526473999023,0.7052526473999023,1
The man is playing an acoustic guitar,The man is playing a guitar which is acoustic,4.900000095367432,1,4.900000095367432,5.216436386108398,1,1,0.3164362907409668,0.3164362907409668,1
The man isn't playing an acoustic guitar,The man is playing an acoustic guitar,4.199999809265137,2,4.199999809265137,3.47823166847229,2,2,-0.7217681407928467,0.7217681407928467,1
The man is playing a guitar which is acoustic,A man is playing the guitar,4.300000190734863,1,4.300000190734863,4.859588623046875,1,1,0.5595884323120117,0.5595884323120117,1
A man is playing the guitar,The man isn't playing an acoustic guitar,3.799999952316284,0,3.799999952316284,3.654011487960816,0,2,-0.1459884643554683,0.1459884643554683,0
The man is playing an acoustic guitar,A man is playing the guitar,4.599999904632568,1,4.599999904632568,4.82390832901001,1,1,0.2239084243774414,0.2239084243774414,1
A person is cutting an onion into pieces,A person is piecing together an onion,3.4000000953674316,0,3.400000095367432,3.622356414794922,0,0,0.22235631942749023,0.22235631942749023,1
A person is slicing a carrot into pieces,A carrot is being sliced into pieces by a person,5.0,1,5.0,5.179802894592285,1,1,0.17980289459228516,0.17980289459228516,1
There is no person slicing a carrot into pieces,A person is slicing a carrot into pieces,3.5,2,3.5,3.5996711254119877,2,2,0.09967112541198775,0.09967112541198775,1
There is no person slicing a carrot into pieces,A person is cutting an onion into pieces,2.700000047683716,0,2.700000047683716,2.9701929092407227,0,0,0.27019286155700684,0.27019286155700684,1
A person is piecing together an onion,A person is slicing a carrot into pieces,2.5,0,2.5,2.5995349884033203,0,0,0.09953498840332031,0.09953498840332031,1
The man is slicing a potato,The man is wrapping a potato,4.099999904632568,0,4.099999904632568,3.627363443374634,0,0,-0.47263646125793457,0.47263646125793457,1
The man is slicing the potato,The person is slicing the potato,4.300000190734863,1,4.300000190734863,5.094277381896973,1,1,0.7942771911621094,0.7942771911621094,1
The man is slicing the potato,The man is not slicing the potato,2.9000000953674316,2,2.900000095367432,3.4219765663146973,2,2,0.5219764709472656,0.5219764709472656,1
The person is carefully slicing a potato,The man is slicing the potato,4.300000190734863,0,4.300000190734863,4.861940383911133,0,1,0.5619401931762695,0.5619401931762695,0
The man is slicing the potato,The man is wrapping a potato,3.5999999046325684,0,3.5999999046325684,3.53171181678772,0,0,-0.06828808784484819,0.06828808784484819,1
The man is cooking slices of potato,The man is slicing the potato,3.799999952316284,0,3.799999952316284,3.56280255317688,0,0,-0.2371973991394043,0.2371973991394043,1
The man is slicing a potato,The man is slicing the potato,5.0,1,5.0,5.168126106262207,1,1,0.16812610626220703,0.16812610626220703,1
There is no one cutting a tomato,Someone is cutting a tomato,3.4000000953674316,2,3.400000095367432,3.526796579360962,2,2,0.12679648399353027,0.12679648399353027,1
The lady is slicing a tomato,The woman is slicing a tomato,4.699999809265137,1,4.699999809265137,5.218360424041748,1,1,0.5183606147766113,0.5183606147766113,1
Somebody is cutting a tomato,The lady is slicing a tomato,4.400000095367432,1,4.400000095367432,4.596391677856445,1,1,0.19639158248901367,0.19639158248901367,1
A man is preparing some dish,A man is preparing a dish,5.0,1,5.0,5.103798866271973,1,1,0.10379886627197266,0.10379886627197266,1
The woman is slicing an onion with a knife,An onion is being sliced with a knife by the woman,4.800000190734863,1,4.800000190734863,5.177041053771973,1,1,0.3770408630371094,0.3770408630371094,1
A man is preparing some dish,The woman is not slicing an onion with a knife,1.600000023841858,0,1.600000023841858,1.4108680486679075,0,0,-0.18913197517395042,0.18913197517395042,1
The woman is slicing an onion with a knife,A man is preparing a dish,2.200000047683716,0,2.200000047683716,2.294126272201538,0,0,0.09412622451782227,0.09412622451782227,1
Runners are competing in a race,Runners are not taking part in the race,3.9000000953674316,2,3.900000095367432,3.438584566116333,2,2,-0.46141552925109863,0.46141552925109863,1
Runners are racing in a competition,Runners are competing in a race,4.5,1,4.5,5.110815048217773,1,1,0.6108150482177734,0.6108150482177734,1
The runners are racing impetuously around a track,The runners are racing around a track,4.699999809265137,1,4.699999809265137,4.753330707550049,1,1,0.05333089828491211,0.05333089828491211,1
The runners are racing around a track,The runners are not racing around a track,3.700000047683716,2,3.700000047683716,3.44346284866333,2,2,-0.25653719902038574,0.25653719902038574,1
The runners are racing impetuously around a track,Runners are competing in a race,4.300000190734863,1,4.300000190734863,4.417304992675781,1,1,0.11730480194091797,0.11730480194091797,1
Runners are competing in a race,The runners are not racing around a track,3.5999999046325684,0,3.5999999046325684,3.798008441925049,0,0,0.19800853729248047,0.19800853729248047,1
The runners are racing around a track,Runners are racing in a competition,4.0,0,4.0,4.421261787414551,0,1,0.4212617874145508,0.4212617874145508,0
The runners are racing around a track,Runners are competing in a race,4.25,1,4.25,4.558764934539795,1,1,0.3087649345397949,0.3087649345397949,1
A man is running,A man is standing still,2.4000000953674316,0,2.400000095367432,3.0345304012298584,0,0,0.6345303058624268,0.6345303058624268,1
A man is running down the road,One man is running down the road,4.699999809265137,1,4.699999809265137,5.013557434082031,1,1,0.31355762481689453,0.31355762481689453,1
A man is racing,A man is running down the road,3.299999952316284,0,3.299999952316284,3.8092334270477295,0,0,0.5092334747314453,0.5092334747314453,1
A man is running down the road,A man is standing still,2.700000047683716,0,2.700000047683716,2.631481409072876,0,0,-0.06851863861083984,0.06851863861083984,1
A man is running down the road,A man is running,4.5,1,4.5,4.60518741607666,1,1,0.10518741607666016,0.10518741607666016,1
The keyboard is being played with his nose by a man,A man is playing the keyboard with his nose,4.699999809265137,1,4.699999809265137,5.239487648010254,1,1,0.5394878387451172,0.5394878387451172,1
A man at the keyboard is playing with his nose,A man is playing the keyboard with his nose,4.300000190734863,1,4.300000190734863,5.110508918762207,1,1,0.8105087280273438,0.8105087280273438,1
The man is playing the piano with his nose,There is no man playing the piano with his nose,2.9000000953674316,2,2.900000095367432,3.504565954208374,2,2,0.6045658588409424,0.6045658588409424,1
The man is playing the piano with his nose,The keyboard is being played with his nose by a man,4.199999809265137,1,4.199999809265137,5.130863666534424,1,1,0.9308638572692871,0.9308638572692871,1
A man is idling,The man is playing the piano with his nose,1.5,0,1.5,1.656292200088501,0,0,0.15629220008850098,0.15629220008850098,1
A man at the keyboard is playing with his nose,The man is playing the piano with his nose,3.5,0,3.5,4.948816776275635,0,1,1.4488167762756348,1.4488167762756348,0
A baby rhino is following an adult rhino,"A rhino, which is little, is following an adult rhino",4.5,1,4.5,5.143476486206055,1,1,0.6434764862060547,0.6434764862060547,1
A baby rhino is following an adult rhino,A baby and an adult are being followed by a rhino,2.9000000953674316,0,2.900000095367432,3.874691963195801,0,0,0.9746918678283691,0.9746918678283691,1
"A rhino, which is a youngling, is walking around a pen with its mother",A baby rhino is walking around a pen with its mother,4.800000190734863,1,4.800000190734863,4.9700446128845215,1,1,0.1700444221496582,0.1700444221496582,1
A baby rhino is walking around a pen with its mother,A mother is giving the baby a pen with a walking rhino on it,2.0999999046325684,0,2.0999999046325684,3.439305067062378,0,0,1.3393051624298096,1.3393051624298096,1
A baby rhino is following an adult rhino,"A rhino, which is a youngling, is walking around a pen with its mother",4.800000190734863,1,4.800000190734863,4.059283256530762,1,0,-0.7407169342041016,0.7407169342041016,0
A baby rhino and its mother are standing in a pen,A baby rhino is following an adult rhino,3.700000047683716,0,3.700000047683716,4.262297630310059,0,0,0.5622975826263428,0.5622975826263428,1
A baby rhino is following an adult rhino,A mother is giving the baby a pen with a walking rhino on it,2.0999999046325684,0,2.0999999046325684,2.9339230060577397,0,0,0.8339231014251713,0.8339231014251713,1
A man is riding a motorcycle,A man is getting off the motorcycle,3.0,0,3.0,3.2954225540161133,0,0,0.2954225540161133,0.2954225540161133,1
A man is dangerously riding a motorcycle through a town,A man is riding a motorcycle through the town,4.300000190734863,1,4.300000190734863,4.871440887451172,1,1,0.5714406967163086,0.5714406967163086,1
There is no man riding a motorcycle through the town,A man is riding a motorcycle through the town,3.799999952316284,2,3.799999952316284,3.61540961265564,2,2,-0.1845903396606441,0.1845903396606441,1
A man is dangerously riding a motorcycle through a town,A man is riding a motorcycle,4.199999809265137,1,4.199999809265137,4.587268829345703,1,1,0.3872690200805664,0.3872690200805664,1
There is no man riding a motorcycle through the town,A man is riding a motorcycle,3.200000047683716,0,3.200000047683716,3.685014486312866,0,0,0.4850144386291504,0.4850144386291504,1
A group of people is singing,A few people are singing,4.599999904632568,1,4.599999904632568,4.955965042114258,1,1,0.35596513748168945,0.35596513748168945,1
A group of people is singing,A group of people is silent,3.799999952316284,0,3.799999952316284,3.1269290447235107,0,0,-0.6730709075927734,0.6730709075927734,1
Some people are singing,Some persons are singing,4.900000095367432,1,4.900000095367432,5.062333106994629,1,1,0.16233301162719727,0.16233301162719727,1
Some people are singing,Some people are silent,3.9000000953674316,0,3.900000095367432,3.051688432693481,0,0,-0.8483116626739506,0.8483116626739506,1
Some people are silent,A group of people is singing,2.299999952316284,0,2.299999952316284,2.918205976486206,0,0,0.6182060241699219,0.6182060241699219,1
Some people are singing,A group of people is silent,2.0999999046325684,0,2.0999999046325684,2.923778772354126,0,0,0.8237788677215576,0.8237788677215576,1
A man is playing a trumpet brightly,A man is playing a trumpet,4.300000190734863,1,4.300000190734863,4.858723163604736,1,1,0.558722972869873,0.558722972869873,1
A man is playing a trumpet,A man is putting a trumpet away,4.099999904632568,0,4.099999904632568,3.441638708114624,0,0,-0.6583611965179443,0.6583611965179443,1
The man is playing a guitar,A guitar is being played by the man,4.900000095367432,1,4.900000095367432,5.105299949645996,1,1,0.20529985427856445,0.20529985427856445,1
The man is playing a guitar,The man is not playing a guitar,3.200000047683716,2,3.200000047683716,3.3866515159606934,2,2,0.18665146827697754,0.18665146827697754,1
A guitar is being played by the man,A man is playing a trumpet,3.0,0,3.0,2.754495143890381,0,0,-0.24550485610961914,0.24550485610961914,1
The man is not playing a guitar,A man is playing a trumpet,3.200000047683716,0,3.200000047683716,2.871447324752808,0,0,-0.32855272293090776,0.32855272293090776,1
The man is playing a guitar,A man is playing a trumpet brightly,2.4000000953674316,0,2.400000095367432,2.814744710922241,0,0,0.41474461555480957,0.41474461555480957,1
A man is putting a trumpet away,The man is playing a guitar,2.0,0,2.0,2.550801515579224,0,0,0.5508015155792241,0.5508015155792241,1
A man is dancing,A man is motionless,3.299999952316284,0,3.299999952316284,2.512762546539306,0,0,-0.787237405776978,0.787237405776978,1
A man is speaking,A man is silent,3.299999952316284,2,3.299999952316284,3.1886911392211914,2,2,-0.11130881309509277,0.11130881309509277,1
A man is dancing,A man is talking,2.700000047683716,0,2.700000047683716,2.3652188777923584,0,0,-0.3347811698913574,0.3347811698913574,1
A man is speaking,One man is dancing,2.299999952316284,0,2.299999952316284,2.4128668308258057,0,0,0.11286687850952148,0.11286687850952148,1
A man is speaking,A man is motionless,2.799999952316284,0,2.799999952316284,2.47393798828125,0,0,-0.3260619640350342,0.3260619640350342,1
One panda is climbing,A panda is climbing,4.900000095367432,1,4.900000095367432,5.130611419677734,1,1,0.23061132431030273,0.23061132431030273,1
There is no panda climbing,A man is climbing a rope,1.2999999523162842,0,1.2999999523162842,1.3186485767364502,0,0,0.018648624420166016,0.018648624420166016,1
A man is carefully climbing a rope,A panda is climbing,1.600000023841858,0,1.600000023841858,1.5297248363494873,0,0,-0.0702751874923706,0.0702751874923706,1
A panda is climbing,A man is untying a rope,1.0,0,1.0,1.058683156967163,0,0,0.058683156967163086,0.058683156967163086,1
A man is being roped before a climb,A panda is climbing,1.0,0,1.0,1.3816819190979004,0,0,0.3816819190979004,0.3816819190979004,1
A woman is dancing in a cage,There is no woman dancing in a cage,3.700000047683716,2,3.700000047683716,3.449691772460937,2,2,-0.25030827522277876,0.25030827522277876,1
A woman is dancing in a cage,The lady is dancing,4.099999904632568,1,4.099999904632568,4.460738182067871,1,1,0.36073827743530273,0.36073827743530273,1
The woman is not dancing,A woman is dancing in a cage,3.700000047683716,0,3.700000047683716,3.342097520828247,0,0,-0.35790252685546875,0.35790252685546875,1
A woman is dancing beautifully in a cage,The woman is dancing,4.335000038146973,1,4.335000038146973,4.466818809509277,1,1,0.1318187713623047,0.1318187713623047,1
A woman is dancing in a cage,The woman is dancing,4.400000095367432,1,4.400000095367432,4.470569610595703,1,1,0.07056951522827148,0.07056951522827148,1
Four people are floating on a raft,A few people are floating on a raft,4.465000152587891,1,4.465000152587891,4.868180274963379,1,1,0.4031801223754883,0.4031801223754883,1
People are riding and paddling a raft,Some persons are riding and paddling a raft,4.800000190734863,1,4.800000190734863,5.118548393249512,1,1,0.31854820251464844,0.31854820251464844,1
People are not riding and paddling a raft,People are riding and paddling a raft,3.5999999046325684,2,3.5999999046325684,3.5150132179260254,2,2,-0.08498668670654297,0.08498668670654297,1
Some persons are riding and paddling a raft,Four people are floating on a raft,4.099999904632568,0,4.099999904632568,3.94365668296814,0,0,-0.15634322166442827,0.15634322166442827,1
Four people are floating on a raft,People are not riding and paddling a raft,4.400000095367432,0,4.400000095367432,3.885638952255249,0,0,-0.5143611431121826,0.5143611431121826,1
People are paddling near a raft that is being ridden,Four people are floating on a raft,2.9000000953674316,0,2.900000095367432,3.487835168838501,0,0,0.5878350734710693,0.5878350734710693,1
People are riding and paddling a raft,Nobody is floating on a raft,4.099999904632568,2,4.099999904632568,3.497164011001587,2,0,-0.6028358936309814,0.6028358936309814,0
A cat is eagerly eating corn on the cob,A cat is eating corn on the cob,4.599999904632568,1,4.599999904632568,4.983853816986084,1,1,0.3838539123535156,0.3838539123535156,1
A cat is walking away from some corn,A cat is eating some corn,2.700000047683716,0,2.700000047683716,3.649602651596069,0,0,0.9496026039123531,0.9496026039123531,1
A cat is eating corn on the cob,The cat is eating some corn,4.599999904632568,1,4.599999904632568,4.893205642700195,1,1,0.29320573806762695,0.29320573806762695,1
A cat is walking away from some corn,A cat is eating corn on the cob,3.799999952316284,0,3.799999952316284,3.610170125961304,0,0,-0.18982982635498002,0.18982982635498002,1
A cat is eagerly eating corn on the cob,A cat is eating some corn,4.699999809265137,1,4.699999809265137,4.819452285766602,1,1,0.11945247650146484,0.11945247650146484,1
A cat is eating corn on the cob,A cat is eating some corn,4.400000095367432,1,4.400000095367432,4.926612377166748,1,1,0.5266122817993164,0.5266122817993164,1
Someone is slicing a tomato,Someone is cutting a tomato,4.800000190734863,1,4.800000190734863,5.207208633422852,1,1,0.4072084426879883,0.4072084426879883,1
The person is quickly slicing a vegetable,Someone is slicing a tomato,3.799999952316284,0,3.799999952316284,4.391262531280518,0,0,0.5912625789642334,0.5912625789642334,1
Someone is slicing a tomato,The person isn't slicing a vegetable,3.700000047683716,0,3.700000047683716,3.379498243331909,0,2,-0.32050180435180664,0.32050180435180664,0
A little girl is playing a grand piano on stage,"A little girl is playing a piano, which is very big, on stage",4.400000095367432,1,4.400000095367432,5.11330509185791,1,1,0.7133049964904785,0.7133049964904785,1
There is no little girl playing a grand piano on stage,A little girl is playing a grand piano on stage,2.799999952316284,2,2.799999952316284,3.5821175575256348,2,2,0.7821176052093506,0.7821176052093506,1
"A girl, who is little, is playing the piano",A little girl is playing the piano,4.900000095367432,1,4.900000095367432,5.164958953857422,1,1,0.26495885848999023,0.26495885848999023,1
A little girl is playing a grand piano on stage,"A girl, who is little, is playing the piano",4.5,1,4.5,4.707399368286133,1,1,0.2073993682861328,0.2073993682861328,1
"A little girl is playing a piano, which is very big, on stage",A little girl is playing the piano,4.400000095367432,1,4.400000095367432,4.875367164611816,1,1,0.47536706924438477,0.47536706924438477,1
A man is packing a guitar,A man is playing a guitar,3.4000000953674316,0,3.400000095367432,3.8459312915802,0,0,0.44593119621276855,0.44593119621276855,1
Someone is putting the guitar away,Someone is playing the guitar,3.4000000953674316,0,3.400000095367432,3.6534078121185294,0,0,0.25340771675109774,0.25340771675109774,1
A man is playing a guitar,Someone is strumming the guitar,4.0,1,4.0,3.944747686386109,1,0,-0.05525231361389116,0.05525231361389116,0
A man is playing a guitar,Someone is putting the guitar away,3.200000047683716,0,3.200000047683716,3.171720266342163,0,0,-0.028279781341552734,0.028279781341552734,1
A man is packing a guitar,Someone is playing the guitar,3.0999999046325684,0,3.0999999046325684,3.666816473007202,0,0,0.5668165683746338,0.5668165683746338,1
A man is playing a guitar,Someone is playing the guitar,4.599999904632568,1,4.599999904632568,4.967519760131836,1,1,0.3675198554992676,0.3675198554992676,1
The man is dancing frantically,The man is dancing,4.300000190734863,1,4.300000190734863,4.751579284667969,1,1,0.45157909393310547,0.45157909393310547,1
The man is dancing,The man is not dancing,3.799999952316284,2,3.799999952316284,3.3704497814178467,2,2,-0.4295501708984375,0.4295501708984375,1
Three women are standing still,Three women are dancing,2.799999952316284,0,2.799999952316284,3.229870557785034,0,0,0.42987060546875,0.42987060546875,1
The man is dancing,A few women are dancing,2.9000000953674316,0,2.900000095367432,2.876997947692871,0,0,-0.023002147674560547,0.023002147674560547,1
The man is dancing frantically,Three women are dancing,2.4000000953674316,0,2.400000095367432,2.325869560241699,0,0,-0.07413053512573242,0.07413053512573242,1
The man is not dancing,Three women are dancing,2.9000000953674316,0,2.900000095367432,2.3807373046875,0,0,-0.5192627906799316,0.5192627906799316,1
A man is playing a flute made of bamboo,A man is playing a bamboo flute,4.900000095367432,1,4.900000095367432,5.139072418212891,1,1,0.23907232284545898,0.23907232284545898,1
The man is playing a flute,A flute is being played by the man,5.0,1,5.0,5.178963661193848,1,1,0.17896366119384766,0.17896366119384766,1
The man is playing a flute,The man is not playing a flute,3.4000000953674316,2,3.400000095367432,3.414870500564575,2,2,0.014870405197143555,0.014870405197143555,1
There is no man playing a bamboo flute,The man is playing a flute,4.199999809265137,0,4.199999809265137,3.703486680984497,0,2,-0.49651312828063965,0.49651312828063965,0
A man is playing a bamboo flute,The man is playing a flute,4.400000095367432,1,4.400000095367432,4.742612838745117,1,1,0.34261274337768555,0.34261274337768555,1
A person is slicing some mushrooms,A person is cutting some mushrooms,4.699999809265137,1,4.699999809265137,5.193904876708984,1,1,0.49390506744384766,0.49390506744384766,1
A person is cutting some mushrooms,There is no person cutting some mushrooms,4.099999904632568,2,4.099999904632568,3.4699482917785645,2,2,-0.6300516128540039,0.6300516128540039,1
A person is cutting mushrooms with a knife,A person is slicing some mushrooms,4.699999809265137,1,4.699999809265137,4.9336347579956055,1,1,0.23363494873046875,0.23363494873046875,1
There is no person cutting some mushrooms,A person is cutting mushrooms with a knife,4.099999904632568,2,4.099999904632568,3.498576641082764,2,2,-0.6014232635498042,0.6014232635498042,1
A tiger is aimlessly walking around,A tiger is walking around aimlessly,5.0,1,5.0,5.005722522735596,1,1,0.005722522735595703,0.005722522735595703,1
A tiger is aimlessly walking around,A tiger is walking around a cage,4.199999809265137,0,4.199999809265137,4.253264904022217,0,0,0.05326509475708008,0.05326509475708008,1
A tiger is walking outside a cage,A tiger is walking around aimlessly,3.700000047683716,0,3.700000047683716,4.323962688446045,0,1,0.6239626407623291,0.6239626407623291,0
A monkey is brushing the dog,There is no monkey brushing the dog,3.9000000953674316,2,3.900000095367432,3.4374358654022217,2,2,-0.46256422996520996,0.46256422996520996,1
The monkey is brushing a bull dog,The monkey is not brushing a bull dog,4.0,2,4.0,3.432924747467041,2,2,-0.567075252532959,0.567075252532959,1
A bull dog is being brushed by the monkey,A monkey is brushing the dog,4.199999809265137,1,4.199999809265137,4.927506923675537,1,1,0.7275071144104004,0.7275071144104004,1
A monkey is brushing the dog,A bull dog is brushing the monkey,3.4000000953674316,0,3.400000095367432,3.15714168548584,0,0,-0.2428584098815918,0.2428584098815918,1
The monkey is brushing a bull dog,The monkey is brushing the dog,4.599999904632568,1,4.599999904632568,5.086795330047607,1,1,0.48679542541503906,0.48679542541503906,1
The monkey is brushing a bull dog,There is no monkey brushing the dog,2.5,2,2.5,3.42182993888855,2,2,0.9218299388885498,0.9218299388885498,1
The monkey is brushing a bull dog,A monkey is brushing the dog,4.400000095367432,1,4.400000095367432,5.095325469970703,1,1,0.6953253746032715,0.6953253746032715,1
A woman is swiftly cutting an onion,A woman is cutting an onion,4.599999904632568,1,4.599999904632568,5.047770977020264,1,1,0.4477710723876953,0.4477710723876953,1
There is no woman cutting an onion,A woman is cutting an onion,3.5,2,3.5,3.5476033687591557,2,2,0.04760336875915572,0.04760336875915572,1
The woman is dicing onions,The woman is throwing onions away,3.200000047683716,0,3.200000047683716,3.189872026443481,0,0,-0.010128021240234819,0.010128021240234819,1
The lady is dicing onions,A woman is cutting an onion,4.699999809265137,1,4.699999809265137,4.065064430236816,1,0,-0.6349353790283203,0.6349353790283203,0
The woman is throwing onions away,A woman is cutting an onion,3.0,0,3.0,3.759866952896118,0,0,0.7598669528961182,0.7598669528961182,1
The woman is dicing onions,There is no woman cutting an onion,3.200000047683716,2,3.200000047683716,3.5272316932678223,2,0,0.32723164558410645,0.32723164558410645,0
The woman is dicing onions,A woman is cutting an onion,4.599999904632568,1,4.599999904632568,3.994955778121948,1,0,-0.6050441265106206,0.6050441265106206,0
A man is dancing with a worn hard hat,A man is wearing a hard hat and dancing,3.9000000953674316,0,3.900000095367432,4.8358988761901855,0,1,0.9358987808227539,0.9358987808227539,0
A man with a hard hat is dancing,A man is wearing a hat which is hard and is dancing,4.900000095367432,1,4.900000095367432,5.075579643249512,1,1,0.17557954788208008,0.17557954788208008,1
A man is dancing with a worn hard hat,A man with a hard hat is dancing,4.5,1,4.5,4.958852767944336,1,1,0.45885276794433594,0.45885276794433594,1
Two boys are playing a video game,A couple of boys are playing a video game,4.599999904632568,1,4.599999904632568,5.076830387115479,1,1,0.47683048248291104,0.47683048248291104,1
Two boys on a couch are playing games on the TV,Two boys on a couch are playing video games,4.699999809265137,1,4.699999809265137,4.9513139724731445,1,1,0.2513141632080078,0.2513141632080078,1
Two boys are playing a video game,Two boys on a couch are reading a book,3.0999999046325684,0,3.0999999046325684,2.451796531677246,0,0,-0.6482033729553223,0.6482033729553223,1
Two boys on a couch are playing video games,A couple of boys are playing a video game,4.400000095367432,1,4.400000095367432,4.664425849914551,1,1,0.26442575454711914,0.26442575454711914,1
Two boys are studying,Two boys on a couch are playing video games,2.299999952316284,0,2.299999952316284,2.8437180519104004,0,0,0.5437180995941162,0.5437180995941162,1
A woman is cutting a potato,A woman is slicing a potato,5.0,1,5.0,5.238515377044678,1,1,0.23851537704467773,0.23851537704467773,1
A woman is slicing a potato,There is no woman slicing a potato,3.700000047683716,2,3.700000047683716,3.4378182888031006,2,2,-0.26218175888061523,0.26218175888061523,1
The man is slicing vegetables,Vegetables are being sliced by a man,4.900000095367432,1,4.900000095367432,5.182784080505371,1,1,0.28278398513793945,0.28278398513793945,1
The man is not slicing vegetables,The man is slicing vegetables,4.300000190734863,2,4.300000190734863,3.504852533340454,2,2,-0.7951476573944092,0.7951476573944092,1
A woman is slicing a potato,Vegetables are being sliced by a man,2.299999952316284,0,2.299999952316284,3.204517602920532,0,0,0.9045176506042476,0.9045176506042476,1
The man is not slicing vegetables,A woman is slicing a potato,3.4000000953674316,0,3.400000095367432,2.595790386199951,0,0,-0.8042097091674805,0.8042097091674805,1
The man is slicing vegetables,A woman is slicing a potato,3.0,0,3.0,2.997288465499878,0,0,-0.0027115345001220703,0.0027115345001220703,1
The lady is breaking an egg for the mixer,The lady is cracking an egg for the mixer,4.900000095367432,1,4.900000095367432,5.237420558929443,1,1,0.3374204635620117,0.3374204635620117,1
The lady is carefully slicing up the meat,The lady is cracking an egg for the mixer,3.200000047683716,0,3.200000047683716,1.185619831085205,0,0,-2.0143802165985107,2.0143802165985107,1
The lady isn't slicing up the meat,The lady is cracking an egg for the mixer,1.899999976158142,0,1.899999976158142,1.569122076034546,0,0,-0.3308779001235962,0.3308779001235962,1
The lady is slicing up the meat,The lady is breaking an egg for the mixer,1.8650000095367432,0,1.8650000095367432,1.287348747253418,0,0,-0.5776512622833252,0.5776512622833252,1
The lady is cracking an egg for the mixer,The lady is slicing up the meat,1.899999976158142,0,1.899999976158142,1.6718530654907229,0,0,-0.2281469106674192,0.2281469106674192,1
Ferrets are climbing up a shelf,Ferrets are climbing down from a shelf,3.0,0,3.0,3.8207385540008554,0,0,0.8207385540008554,0.8207385540008554,1
Several ferrets are climbing into the cage,Several ferrets are climbing out of the cage,3.799999952316284,0,3.799999952316284,3.821791410446167,0,2,0.021791458129882812,0.021791458129882812,0
Several ferrets are climbing into the cage,Ferrets are climbing down from a shelf,3.700000047683716,0,3.700000047683716,3.2828264236450195,0,0,-0.4171736240386963,0.4171736240386963,1
Ferrets are climbing up a shelf,Several ferrets are climbing out of the cage,3.5,0,3.5,3.522114992141724,0,0,0.022114992141724077,0.022114992141724077,1
A man is getting off the car,A man is getting into a car,4.099999904632568,0,4.099999904632568,3.5005574226379395,0,0,-0.5994424819946289,0.5994424819946289,1
A man is parking a car in a garage,A man is getting into a car in a garage,3.5999999046325684,0,3.5999999046325684,3.574713468551636,0,0,-0.025286436080932173,0.025286436080932173,1
A man is getting into a car in a garage,A man is getting a garage for the car,3.0,0,3.0,3.45127010345459,0,0,0.45127010345458984,0.45127010345458984,1
A man is getting into a car in a garage,A man is getting into an automobile,4.199999809265137,1,4.199999809265137,4.682133674621582,1,1,0.4821338653564453,0.4821338653564453,1
A man is getting into a car in a garage,A man is getting into a car,4.199999809265137,1,4.199999809265137,4.675848007202148,1,1,0.4758481979370117,0.4758481979370117,1
A person is cutting a capsicum into pieces,Nobody is cutting a capsicum into pieces,3.700000047683716,2,3.700000047683716,3.509261131286621,2,2,-0.19073891639709473,0.19073891639709473,1
One person is slicing a clove of garlic into pieces,The person is slicing a clove of garlic into pieces,4.900000095367432,1,4.900000095367432,5.223841667175293,1,1,0.32384157180786133,0.32384157180786133,1
A capsicum is being cut into pieces by a person,The person is slicing a clove of garlic into pieces,2.799999952316284,0,2.799999952316284,3.312718629837036,0,0,0.512718677520752,0.512718677520752,1
A man is performing with the guitar,A man is playing a guitar,4.699999809265137,1,4.699999809265137,4.853857517242432,1,1,0.15385770797729492,0.15385770797729492,1
A man is putting away the guitar,A man is playing a guitar,3.200000047683716,0,3.200000047683716,3.7949893474578857,0,0,0.5949892997741699,0.5949892997741699,1
The man is gracefully singing and playing the guitar,The man is singing and playing the guitar,4.5,1,4.5,4.857787132263184,1,1,0.3577871322631836,0.3577871322631836,1
The man is gracefully singing and playing the guitar,A man is playing a guitar,4.300000190734863,1,4.300000190734863,4.590621948242188,1,1,0.2906217575073251,0.2906217575073251,1
There is no man singing and playing the guitar,A man is playing a guitar,4.300000190734863,0,4.300000190734863,3.770045042037964,0,0,-0.5299551486968994,0.5299551486968994,1
The man is singing and playing the guitar,A man is performing with the guitar,4.300000190734863,1,4.300000190734863,4.577481746673584,1,1,0.2774815559387207,0.2774815559387207,1
The man is singing and playing the guitar,A man is putting away the guitar,3.299999952316284,0,3.299999952316284,3.3403170108795166,0,0,0.04031705856323242,0.04031705856323242,1
Noodles are being boiled in water by a woman,A person is boiling noodles,4.400000095367432,1,4.400000095367432,4.793639659881592,1,1,0.39363956451416016,0.39363956451416016,1
A karate practitioner is kicking at another man who is wearing protective boxing gloves,The man is not kick boxing with a trainer,3.4000000953674316,0,3.400000095367432,3.372025966644287,0,0,-0.02797412872314453,0.02797412872314453,1
The man is kick boxing with a trainer,A karate practitioner is kicking at another man who is wearing protective gloves for boxing,3.5,0,3.5,3.408102512359619,0,0,-0.09189748764038086,0.09189748764038086,1
There is no seated woman singing a song and playing the guitar,A seated woman is singing a song and playing the guitar,3.200000047683716,2,3.200000047683716,3.60839319229126,2,2,0.4083931446075444,0.4083931446075444,1
A woman on a rock is lying on a blanket and reading a book,A woman on a rock is standing and looking around,3.565000057220459,0,3.565000057220459,3.2745277881622314,0,0,-0.29047226905822754,0.29047226905822754,1
A woman on a boulder is lying on a blanket and reading a book,A seated woman is singing a song and playing the guitar,2.5999999046325684,0,2.5999999046325684,1.9781972169876096,0,0,-0.6218026876449587,0.6218026876449587,1
A woman is rocking over a blanket lying on someone reading a book,A seated woman is singing a song and playing the guitar,1.600000023841858,0,1.600000023841858,1.9068076610565183,0,0,0.3068076372146604,0.3068076372146604,1
A seated woman is singing a song and playing the guitar,A woman on a rock is lying on a blanket and reading a book,1.899999976158142,0,1.899999976158142,1.91054105758667,0,0,0.010541081428527832,0.010541081428527832,1
A man is playing an acoustic guitar,A man is playing a guitar that is acoustic,4.900000095367432,1,4.900000095367432,5.20068883895874,1,1,0.3006887435913086,0.3006887435913086,1
The woman is playing an electric guitar,The woman is not playing an electric guitar,3.200000047683716,2,3.200000047683716,3.399253368377685,2,2,0.19925332069396928,0.19925332069396928,1
A man is playing an acoustic guitar,The woman is playing a guitar which is electric,3.4000000953674316,0,3.400000095367432,3.620988130569458,0,0,0.22098803520202637,0.22098803520202637,1
A man is packing away an acoustic guitar,The woman is playing an electric guitar,2.5999999046325684,0,2.5999999046325684,2.898660898208618,0,0,0.2986609935760498,0.2986609935760498,1
The lady is breaking eggs that are raw into a bowl,The lady is breaking raw eggs into a bowl,4.900000095367432,1,4.900000095367432,5.20252799987793,1,1,0.30252790451049805,0.30252790451049805,1
The lady is breaking raw eggs into a bowl,The lady isn't breaking raw eggs into a bowl,3.799999952316284,2,3.799999952316284,3.4604523181915283,2,2,-0.33954763412475586,0.33954763412475586,1
The woman is storing away the eggs,The woman is cracking eggs into a bowl,3.5999999046325684,0,3.5999999046325684,3.225273847579956,0,0,-0.3747260570526123,0.3747260570526123,1
The lady is breaking raw eggs into a bowl,Eggs are being cracked into a bowl by the woman,4.400000095367432,1,4.400000095367432,5.010997295379639,1,1,0.610997200012207,0.610997200012207,1
The woman is storing away the eggs,The lady is breaking raw eggs into a bowl,2.799999952316284,0,2.799999952316284,3.371510505676269,0,0,0.5715105533599849,0.5715105533599849,1
The woman is cracking eggs into a bowl,The lady isn't breaking raw eggs into a bowl,3.5999999046325684,2,3.5999999046325684,3.851296901702881,2,2,0.2512969970703125,0.2512969970703125,1
The lady is breaking raw eggs into a bowl,The woman is cracking eggs into a bowl,4.699999809265137,1,4.699999809265137,4.993971824645996,1,1,0.2939720153808594,0.2939720153808594,1
Some people who play soccer are kicking a soccer ball into the goal,Soccer players are kicking a soccer ball into the goal,4.699999809265137,1,4.699999809265137,4.88597583770752,1,1,0.1859760284423837,0.1859760284423837,1
Soccer players are kicking a soccer ball into the goal,A soccer player is scoring a goal,4.164999961853027,1,4.164999961853027,4.322490215301514,1,0,0.15749025344848633,0.15749025344848633,0
A man and a woman are eating happily,A man and a woman are eating,4.0,1,4.0,4.8725175857543945,1,1,0.8725175857543945,0.8725175857543945,1
A man and woman are talking,A man and a woman are having a conversation,4.800000190734863,1,4.800000190734863,5.065514087677002,1,1,0.26551389694213867,0.26551389694213867,1
A man and woman are talking,A man and a woman are not eating,3.0,0,3.0,3.19445276260376,0,0,0.1944527626037602,0.1944527626037602,1
A person is pouring oil made with olives into a pot on the stove,A person is pouring olive oil into a pot on the stove,4.900000095367432,1,4.900000095367432,5.108739852905273,1,1,0.2087397575378418,0.2087397575378418,1
A person is pouring olive oil into a pot on the stove,A person is pouring olive oil into the stove from a pot,3.515000104904175,0,3.515000104904175,4.3520188331604,0,0,0.8370187282562256,0.8370187282562256,1
A person is cleaning a pot of cooking oil,A person is pouring cooking oil into a pot,3.200000047683716,0,3.200000047683716,3.603294134140015,0,0,0.40329408645629927,0.40329408645629927,1
A woman is walking the dog down the street,The woman is walking the dog down the street ,4.900000095367432,1,4.900000095367432,4.827451705932617,1,1,-0.07254838943481445,0.07254838943481445,1
A woman is walking the dog down the street,A woman is restraining the dog,3.799999952316284,0,3.799999952316284,3.345280408859253,0,0,-0.45471954345703125,0.45471954345703125,1
The woman is walking the dog,The dog is being walked by the woman,4.800000190734863,1,4.800000190734863,5.153123378753662,1,1,0.35312318801879883,0.35312318801879883,1
A woman is walking the dog down the street,The woman is not walking the dog,2.5999999046325684,2,2.5999999046325684,3.4517180919647217,2,2,0.8517181873321533,0.8517181873321533,1
The woman is walking the dog down the street ,The woman is walking the dog,4.5,1,4.5,4.736185550689697,1,1,0.23618555068969727,0.23618555068969727,1
There is no guinea pig eating a carrot,A guinea pig is eating a carrot,4.400000095367432,2,4.400000095367432,3.5551490783691406,2,2,-0.844851016998291,0.844851016998291,1
"A guinea pig, which is small, is gnawing and eating a piece of carrot on the floor",A guinea pig is eating a carrot,4.400000095367432,1,4.400000095367432,4.692259788513184,1,1,0.29225969314575195,0.29225969314575195,1
There is no small guinea pig gnawing and eating a piece of carrot on the floor,A guinea pig is eating a carrot,2.799999952316284,2,2.799999952316284,3.757733106613159,2,0,0.957733154296875,0.957733154296875,0
There is no guinea pig eating a carrot,A small guinea pig is gnawing and eating a piece of carrot on the floor,3.5999999046325684,0,3.5999999046325684,3.4061880111694336,0,2,-0.19381189346313477,0.19381189346313477,0
A man is confidently slicing a carrot with a knife,A man is slicing a carrot with a knife,4.5,1,4.5,4.962567329406738,1,1,0.4625673294067383,0.4625673294067383,1
The woman is not slicing an onion,The woman is slicing an onion,3.3350000381469727,2,3.3350000381469727,3.5043399333953857,2,2,0.16933989524841309,0.16933989524841309,1
A man is confidently slicing a carrot with a knife,The woman is slicing an onion,2.299999952316284,0,2.299999952316284,2.443180561065674,0,0,0.14318060874938965,0.14318060874938965,1
The woman is slicing an onion,A man is putting away a carrot,1.600000023841858,0,1.600000023841858,1.9169092178344729,0,0,0.31690919399261497,0.31690919399261497,1
A man is slicing a carrot with a knife,The woman is slicing an onion,1.899999976158142,0,1.899999976158142,2.3876655101776123,0,0,0.4876655340194702,0.4876655340194702,1
A plane is taking off,A plane is landing,3.799999952316284,0,3.799999952316284,3.876230478286743,0,0,0.07623052597045898,0.07623052597045898,1
An animated airplane is landing,An animated airplane is taking off,3.9000000953674316,0,3.900000095367432,3.91438889503479,0,0,0.014388799667358398,0.014388799667358398,1
An animated airplane is landing,A plane is taking off,2.700000047683716,0,2.700000047683716,3.858886957168579,0,0,1.1588869094848633,1.1588869094848633,1
A woman is cooking an egg in a skillet,A woman is preparing an egg in a skillet,4.699999809265137,1,4.699999809265137,5.121603012084961,1,1,0.4216032028198242,0.4216032028198242,1
A woman is carefully pouring a mixture into a bowl and mixing it,A woman is pouring a mixture into a bowl and mixing it,4.5,1,4.5,4.954639911651611,1,1,0.45463991165161133,0.45463991165161133,1
A woman is pouring a mixture into a bowl and mixing it,A woman is taking a mixture out of a bowl,3.9000000953674316,0,3.900000095367432,3.4149587154388428,0,2,-0.48504137992858887,0.48504137992858887,0
A woman is cooking an egg in a skillet,A woman is pouring a mixture into a bowl and mixing it,2.200000047683716,0,2.200000047683716,2.82718825340271,0,0,0.6271882057189941,0.6271882057189941,1
There is no woman preparing an egg in a skillet,A woman is pouring a mixture into a bowl and mixing it,2.9000000953674316,0,2.900000095367432,2.468481540679932,0,0,-0.43151855468749956,0.43151855468749956,1
A woman is pouring a mixture into a bowl and mixing it,A woman is preparing a skillet for the eggs,2.4000000953674316,0,2.400000095367432,2.4680893421173096,0,0,0.06808924674987793,0.06808924674987793,1
A woman is preparing an egg in a skillet,A woman is pouring a mixture into a bowl and mixing it,3.299999952316284,0,3.299999952316284,2.8242576122283936,0,0,-0.4757423400878906,0.4757423400878906,1
The woman is penciling on eyeshadow,The woman is not penciling on eyeshadow,4.099999904632568,2,4.099999904632568,3.446832656860352,2,2,-0.6531672477722164,0.6531672477722164,1
The lady is penciling on eyeshadow,The girl is using an eye pencil on her eyelid,4.400000095367432,1,4.400000095367432,4.727616310119629,1,1,0.32761621475219727,0.32761621475219727,1
The woman is not penciling on eyeshadow,The girl is using an eye pencil on her eyelid,3.799999952316284,0,3.799999952316284,3.78558611869812,0,0,-0.014413833618164062,0.014413833618164062,1
The girl is using a pencil for the eyes on her eyelid,The woman is penciling on eyeshadow,4.400000095367432,1,4.400000095367432,4.33493709564209,1,1,-0.0650629997253418,0.0650629997253418,1
The woman is penciling on eyeshadow,The girl is not using an eye pencil on her eyelid,3.299999952316284,0,3.299999952316284,3.7129194736480713,0,0,0.4129195213317871,0.4129195213317871,1
The girl is using an eye pencil on her eyelid,The woman is penciling on eyeshadow,4.099999904632568,1,4.099999904632568,4.519221782684326,1,1,0.4192218780517578,0.4192218780517578,1
A girl is practicing the piano,A girl is playing the piano,4.5,1,4.5,4.840590953826904,1,1,0.3405909538269043,0.3405909538269043,1
"A girl, who is little, is playing a grand piano on stage",A girl is playing the piano,4.099999904632568,1,4.099999904632568,4.724882125854492,1,1,0.6248822212219238,0.6248822212219238,1
A girl is playing the piano,A little girl is walking off the stage,2.200000047683716,0,2.200000047683716,2.433773994445801,0,0,0.23377394676208496,0.23377394676208496,1
There is no girl playing the piano,A little girl is playing a grand piano on stage,4.300000190734863,2,4.300000190734863,3.405205249786377,2,2,-0.8947949409484863,0.8947949409484863,1
A woman is cooking eggs,There is no woman cooking eggs,3.700000047683716,2,3.700000047683716,3.418602228164673,2,2,-0.28139781951904297,0.28139781951904297,1
The woman is lovingly cooking something,The woman is cooking something,4.300000190734863,1,4.300000190734863,4.790614604949951,1,1,0.4906144142150879,0.4906144142150879,1
The woman is not cooking something,The woman is cooking something,3.5999999046325684,2,3.5999999046325684,3.465698480606079,2,2,-0.13430142402648926,0.13430142402648926,1
A woman is cooking eggs,The woman is lovingly cooking something,3.9000000953674316,0,3.900000095367432,4.095306396484375,0,0,0.19530630111694336,0.19530630111694336,1
There is no woman cooking eggs,The woman is cooking something,3.0,0,3.0,3.5965609550476074,0,0,0.5965609550476074,0.5965609550476074,1
The cats are playing with each other,The cats are not playing with each other,3.9000000953674316,2,3.900000095367432,3.4552996158599854,2,2,-0.4447004795074463,0.4447004795074463,1
Two cats are playfully fighting each other,The cats are playing with each other,4.400000095367432,1,4.400000095367432,3.516010999679565,1,0,-0.8839890956878667,0.8839890956878667,0
The cats are playing with each other,Two cats are lying together,3.299999952316284,0,3.299999952316284,3.547959804534912,0,0,0.24795985221862793,0.24795985221862793,1
Two people are stopping on a motorcycle,Two people are riding a motorcycle,3.4649999141693115,0,3.4649999141693115,4.774360656738281,0,1,1.3093607425689697,1.3093607425689697,0
Two bikes are being ridden by two people,Two people are riding a motorcycle,3.799999952316284,0,3.799999952316284,5.061476707458496,0,1,1.261476755142212,1.261476755142212,0
Two people are riding a motorcycle,Two people are riding a bike,4.099999904632568,1,4.099999904632568,4.7104811668396,1,1,0.6104812622070312,0.6104812622070312,1
A man is riding a mechanical bull,A person is riding a mechanical bull,4.5,1,4.5,4.917618751525879,1,1,0.4176187515258789,0.4176187515258789,1
There is no man riding a mechanical bull,A man is riding a mechanical bull,4.400000095367432,2,4.400000095367432,3.592735290527344,2,2,-0.8072648048400874,0.8072648048400874,1
A man is riding a mechanical bull,The man is riding a bull which is mechanical,4.800000190734863,1,4.800000190734863,5.232819557189941,1,1,0.4328193664550781,0.4328193664550781,1
The man is not riding a mechanical bull,A man is riding a mechanical bull,3.4000000953674316,2,3.400000095367432,3.485406875610352,2,2,0.08540678024292037,0.08540678024292037,1
The man is riding a mechanical bull,A person is riding a mechanical bull,4.5,1,4.5,4.990038871765137,1,1,0.4900388717651367,0.4900388717651367,1
A man is riding a mechanical bull,The man is riding a mechanical bull,4.800000190734863,1,4.800000190734863,5.182663917541504,1,1,0.3826637268066406,0.3826637268066406,1
A woman is playing a flute,A woman is putting down a flute,3.799999952316284,0,3.799999952316284,3.734596490859986,0,0,-0.06540346145629838,0.06540346145629838,1
The woman is playing the flute,The woman is not playing the flute,4.199999809265137,2,4.199999809265137,3.413737773895264,2,2,-0.7862620353698726,0.7862620353698726,1
A woman is playing a flute,The flute is being played by the woman,5.0,1,5.0,5.164933204650879,1,1,0.1649332046508789,0.1649332046508789,1
A woman is skillfully playing a flute,The woman is playing the flute,4.599999904632568,1,4.599999904632568,4.868534564971924,1,1,0.26853466033935547,0.26853466033935547,1
A woman is putting down a flute,The woman is playing the flute,3.200000047683716,0,3.200000047683716,4.478812217712402,0,0,1.2788121700286865,1.2788121700286865,1
The woman is playing the flute,A woman is playing a flute,5.0,1,5.0,5.183858871459961,1,1,0.18385887145996094,0.18385887145996094,1
The man is lifting weights,Weights are being lifted by the man,4.900000095367432,1,4.900000095367432,5.109598159790039,1,1,0.20959806442260742,0.20959806442260742,1
The man is lifting weights,The man isn't lifting weights,4.0,2,4.0,3.391026973724365,2,2,-0.6089730262756352,0.6089730262756352,1
The man isn't lifting weights,The man is lifting barbells,4.199999809265137,2,4.199999809265137,3.8345041275024414,2,0,-0.3654956817626953,0.3654956817626953,0
The man is lifting weights,The man is lowering barbells,3.799999952316284,0,3.799999952316284,3.192183256149292,0,0,-0.6078166961669922,0.6078166961669922,1
A tree is being cut by a man with an axe,A man is cutting a tree with an axe,4.900000095367432,1,4.900000095367432,5.211262702941895,1,1,0.3112626075744638,0.3112626075744638,1
A man is cutting a tree with an axe,A man is watering a tree,2.5999999046325684,0,2.5999999046325684,3.0251736640930176,0,0,0.4251737594604492,0.4251737594604492,1
A man is watering a tree,A man is chopping down a tree with an axe,3.0999999046325684,0,3.0999999046325684,2.6229655742645264,0,0,-0.477034330368042,0.477034330368042,1
A man is cutting a tree with an axe,A person is planting a tree,2.5,0,2.5,2.941985845565796,0,0,0.4419858455657959,0.4419858455657959,1
A girl is applying makeup to her face,A lady is putting on makeup,4.400000095367432,1,4.400000095367432,4.459000110626221,1,1,0.05900001525878906,0.05900001525878906,1
The girl is applying makeup to her face,A woman is putting on makeup,4.099999904632568,0,4.099999904632568,4.657996654510498,0,1,0.5579967498779297,0.5579967498779297,0
The herd of caribous is crossing a road quickly,A herd of deer is crossing the street,3.4000000953674316,0,3.400000095367432,4.017142295837402,0,0,0.6171422004699707,0.6171422004699707,1
The herd of caribous is not crossing a road,A herd of deer is crossing the street,3.0999999046325684,0,3.0999999046325684,3.2988076210021973,0,0,0.1988077163696289,0.1988077163696289,1
The herd of caribous is crossing a road,One herd of deer is crossing the street,3.700000047683716,0,3.700000047683716,3.994724988937378,0,0,0.2947249412536621,0.2947249412536621,1
A herd of deer is crossing the street,The herd of caribous is crossing a road,3.799999952316284,0,3.799999952316284,3.723201751708984,0,0,-0.07679820060730025,0.07679820060730025,1
The woman is dicing a carrot,The woman is cutting a carrot,4.699999809265137,1,4.699999809265137,5.166030883789063,1,1,0.46603107452392667,0.46603107452392667,1
The woman is not cutting a carrot,The woman is cutting a carrot,3.700000047683716,2,3.700000047683716,3.501372098922729,2,2,-0.19862794876098677,0.19862794876098677,1
A woman is slicing an onion,The woman is not cutting a carrot,2.5,0,2.5,3.3823487758636475,0,0,0.8823487758636475,0.8823487758636475,1
The woman is cutting a carrot,A woman is slicing an onion,3.4000000953674316,0,3.400000095367432,3.12907338142395,0,0,-0.27092671394348145,0.27092671394348145,1
Two men are fighting in a pasture for cows,Two men are fighting in a cattle pen,4.0,1,4.0,3.7851738929748535,1,0,-0.21482610702514648,0.21482610702514648,0
Two cows are fighting in a pasture by a man,Two men are fighting in a cattle pen,2.799999952316284,0,2.799999952316284,3.810605764389038,0,0,1.010605812072754,1.010605812072754,1
Two men are outside a cattle pen,Two men are fighting in a cow pasture,3.299999952316284,0,3.299999952316284,3.265122652053833,0,0,-0.03487730026245117,0.03487730026245117,1
A woman is putting cosmetics on her eyelid,A woman is applying cosmetics to her eyelid,5.0,1,5.0,5.175700664520264,1,1,0.17570066452026367,0.17570066452026367,1
A woman is putting cosmetics on her eyelid,A woman is removing cosmetics from her eyelid,3.299999952316284,2,3.299999952316284,3.504713296890259,2,2,0.2047133445739746,0.2047133445739746,1
A woman is penciling on eyeshadow,The woman is penciling on eyeshadow,5.0,1,5.0,5.157604694366455,1,1,0.15760469436645508,0.15760469436645508,1
There is no woman penciling on eyeshadow,The woman is penciling on eyeshadow,3.5999999046325684,2,3.5999999046325684,3.595940351486206,2,2,-0.004059553146362305,0.004059553146362305,1
A woman is penciling on eyeshadow,A woman is putting cosmetics on her eyelid,4.300000190734863,1,4.300000190734863,4.592222690582275,1,1,0.2922224998474121,0.2922224998474121,1
The woman is penciling on eyeshadow,A woman is removing cosmetics from her eyelid,3.134999990463257,2,3.134999990463257,3.276890993118286,2,0,0.1418910026550293,0.1418910026550293,0
The woman is penciling on eyeshadow,A woman is putting cosmetics on her eyelid,4.300000190734863,1,4.300000190734863,4.599600315093994,1,1,0.29960012435913086,0.29960012435913086,1
The man is eating a banana by a tree,There is no man eating a banana,4.199999809265137,2,4.199999809265137,3.4313642978668213,2,2,-0.7686355113983154,0.7686355113983154,1
The man is eating a banana by a tree,A man is eating a banana,4.5,1,4.5,4.617232799530029,1,1,0.1172327995300293,0.1172327995300293,1
A large green ball is hitting a potato,A big potato is knocking a green ball,4.099999904632568,0,4.099999904632568,4.80971097946167,0,1,0.7097110748291016,0.7097110748291016,0
Different teams are playing football on the field,Different teams are playing football on a field,4.599999904632568,1,4.599999904632568,5.093741893768311,1,1,0.4937419891357431,0.4937419891357431,1
Two teams are enthusiastically playing soccer,Two teams are playing soccer,4.699999809265137,1,4.699999809265137,4.850543022155762,1,1,0.150543212890625,0.150543212890625,1
There is no team playing soccer,Two teams are playing soccer,2.799999952316284,2,2.799999952316284,3.521616220474243,2,2,0.721616268157959,0.721616268157959,1
Different teams are playing football on the field,Two teams are playing soccer,3.799999952316284,1,3.799999952316284,4.059654235839844,1,0,0.25965428352355957,0.25965428352355957,0
Different teams are playing football on a field,Two teams are playing soccer,3.0,0,3.0,4.172783851623535,0,0,1.1727838516235352,1.1727838516235352,1
A boy is playing a keyboard,A boy is practicing the keyboard,4.599999904632568,1,4.599999904632568,4.556969165802002,1,1,-0.043030738830566406,0.043030738830566406,1
A boy is playing a keyboard,There is no boy playing a keyboard,3.700000047683716,2,3.700000047683716,3.437704801559448,2,2,-0.262295246124268,0.262295246124268,1
A boy is comfortably sitting in a room and playing a piano by a lamp,A boy is playing a keyboard,3.9000000953674316,0,3.900000095367432,4.3701934814453125,0,1,0.47019338607788086,0.47019338607788086,0
A boy is playing a keyboard,A boy is standing in a room by a lamp light,2.0999999046325684,0,2.0999999046325684,2.253310441970825,0,0,0.15331053733825684,0.15331053733825684,1
A boy is sitting in a room and playing a piano by lamp light,There is no boy playing a keyboard,3.200000047683716,0,3.200000047683716,3.3662776947021484,0,2,0.16627764701843262,0.16627764701843262,0
A man is playing a guitar,A woman is playing a guitar which is electric,3.5999999046325684,0,3.5999999046325684,3.638075828552246,0,0,0.038075923919677734,0.038075923919677734,1
There is no woman playing an electric guitar,A man is playing a guitar,3.5999999046325684,0,3.5999999046325684,3.053773641586304,0,0,-0.5462262630462642,0.5462262630462642,1
A woman is playing an electric guitar,A guitar is being played by a man,2.9000000953674316,0,2.900000095367432,3.447983741760254,0,0,0.5479836463928223,0.5479836463928223,1
A woman is playing an electric guitar,A man is playing a guitar,3.9000000953674316,0,3.900000095367432,3.6806020736694336,0,0,-0.21939802169799805,0.21939802169799805,1
A man in a suit is standing at a microphone and singing,The man in a suit is standing at a microphone and singing,5.0,1,5.0,5.1192779541015625,1,1,0.1192779541015625,0.1192779541015625,1
The man on stage is passionately singing into the microphone,The man on stage is singing into the microphone,4.599999904632568,1,4.599999904632568,4.885066986083984,1,1,0.285067081451416,0.285067081451416,1
The man is staging a microphone and is singing,The man on stage is singing into the microphone,3.4000000953674316,0,3.400000095367432,4.599766731262207,0,1,1.1997666358947754,1.1997666358947754,0
A man in a suit is standing at a microphone and singing,The man on stage is passionately singing into the microphone,4.199999809265137,0,4.199999809265137,4.479374408721924,0,0,0.2793745994567871,0.2793745994567871,1
A man in a suit is standing at a microphone and singing,The man is staging a microphone and is singing,4.400000095367432,1,4.400000095367432,4.533568382263184,1,1,0.13356828689575195,0.13356828689575195,1
The man in a suit is standing at a microphone and singing,The man on stage is singing into the microphone,4.0,1,4.0,4.5738444328308105,1,1,0.5738444328308105,0.5738444328308105,1
The man on stage is singing into the microphone,There is no man in a suit standing at a microphone and singing,3.299999952316284,0,3.299999952316284,3.621904134750366,0,0,0.32190418243408203,0.32190418243408203,1
Three teenage girls are dancing in the room,Three young girls are dancing in the room,4.599999904632568,1,4.599999904632568,4.958286762237549,1,1,0.35828685760498047,0.35828685760498047,1
Three teenage girls are idling in the room,Some teenage girls are dancing for the camera,3.0999999046325684,0,3.0999999046325684,2.865459680557251,0,0,-0.23454022407531738,0.23454022407531738,1
Some girls in their teens are dancing for the camera,Three teenage girls are dancing in the room,3.5999999046325684,0,3.5999999046325684,4.306462287902832,0,0,0.7064623832702637,0.7064623832702637,1
Some teenage girls are dancing for the camera,Three teenage girls are dancing in the room,3.799999952316284,0,3.799999952316284,4.306469440460205,0,0,0.5064694881439209,0.5064694881439209,1
Some children are jumping off a trampoline,Some children are jumping on a trampoline,3.799999952316284,0,3.799999952316284,4.739502429962158,0,1,0.939502477645874,0.939502477645874,0
Two boy are playing on a trampoline,Some boys are playing on a trampoline,4.699999809265137,1,4.699999809265137,4.941725730895996,1,1,0.24172592163085938,0.24172592163085938,1
Some boys are playing on a trampoline,Some children are jumping on a trampoline,4.400000095367432,0,4.400000095367432,4.415917873382568,0,0,0.01591777801513672,0.01591777801513672,1
Nobody is playing on a trampoline,Some children are jumping on a trampoline,3.799999952316284,2,3.799999952316284,3.61755633354187,2,2,-0.18244361877441406,0.18244361877441406,1
A few children are jumping on a trampoline,Two boy are playing on a trampoline,4.099999904632568,0,4.099999904632568,4.482821941375732,0,0,0.38282203674316406,0.38282203674316406,1
Two boy are playing on a trampoline,Some children are jumping on a trampoline,4.300000190734863,0,4.300000190734863,4.308967590332031,0,0,0.008967399597167969,0.008967399597167969,1
The dog is not playing with a plastic container,The dog is playing with a plastic container,3.5999999046325684,2,3.5999999046325684,3.519650459289551,2,2,-0.08034944534301758,0.08034944534301758,1
The puppy is playing with a plastic container,The puppy is playing with a container made of plastic,5.0,1,5.0,5.148651599884033,1,1,0.1486515998840332,0.1486515998840332,1
The puppy is playing with a container made of plastic,The dog is playing with a plastic container,4.599999904632568,1,4.599999904632568,5.022509574890137,1,1,0.42250967025756836,0.42250967025756836,1
The puppy is playing with a plastic container,The dog is not playing with a plastic container,4.0,2,4.0,3.4389631748199463,2,2,-0.5610368251800537,0.5610368251800537,1
A man is jumping onto a wall which is low,A man is jumping onto a low wall,4.800000190734863,1,4.800000190734863,5.128096580505371,1,1,0.3280963897705078,0.3280963897705078,1
A man is jumping onto a low wall,A man is jumping off a low wall,3.4000000953674316,2,3.400000095367432,4.003725051879883,2,2,0.6037249565124512,0.6037249565124512,1
A man is athletically jumping a wall,A man is jumping onto a low wall,4.0,0,4.0,3.4144279956817627,0,0,-0.5855720043182373,0.5855720043182373,1
The man is pouring oil into a pan,A man is pouring oil into a pan,5.0,1,5.0,5.187358379364014,1,1,0.18735837936401367,0.18735837936401367,1
There is no man pouring oil into a pan,A man is pouring oil into a pan,3.200000047683716,2,3.200000047683716,3.593830347061157,2,2,0.39383029937744096,0.39383029937744096,1
A man is pouring oil into a skillet,Oil is being poured into a skillet by a man,5.0,1,5.0,5.246756553649902,1,1,0.24675655364990234,0.24675655364990234,1
A man is pouring oil into a pan,Oil is being poured into a skillet by a man,5.0,1,5.0,5.173720836639404,1,1,0.1737208366394043,0.1737208366394043,1
A man is pouring oil into a pan,A man is taking the oil out off a skillet,3.5999999046325684,0,3.5999999046325684,3.425965547561645,0,2,-0.1740343570709233,0.1740343570709233,0
A man is pouring oil into a skillet,The man is pouring oil into a pan,4.5,1,4.5,4.9919843673706055,1,1,0.49198436737060547,0.49198436737060547,1
There is no man pouring oil into a pan,A man is pouring oil into a skillet,3.700000047683716,2,3.700000047683716,3.563169240951538,2,2,-0.13683080673217773,0.13683080673217773,1
A woman is driving a car and is animatedly talking to the man who is seated beside her,A woman is driving a car and is talking to the man who is seated beside her,4.650000095367432,1,4.650000095367432,4.985867500305176,1,1,0.33586740493774414,0.33586740493774414,1
The woman and the man are travelling by car,The woman and the man are travelling by automobile,4.900000095367432,1,4.900000095367432,5.167876720428467,1,1,0.26787662506103516,0.26787662506103516,1
The woman and the man are not travelling by car,The woman and the man are travelling by car,3.5999999046325684,2,3.5999999046325684,3.546860456466675,2,2,-0.053139448165893555,0.053139448165893555,1
A woman is driving a car and is talking to the man who is seated beside her,The woman and the man are not travelling by car,3.5999999046325684,2,3.5999999046325684,3.538480281829834,2,2,-0.061519622802734375,0.061519622802734375,1
A woman is driving a car and is animatedly talking to the man who is seated beside her,The woman and the man are travelling by car,4.099999904632568,1,4.099999904632568,4.589243412017822,1,1,0.4892435073852539,0.4892435073852539,1
A woman is driving a car and is talking to the man who is seated beside her,The woman and the man are travelling by car,4.400000095367432,1,4.400000095367432,4.631515026092529,1,1,0.23151493072509766,0.23151493072509766,1
A person is ruffling the fur of a cat,A person is combing the fur of a cat,4.099999904632568,0,4.099999904632568,4.338268756866455,0,0,0.23826885223388672,0.23826885223388672,1
The fur of a cat is being combed by a person,A person is brushing a cat,4.800000190734863,1,4.800000190734863,4.970836639404297,1,1,0.1708364486694336,0.1708364486694336,1
A person is ruffling the fur of a cat,A person is brushing a cat,3.799999952316284,0,3.799999952316284,4.827402591705322,0,1,1.027402639389038,1.027402639389038,0
A person is combing the fur of a cat,The person is brushing a cat,4.300000190734863,1,4.300000190734863,5.049214839935303,1,1,0.7492146492004395,0.7492146492004395,1
Nobody is brushing a cat,A person is combing the fur of a cat,3.700000047683716,2,3.700000047683716,3.5852291584014893,2,2,-0.11477088928222656,0.11477088928222656,1
Broccoli is being chopped by a woman,A woman is chopping broccoli,4.900000095367432,1,4.900000095367432,5.329887390136719,1,1,0.4298872947692871,0.4298872947692871,1
The woman is chopping garlic,The woman is slicing garlic,4.699999809265137,1,4.699999809265137,5.174736976623535,1,1,0.47473716735839844,0.47473716735839844,1
The woman is chopping garlic,The woman is not chopping garlic,3.0,2,3.0,3.39998722076416,2,2,0.39998722076416016,0.39998722076416016,1
The woman is slicing garlic,A woman is chopping broccoli,2.9000000953674316,0,2.900000095367432,3.1660144329071045,0,0,0.26601433753967285,0.26601433753967285,1
The woman is chopping garlic,Broccoli is being chopped by a woman,3.0,0,3.0,4.555803298950195,0,1,1.5558032989501953,1.5558032989501953,0
A woman is storing broccoli,The woman is chopping garlic,2.4000000953674316,0,2.400000095367432,2.249046564102173,0,0,-0.1509535312652588,0.1509535312652588,1
A woman is chopping broccoli,The woman is chopping garlic,2.799999952316284,0,2.799999952316284,3.3564813137054443,0,0,0.5564813613891602,0.5564813613891602,1
Some women are cheerfully dancing,Some women are dancing,4.099999904632568,1,4.099999904632568,4.6499128341674805,1,1,0.5499129295349121,0.5499129295349121,1
There is no woman dancing,Some women are dancing,3.5999999046325684,2,3.5999999046325684,3.4839491844177246,2,2,-0.11605072021484375,0.11605072021484375,1
A few men are dancing,Some women are dancing,3.5,0,3.5,3.34562087059021,0,0,-0.15437912940979004,0.15437912940979004,1
Some women are cheerfully dancing,Three men are dancing,2.9000000953674316,0,2.900000095367432,3.0046889781951904,0,0,0.10468888282775879,0.10468888282775879,1
Three men are dancing,There is no woman dancing,2.934999942779541,0,2.934999942779541,3.073875188827514,0,0,0.1388752460479732,0.1388752460479732,1
There is no man sitting on the floor and playing a guitar,A man is sitting on the floor and is playing a guitar,3.0999999046325684,2,3.0999999046325684,3.607348918914795,2,2,0.5073490142822266,0.5073490142822266,1
The man is sitting on the floor in a room and strumming a guitar,A man is sitting on the floor in a room and strumming a guitar,5.0,1,5.0,5.147871971130371,1,1,0.1478719711303711,0.1478719711303711,1
The man is sitting on the floor in a room and strumming a guitar,A man is sitting on the floor and is playing a guitar,4.699999809265137,1,4.699999809265137,4.687642574310303,1,1,-0.012357234954833984,0.012357234954833984,1
A man is sitting on the floor and is playing a guitar,The man is pacing around a room,1.7000000476837158,0,1.7000000476837158,2.713454008102417,0,0,1.0134539604187012,1.0134539604187012,1
There is no man sitting on the floor and playing a guitar,A man is sitting on the floor in a room and strumming a guitar,4.300000190734863,2,4.300000190734863,3.711194515228272,2,2,-0.5888056755065914,0.5888056755065914,1
A man is sitting on the floor in a room and strumming a guitar,A man is sitting on the floor and is playing a guitar,4.650000095367432,1,4.650000095367432,4.674228668212891,1,1,0.024228572845458984,0.024228572845458984,1
One man is eating some food,A man is eating some food,4.900000095367432,1,4.900000095367432,5.094510555267334,1,1,0.19451045989990234,0.19451045989990234,1
The man is fasting,The man is eating,3.200000047683716,2,3.200000047683716,3.629277467727661,2,0,0.4292774200439453,0.4292774200439453,0
A man is eating some food,The person is eating,4.400000095367432,1,4.400000095367432,4.785768508911133,1,1,0.38576841354370117,0.38576841354370117,1
One man is eating some food,The man is eating,4.550000190734863,1,4.550000190734863,4.919281482696533,1,1,0.3692812919616699,0.3692812919616699,1
There is no man eating some food,The man is eating,3.299999952316284,2,3.299999952316284,3.5358726978302,2,2,0.23587274551391602,0.23587274551391602,1
The man is eating,A man is eating some food,4.699999809265137,1,4.699999809265137,5.0690598487854,1,1,0.36906003952026367,0.36906003952026367,1
A woman is carefully applying cosmetics to her eyelid,A woman is applying cosmetics to her eyelid,4.599999904632568,1,4.599999904632568,4.952197074890137,1,1,0.35219717025756836,0.35219717025756836,1
A woman is applying cosmetics to her eyelid,A woman is removing cosmetics from her eyelid,3.5,2,3.5,3.5164687633514404,2,2,0.01646876335144043,0.01646876335144043,1
A woman is using a pencil for eyes and is applying eye liner to her eyelid,A woman is using an eye pencil and is applying eye liner to her eyelid,4.900000095367432,1,4.900000095367432,5.148103713989258,1,1,0.24810361862182617,0.24810361862182617,1
A woman is carefully applying cosmetics to her eyelid,A woman is using an eye pencil and is applying eye liner to her eyelid,4.300000190734863,0,4.300000190734863,4.559381484985352,0,0,0.2593812942504883,0.2593812942504883,1
A woman is using an eye pencil and is applying eye liner to her eyelid,A woman is removing cosmetics from her eyelid,3.799999952316284,0,3.799999952316284,3.5291125774383545,0,0,-0.2708873748779297,0.2708873748779297,1
The baby is crawling happily,A baby is crawling happily,4.900000095367432,1,4.900000095367432,5.068764686584473,1,1,0.16876459121704102,0.16876459121704102,1
A baby is crawling happily,A baby is sitting,3.0,0,3.0,2.8677828311920166,0,0,-0.1322171688079834,0.1322171688079834,1
A baby is crawling happily,A baby is sneezing and frightening another baby,2.299999952316284,0,2.299999952316284,2.373665571212769,0,0,0.07366561889648482,0.07366561889648482,1
The baby is crawling happily,A baby is sneezing and scaring another baby,2.5,0,2.5,2.369293689727783,0,0,-0.1307063102722168,0.1307063102722168,1
A baby is crawling happily,A baby is sneezing and scaring another baby,2.5,0,2.5,2.420949459075928,0,0,-0.07905054092407182,0.07905054092407182,1
A monkey is kicking at the gloved hand of a person,A monkey is kicking at a person's glove,4.364999771118164,1,4.364999771118164,5.150567054748535,1,1,0.7855672836303711,0.7855672836303711,1
There is no monkey kicking at the gloved hand of a person,A monkey is kicking at the gloved hand of a person,4.264999866485596,2,4.264999866485596,3.632891178131104,2,2,-0.6321086883544917,0.6321086883544917,1
A gloved person is kicking at the hand of a monkey,A monkey is kicking at the gloved hand of a person,3.0999999046325684,0,3.0999999046325684,4.738628387451172,0,1,1.6386284828186035,1.6386284828186035,0
The monkey is being trained in martial arts,The monkey is practicing martial arts,4.300000190734863,1,4.300000190734863,5.135361671447754,1,1,0.8353614807128906,0.8353614807128906,1
The monkey is being trained in martial arts,A monkey is kicking at the gloved hand of a person,3.200000047683716,0,3.200000047683716,3.551544427871704,0,0,0.3515443801879883,0.3515443801879883,1
A monkey is kicking at the gloved hand of a person,The monkey isn't practicing martial arts,3.200000047683716,0,3.200000047683716,3.3423917293548584,0,0,0.14239168167114258,0.14239168167114258,1
There is no monkey kicking at the gloved hand of a person,The monkey is practicing martial arts,3.4000000953674316,0,3.400000095367432,3.1569836139678955,0,0,-0.24301648139953613,0.24301648139953613,1
The monkey is practicing martial arts,A gloved person is kicking at the hand of a monkey,3.200000047683716,0,3.200000047683716,3.043226957321167,0,0,-0.15677309036254883,0.15677309036254883,1
The monkey is practicing martial arts,A monkey is kicking at the gloved hand of a person,3.799999952316284,0,3.799999952316284,3.595583438873291,0,0,-0.20441651344299316,0.20441651344299316,1
A man is powerfully kicking a soccer ball,A man is kicking a soccer ball,4.5,1,4.5,4.923748970031738,1,1,0.4237489700317383,0.4237489700317383,1
A man is missing the soccer ball,A man is kicking a soccer ball,4.300000190734863,0,4.300000190734863,3.4356048107147217,0,0,-0.8643953800201416,0.8643953800201416,1
A man is performing tricks with a soccer ball,A man is doing some tricks with a soccer ball,5.0,1,5.0,5.1656904220581055,1,1,0.16569042205810547,0.16569042205810547,1
A man is doing some tricks with a soccer ball,A man is kicking a soccer ball,3.799999952316284,0,3.799999952316284,4.372321605682373,0,0,0.5723216533660889,0.5723216533660889,1
A man is kicking a soccer ball,A man is running away from the soccer ball,3.0,0,3.0,3.223435163497925,0,0,0.2234351634979248,0.2234351634979248,1
A man is missing the soccer ball,A man is performing tricks with a soccer ball,3.5,0,3.5,3.271056652069092,0,0,-0.2289433479309082,0.2289433479309082,1
A man is performing tricks with a soccer ball,A man is kicking a soccer ball,4.199999809265137,1,4.199999809265137,4.298648834228516,1,0,0.0986490249633789,0.0986490249633789,0
The man is cutting the tape on the box,The man is not cutting the tape on the box,3.5,2,3.5,3.450193166732788,2,2,-0.049806833267211914,0.049806833267211914,1
The man is cutting the tape on the box,A man is taping a cut box,3.4000000953674316,0,3.400000095367432,4.071269989013672,0,0,0.6712698936462402,0.6712698936462402,1
A man is taping a cut box,A man is cutting a box,3.4000000953674316,0,3.400000095367432,3.8817832469940186,0,0,0.4817831516265869,0.4817831516265869,1
A kid is practicing with an instrument,A kid is playing an instrument,4.5,1,4.5,4.731010437011719,1,1,0.23101043701171875,0.23101043701171875,1
A kid is playing an instrument,A kid is throwing away an instrument,3.0999999046325684,0,3.0999999046325684,3.121187686920166,0,0,0.021187782287597656,0.021187782287597656,1
"A boy, who is young, is playing a wind instrument",A young boy is playing a wind instrument,5.0,1,5.0,5.147209167480469,1,1,0.14720916748046875,0.14720916748046875,1
"A boy, who is young, is playing a wind instrument",A kid is playing an instrument,4.699999809265137,1,4.699999809265137,4.755969047546387,1,1,0.05596923828125,0.05596923828125,1
There is no young boy playing a wind instrument,A kid is playing an instrument,3.5999999046325684,0,3.5999999046325684,3.6029422283172607,0,2,0.002942323684692383,0.002942323684692383,0
A young boy is playing a wind instrument,A kid is practicing with an instrument,4.0,0,4.0,4.522621154785156,0,1,0.5226211547851562,0.5226211547851562,0
A young boy is playing a wind instrument,A kid is playing an instrument,4.199999809265137,1,4.199999809265137,4.763535499572754,1,1,0.5635356903076172,0.5635356903076172,1
A man is slowly trekking in the woods,A man is trekking in the woods,4.900000095367432,1,4.900000095367432,4.829255104064941,1,1,-0.07074499130249023,0.07074499130249023,1
A man is trekking in the woods,A man is sitting in the woods,3.0999999046325684,0,3.0999999046325684,3.333858728408813,0,0,0.23385882377624467,0.23385882377624467,1
The man is cheerfully hiking in the woods,The man is hiking in the woods,4.800000190734863,1,4.800000190734863,4.768914222717285,1,1,-0.031085968017578125,0.031085968017578125,1
The man is hiking in the woods,The man is not hiking in the woods,4.400000095367432,2,4.400000095367432,3.430741548538208,2,2,-0.9692585468292236,0.9692585468292236,1
The man is cheerfully hiking in the woods,A man is trekking in the woods,4.199999809265137,1,4.199999809265137,4.715769767761231,1,1,0.5157699584960946,0.5157699584960946,1
A man is sitting in the woods,The man is hiking in the woods,3.299999952316284,0,3.299999952316284,3.36799430847168,0,0,0.06799435615539595,0.06799435615539595,1
A man is trekking in the woods,The man is hiking in the woods,4.699999809265137,1,4.699999809265137,4.901092529296875,1,1,0.20109272003173828,0.20109272003173828,1
The man is slicing a tomato,A man is slicing a tomato,4.900000095367432,1,4.900000095367432,5.250600337982178,1,1,0.3506002426147461,0.3506002426147461,1
A woman is cutting a carrot,A man is slicing a tomato,3.0999999046325684,0,3.0999999046325684,2.7050037384033203,0,0,-0.39499616622924805,0.39499616622924805,1
A man is slicing a tomato,A woman is putting away a carrot,1.7000000476837158,0,1.7000000476837158,1.8990271091461184,0,0,0.19902706146240257,0.19902706146240257,1
The man is slicing a tomato,A woman is slicing a carrot,3.0,0,3.0,2.733276605606079,0,0,-0.2667233943939209,0.2667233943939209,1
A man is slicing a tomato,A woman is slicing a carrot,3.0,0,3.0,2.7892277240753174,0,0,-0.21077227592468262,0.21077227592468262,1
A lady is mixing a meat mixture in a bowl,A lady is mixing a mixture of meat in a bowl,5.0,1,5.0,5.16244649887085,1,1,0.1624464988708496,0.1624464988708496,1
There is no lady mixing a meat mixture in a bowl,A lady is mixing a meat mixture in a bowl,4.0,2,4.0,3.5981905460357666,2,2,-0.4018094539642334,0.4018094539642334,1
The lady is stirring meat in a bowl,The woman is stirring meat in a bowl,4.900000095367432,1,4.900000095367432,5.13571834564209,1,1,0.2357182502746582,0.2357182502746582,1
The woman is stirring meat in a bowl,The woman is not stirring meat in a bowl,3.9000000953674316,2,3.900000095367432,3.444972276687622,2,2,-0.45502781867980957,0.45502781867980957,1
The lady is stirring meat in a bowl,A lady is mixing a meat mixture in a bowl,4.400000095367432,1,4.400000095367432,4.881416320800781,1,1,0.4814162254333496,0.4814162254333496,1
A lady is mixing a meat mixture in a bowl,The woman is not stirring meat in a bowl,3.4000000953674316,2,3.400000095367432,3.455830812454224,2,2,0.055830717086792436,0.055830717086792436,1
A woman is putting down a lemon,A woman is squeezing a lemon,3.5999999046325684,0,3.5999999046325684,3.625864267349243,0,0,0.025864362716674805,0.025864362716674805,1
The woman is squeezing juice out of a lemon,A woman is squeezing juice out of a lemon,4.900000095367432,1,4.900000095367432,5.31102466583252,1,1,0.4110245704650888,0.4110245704650888,1
A woman is squeezing juice out of a lemon,There is no woman squeezing juice out of a lemon,3.5999999046325684,2,3.5999999046325684,3.4780943393707275,2,2,-0.12190556526184082,0.12190556526184082,1
A woman is squeezing a lemon,The woman is squeezing juice out of a lemon,4.900000095367432,1,4.900000095367432,4.111823081970215,1,0,-0.7881770133972168,0.7881770133972168,0
A woman is squeezing juice out of a lemon,A lemon is being squeezed by a woman,4.599999904632568,1,4.599999904632568,5.181282997131348,1,1,0.5812830924987793,0.5812830924987793,1
A woman is putting down a lemon,A woman is squeezing juice out of a lemon,3.299999952316284,0,3.299999952316284,3.6684398651123047,0,0,0.3684399127960205,0.3684399127960205,1
A woman is squeezing juice out of a lemon,A woman is squeezing a lemon,4.800000190734863,1,4.800000190734863,5.004281520843506,1,1,0.20428133010864258,0.20428133010864258,1
A kitten is playing with a blue rope toy,A kitten is playing with a toy made of blue rope,4.800000190734863,1,4.800000190734863,5.173158645629883,1,1,0.37315845489501953,0.37315845489501953,1
The kitten is not playing with a toy,The kitten is playing with a toy,2.4000000953674316,2,2.400000095367432,3.526141166687012,2,2,1.1261410713195805,1.1261410713195805,1
A kitten is playing with a blue rope toy,The little cat is playing with a toy,4.599999904632568,1,4.599999904632568,4.246829986572266,1,1,-0.35316991806030273,0.35316991806030273,1
A kitten is getting bored,The kitten is playing with a toy,3.4000000953674316,0,3.400000095367432,2.7935233116149902,0,0,-0.6064767837524414,0.6064767837524414,1
A kitten is playing with a blue rope toy,The kitten is playing with a toy,4.599999904632568,1,4.599999904632568,4.50938606262207,1,1,-0.09061384201049805,0.09061384201049805,1
A man is walking slowly across a bridge made of rope,A boy is walking across a bridge,3.4000000953674316,0,3.400000095367432,3.481377363204956,0,0,0.08137726783752441,0.08137726783752441,1
A man is being stopped on a rope bridge,A boy is walking across a bridge,2.0999999046325684,0,2.0999999046325684,2.785682916641236,0,0,0.6856830120086674,0.6856830120086674,1
A boy is walking across a bridge,A man is walking slowly across a rope bridge,3.5,0,3.5,3.416179656982422,0,0,-0.08382034301757812,0.08382034301757812,1
There is no boy hanging a fishing rod and running in front of a fish,A boy is hanging a fishing rod and running in front of a fish ,3.4000000953674316,2,3.400000095367432,3.58630919456482,2,2,0.18630909919738814,0.18630909919738814,1
A boy is running away from the fishing line,A boy is running towards the fishing line,4.0,2,4.0,3.991678953170776,2,0,-0.008321046829224077,0.008321046829224077,0
A boy is hanging a fishing rod and running in front of a fish ,A young man is running away from the fishing line,2.700000047683716,0,2.700000047683716,3.289380550384521,0,0,0.5893805027008052,0.5893805027008052,1
A boy is hanging a fishing rod and running in front of a fish ,A boy is running towards the fishing line,3.299999952316284,0,3.299999952316284,4.205185890197754,0,0,0.9051859378814697,0.9051859378814697,1
A boy is hanging a rod for fishing and running in front of a fish,A boy is running away from the fishing line,2.700000047683716,0,2.700000047683716,3.4743740558624268,0,0,0.7743740081787109,0.7743740081787109,1
A boy is running away from the fishing line,There is no boy hanging a fishing rod and running in front of a fish,3.200000047683716,0,3.200000047683716,3.4112889766693115,0,0,0.2112889289855957,0.2112889289855957,1
The squirrel is running in circles,A squirrel is running in circles,4.599999904632568,1,4.599999904632568,5.065715789794922,1,1,0.4657158851623535,0.4657158851623535,1
A squirrel is running in circles,The squirrel is not running in circles,3.200000047683716,2,3.200000047683716,3.447086811065674,2,2,0.247086763381958,0.247086763381958,1
An animal is running tiredly in circles,An animal is running in circles,4.300000190734863,1,4.300000190734863,4.6502203941345215,1,1,0.3502202033996582,0.3502202033996582,1
An animal is resting,A squirrel is running in circles,1.7000000476837158,0,1.7000000476837158,2.7426466941833496,0,0,1.0426466464996338,1.0426466464996338,1
The squirrel is running in circles,An animal is running in circles,4.300000190734863,1,4.300000190734863,4.681293964385986,1,1,0.38129377365112305,0.38129377365112305,1
The squirrel is not running in circles,An animal is running in circles,3.5,0,3.5,3.4773800373077397,0,2,-0.022619962692260298,0.022619962692260298,0
A squirrel is running in circles,An animal is running in circles,4.400000095367432,1,4.400000095367432,4.662923812866211,1,1,0.2629237174987793,0.2629237174987793,1
A woman is boiling eggs,A woman is drying eggs,3.4000000953674316,0,3.400000095367432,3.793982982635498,0,0,0.3939828872680664,0.3939828872680664,1
A woman is placing two eggs into a pot of water,A woman is taking two eggs out of a pot of water,4.0,0,4.0,3.55202865600586,0,2,-0.4479713439941402,0.4479713439941402,0
A man is playing the guitar,A guitar is being played by a man,4.800000190734863,1,4.800000190734863,5.157125473022461,1,1,0.35712528228759766,0.35712528228759766,1
The man is playing the guitar,A man is playing the guitar,5.0,1,5.0,5.203522682189941,1,1,0.2035226821899414,0.2035226821899414,1
A person is kicking a ball for a soccer game between somebody's feet,A person is kicking a soccer ball between their feet,4.5,1,4.5,3.8381497859954834,1,0,-0.6618502140045166,0.6618502140045166,0
There is no person kicking a soccer ball between somebody's feet,A person is kicking a soccer ball between their feet,3.200000047683716,0,3.200000047683716,3.5659985542297363,0,0,0.3659985065460205,0.3659985065460205,1
The person who is playing soccer is kicking the ball between somebody's legs,The soccer player is kicking the ball between somebody's legs,4.800000190734863,1,4.800000190734863,4.994453430175781,1,1,0.19445323944091797,0.19445323944091797,1
The soccer player is not kicking the ball between somebody's legs,The soccer player is kicking the ball between somebody's legs,3.200000047683716,2,3.200000047683716,3.531989574432373,2,2,0.3319895267486572,0.3319895267486572,1
A person is kicking a soccer ball between their feet,The person who is playing soccer is kicking the ball between somebody's legs,3.799999952316284,1,3.799999952316284,4.220250606536865,1,0,0.42025065422058105,0.42025065422058105,0
A child is running in and out of the ocean waves,A child is staring at the ocean waves,3.700000047683716,0,3.700000047683716,3.3042209148406982,0,0,-0.3957791328430176,0.3957791328430176,1
A boy is waving at some young runners from the ocean,The young boy is running through the ocean waves,3.0,0,3.0,3.801352262496948,0,0,0.8013522624969478,0.8013522624969478,1
A child is running in and out of the ocean waves,A boy is waving at some young runners from the ocean,3.0999999046325684,0,3.0999999046325684,3.603369951248169,0,0,0.5033700466156006,0.5033700466156006,1
The young boy is running through the ocean waves,A child is staring at the ocean waves,3.5999999046325684,0,3.5999999046325684,3.406446695327759,0,0,-0.19355320930480957,0.19355320930480957,1
A woman is putting away carrots,A woman is grating carrots,3.4649999141693115,0,3.4649999141693115,3.8797802925109854,0,0,0.4147803783416739,0.4147803783416739,1
A woman is coating a pork chop,Carrots are being grated by a woman,1.899999976158142,0,1.899999976158142,3.7717244625091553,0,0,1.8717244863510132,1.8717244863510132,1
A woman is grating carrots,There is no woman coating a pork chop,1.600000023841858,0,1.600000023841858,2.191350221633911,0,0,0.5913501977920532,0.5913501977920532,1
A man and a woman are walking through the woods,The man and the woman are walking through the woods,5.0,1,5.0,5.118816375732422,1,1,0.11881637573242188,0.11881637573242188,1
A man and a woman are walking through the woods,A man and a woman are standing still in the woods,3.4000000953674316,0,3.400000095367432,3.5973846912384038,0,0,0.19738459587097212,0.19738459587097212,1
A man is walking a woman through the woods,A man and a woman are walking through the woods,4.599999904632568,1,4.599999904632568,4.891487121582031,1,1,0.2914872169494629,0.2914872169494629,1
A man and a woman are walking through the woods,The man and woman are strolling,3.799999952316284,0,3.799999952316284,4.51256275177002,0,1,0.7125627994537362,0.7125627994537362,0
The man and woman are not walking,A man and a woman are walking through the woods,3.0,2,3.0,3.5200467109680176,2,0,0.5200467109680176,0.5200467109680176,0
The man and the woman are walking through the woods,The man and woman are walking,4.199999809265137,1,4.199999809265137,4.578271865844727,1,1,0.37827205657958984,0.37827205657958984,1
A man and a woman are walking through the woods,The man and woman are walking,4.400000095367432,1,4.400000095367432,4.572092533111572,1,1,0.17209243774414062,0.17209243774414062,1
An airplane is swiftly flying through the air,An airplane is flying through the air,4.400000095367432,1,4.400000095367432,4.8919830322265625,1,1,0.49198293685913086,0.49198293685913086,1
An airplane is flying through the air,An airplane is being stationed on the ground,2.9000000953674316,2,2.900000095367432,2.9818153381347656,2,0,0.08181524276733398,0.08181524276733398,0
The south African plane is flying in a blue sky,"The plane, which is south African, is flying in a blue sky",4.900000095367432,1,4.900000095367432,5.20123291015625,1,1,0.30123281478881836,0.30123281478881836,1
The south African plane is flying in a blue sky,The south African plane is not flying in a blue sky,3.799999952316284,2,3.799999952316284,3.470576047897339,2,2,-0.3294239044189453,0.3294239044189453,1
"The plane, which is south African, is flying in a blue sky",An airplane is flying through the air,4.5,1,4.5,4.3697662353515625,1,1,-0.1302337646484375,0.1302337646484375,1
The south African plane is flying in a blue sky,An airplane is swiftly flying through the air,3.9000000953674316,0,3.900000095367432,4.331032752990723,0,1,0.431032657623291,0.431032657623291,0
A woman is cooking a pork chop which is breaded,A woman is cooking a breaded pork chop,4.800000190734863,1,4.800000190734863,5.2152252197265625,1,1,0.4152250289916992,0.4152250289916992,1
The woman is frying a chop of breaded pork,The woman is frying a breaded pork chop,4.699999809265137,1,4.699999809265137,5.227118015289307,1,1,0.5271182060241699,0.5271182060241699,1
The woman is frying a breaded pork chop,The woman is not frying a breaded pork chop,3.700000047683716,2,3.700000047683716,3.45306134223938,2,2,-0.24693870544433594,0.24693870544433594,1
A woman is cooking a breaded pork chop,The woman is frying a chop of breaded pork,4.735000133514404,1,4.735000133514404,4.152533531188965,1,0,-0.5824666023254395,0.5824666023254395,0
The woman is frying a breaded pork chop,A woman is cooking a pork chop which is breaded,4.400000095367432,1,4.400000095367432,5.013147830963135,1,1,0.6131477355957031,0.6131477355957031,1
The man is slicing bread,Bread is being sliced by the man,4.900000095367432,1,4.900000095367432,5.1250715255737305,1,1,0.22507143020629883,0.22507143020629883,1
The woman is slicing herbs,A woman is slicing herbs,4.900000095367432,1,4.900000095367432,5.216829299926758,1,1,0.31682920455932617,0.31682920455932617,1
The man is slicing bread,The woman is not slicing herbs,2.9000000953674316,0,2.900000095367432,1.9135186672210691,0,0,-0.9864814281463625,0.9864814281463625,1
The man is putting away the bread,The woman is slicing herbs,1.2000000476837158,0,1.2000000476837158,1.1816918849945068,0,0,-0.018308162689208984,0.018308162689208984,1
The woman is slicing herbs,The man is slicing bread,1.899999976158142,0,1.899999976158142,2.239001035690308,0,0,0.33900105953216597,0.33900105953216597,1
A man is dancing on a roof ,A person is dancing on a roof,4.5,1,4.5,4.891860008239746,1,1,0.3918600082397461,0.3918600082397461,1
A man is standing on the top of a roof and playing a violin,A man is standing on a roof top and playing a violin,4.699999809265137,1,4.699999809265137,5.042351722717285,1,1,0.34235191345214844,0.34235191345214844,1
A man is dancing on a roof ,There is no man standing on a roof top and playing a violin,3.0999999046325684,0,3.0999999046325684,2.874490976333618,0,0,-0.2255089282989502,0.2255089282989502,1
A man is standing on a roof top and playing a violin,A person is dancing on a roof,2.5999999046325684,0,2.5999999046325684,3.458315849304199,0,0,0.8583159446716309,0.8583159446716309,1
Someone is typing on a keyboard,Somebody is typing on the keyboard,4.900000095367432,1,4.900000095367432,5.080014228820801,1,1,0.18001413345336914,0.18001413345336914,1
Somebody is typing on the keyboard,Someone is typing,4.400000095367432,1,4.400000095367432,4.812160015106201,1,1,0.41215991973876953,0.41215991973876953,1
Someone is writing,Someone is typing on a keyboard,3.0,0,3.0,4.382822036743164,0,0,1.382822036743164,1.382822036743164,1
Someone is typing on a keyboard,Someone is typing,4.400000095367432,1,4.400000095367432,4.804856300354004,1,1,0.40485620498657227,0.40485620498657227,1
A woman is absently peeling a potato,A woman is peeling a potato,4.599999904632568,1,4.599999904632568,4.804877758026123,1,1,0.2048778533935547,0.2048778533935547,1
A woman is peeling a potato,A woman is putting away a potato,4.0,0,4.0,4.058547019958496,0,0,0.058547019958496094,0.058547019958496094,1
A woman is cleaning a shrimp,There is no woman cleaning a shrimp,3.5,2,3.5,3.4342734813690186,2,2,-0.06572651863098145,0.06572651863098145,1
The boy is riding a tricycle,The boy is not riding a tricycle,3.9000000953674316,2,3.900000095367432,3.427802801132202,2,2,-0.4721972942352295,0.4721972942352295,1
The boy is not riding a tricycle,A woman is riding a water scooter,1.399999976158142,0,1.399999976158142,1.211035966873169,0,0,-0.18896400928497314,0.18896400928497314,1
The boy is riding a tricycle,A woman is riding a scooter for water,1.399999976158142,0,1.399999976158142,1.2995059490203855,0,0,-0.10049402713775657,0.10049402713775657,1
There is no woman riding a water scooter,The boy is riding a tricycle,1.7000000476837158,0,1.7000000476837158,1.387620449066162,0,0,-0.3123795986175537,0.3123795986175537,1
A woman is riding a water scooter,The boy is riding a tricycle,1.399999976158142,0,1.399999976158142,1.5021803379058838,0,0,0.1021803617477417,0.1021803617477417,1
The panda is not eating bamboo,The panda is eating bamboo,3.5,2,3.5,3.46777606010437,2,2,-0.03222393989562988,0.03222393989562988,1
A panda bear is eating some bamboo,One panda is eating a bamboo cane,4.599999904632568,1,4.599999904632568,4.197410106658936,1,0,-0.4025897979736319,0.4025897979736319,0
Some bamboo is being eaten by a panda bear,The panda is eating bamboo,4.900000095367432,1,4.900000095367432,5.145264625549316,1,1,0.24526453018188477,0.24526453018188477,1
There is no panda bear eating some bamboo,The panda is eating bamboo,4.300000190734863,2,4.300000190734863,3.503381490707397,2,2,-0.7966187000274663,0.7966187000274663,1
A panda bear is eating some bamboo,The panda is eating bamboo,4.900000095367432,1,4.900000095367432,4.998271942138672,1,1,0.09827184677124023,0.09827184677124023,1
Someone is beating an egg,Somebody is beating an egg,4.800000190734863,1,4.800000190734863,5.199854850769043,1,1,0.3998546600341797,0.3998546600341797,1
Nobody is beating an egg,Someone is beating an egg,3.200000047683716,2,3.200000047683716,3.505913019180298,2,2,0.30591297149658203,0.30591297149658203,1
The woman is stirring eggs in a bowl,Somebody is beating an egg,4.199999809265137,0,4.199999809265137,4.367700576782227,0,1,0.16770076751708984,0.16770076751708984,0
The woman is stirring eggs in a bowl,Someone is beating an egg,3.9000000953674316,0,3.900000095367432,4.448412418365479,0,1,0.5484123229980478,0.5484123229980478,0
A man is slowly folding a tortilla,A man is folding a tortilla,4.699999809265137,1,4.699999809265137,5.023329257965088,1,1,0.32332944869995117,0.32332944869995117,1
A man is folding a tortilla,A man is unfolding a tortilla,3.799999952316284,0,3.799999952316284,4.015133857727051,0,0,0.2151339054107666,0.2151339054107666,1
A person is folding a tortilla,A tortilla is being folded by a person,5.0,1,5.0,5.242203235626221,1,1,0.2422032356262207,0.2422032356262207,1
A man is folding a tortilla,A tortilla is being folded by a person,4.400000095367432,1,4.400000095367432,5.093479156494141,1,1,0.693479061126709,0.693479061126709,1
A man is slowly folding a tortilla,A person is folding a tortilla,4.599999904632568,1,4.599999904632568,4.883289337158203,1,1,0.28328943252563477,0.28328943252563477,1
A man is unfolding a tortilla,A person is folding a tortilla,4.099999904632568,0,4.099999904632568,3.614890336990357,0,0,-0.48510956764221147,0.48510956764221147,1
A man is folding a tortilla,A person is folding a tortilla,4.699999809265137,1,4.699999809265137,5.079183101654053,1,1,0.379183292388916,0.379183292388916,1
A woman is deboning a fish,A woman is freeing a fish,2.700000047683716,2,2.700000047683716,3.4102113246917725,2,0,0.7102112770080566,0.7102112770080566,0
A woman is freeing a fish,A man is catching a fish,2.5,0,2.5,2.3193352222442627,0,0,-0.1806647777557373,0.1806647777557373,1
A man is freeing a fish,A woman is deboning a fish,2.4000000953674316,0,2.400000095367432,2.0899112224578857,0,0,-0.3100888729095459,0.3100888729095459,1
A man is catching a fish,A woman is deboning a fish,3.4000000953674316,0,3.400000095367432,1.4929966926574707,0,0,-1.907003402709961,1.907003402709961,1
There is no man playing a harp,A man is playing a harp,3.799999952316284,2,3.799999952316284,3.5670080184936523,2,2,-0.23299193382263184,0.23299193382263184,1
There is no man playing a harp,A man is playing a violin,3.200000047683716,0,3.200000047683716,2.987957239151001,0,0,-0.21204280853271484,0.21204280853271484,1
A man is playing a violin,A man is harping on about a play,1.5,0,1.5,2.666696548461914,0,0,1.166696548461914,1.166696548461914,1
There is no person buttering a tray,A person is buttering a tray,3.4000000953674316,2,3.400000095367432,3.600550889968872,2,2,0.20055079460144043,0.20055079460144043,1
A person is wiping butter on a tray,A tray is being buttered by a person,4.199999809265137,1,4.199999809265137,4.805086135864258,1,1,0.6050863265991211,0.6050863265991211,1
A person is wiping butter on a tray,A person is buttering a tray,4.800000190734863,1,4.800000190734863,4.865415573120117,1,1,0.0654153823852539,0.0654153823852539,1
A woman is throwing volleyballs over a net,A woman is serving volleyballs over a net,4.099999904632568,1,4.099999904632568,4.671832084655762,1,0,0.5718321800231934,0.5718321800231934,0
One woman is handing volleyballs to another woman,One woman is denying the volleyballs to another woman,3.200000047683716,0,3.200000047683716,3.754709482192993,0,0,0.5547094345092773,0.5547094345092773,1
A woman is serving volleyballs over a net,A woman is being handed volleyballs by another woman,3.299999952316284,0,3.299999952316284,4.893608093261719,0,1,1.5936081409454346,1.5936081409454346,0
One woman is denying the volleyballs to another woman,A woman is serving volleyballs over a net,3.700000047683716,0,3.700000047683716,3.588090181350708,0,0,-0.11190986633300781,0.11190986633300781,1
One woman is handing volleyballs to another woman,A woman is receiving volleyballs,4.400000095367432,1,4.400000095367432,5.0140581130981445,1,1,0.6140580177307129,0.6140580177307129,1
One woman is handing volleyballs to another woman,A woman is serving volleyballs over a net,3.5999999046325684,0,3.5999999046325684,4.081457138061523,0,0,0.4814572334289551,0.4814572334289551,1
A man is chopping a log with an axe,The man is chopping the trunk of a tree with an axe,4.0,0,4.0,5.0775346755981445,0,1,1.0775346755981445,1.0775346755981445,0
The man is not chopping a tree trunk with an axe,A man is chopping a log with an axe,3.700000047683716,0,3.700000047683716,3.557759046554565,0,2,-0.14224100112915083,0.14224100112915083,0
The man is chopping a tree trunk with an axe,One man is chopping a log with an axe,3.700000047683716,0,3.700000047683716,5.034257888793945,0,1,1.3342578411102295,1.3342578411102295,0
There is no man chopping a log with an axe,The man is chopping a tree trunk with an axe,3.0999999046325684,0,3.0999999046325684,3.598917245864868,0,2,0.4989173412322998,0.4989173412322998,0
A man is putting away a guitar,A man is playing a guitar,3.799999952316284,2,3.799999952316284,3.777665376663208,2,0,-0.022334575653076172,0.022334575653076172,0
A man is playing a guitar,A man is strumming a guitar,4.599999904632568,1,4.599999904632568,4.197005271911621,1,0,-0.40299463272094727,0.40299463272094727,0
A guitar is being passionately played by a man,A man is playing a guitar,4.5,1,4.5,4.985254287719727,1,1,0.48525428771972656,0.48525428771972656,1
A man is dancing,A person is dancing,4.300000190734863,1,4.300000190734863,4.922739505767822,1,1,0.622739315032959,0.622739315032959,1
A person is sitting,A man is dancing,1.5,0,1.5,2.410146474838257,0,0,0.9101464748382568,0.9101464748382568,1
A woman is thinking of a man,A man is thinking,3.450000047683716,0,3.450000047683716,3.0864598751068115,0,0,-0.3635401725769043,0.3635401725769043,1
The man is thinking,A man is dancing,1.7000000476837158,0,1.7000000476837158,2.622728109359741,0,0,0.9227280616760254,0.9227280616760254,1
A man is dancing,There is no man thinking,2.4000000953674316,0,2.400000095367432,2.6091902256011963,0,0,0.20919013023376465,0.20919013023376465,1
A man is dancing,A woman is thinking of a man,1.5,0,1.5,1.4644989967346191,0,0,-0.03550100326538086,0.03550100326538086,1
A person is dancing,A man is thinking,1.100000023841858,0,1.100000023841858,2.157770872116089,0,0,1.057770848274231,1.057770848274231,1
A man is thinking,A person is sitting,2.0999999046325684,0,2.0999999046325684,2.553579568862915,0,0,0.4535796642303467,0.4535796642303467,1
A white cat perched on a small wooden cabinet is looking outside the window,There is no white cat perched on a small wooden cabinet looking outside the window,3.299999952316284,2,3.299999952316284,3.5204079151153564,2,2,0.22040796279907227,0.22040796279907227,1
A white cat perched on a small wooden cabinet is looking outside the window,Someone on a perch is looking at a small wooden cat that is on a white cabinet outside the window ,3.200000047683716,0,3.200000047683716,4.444911003112793,0,1,1.2449109554290771,1.2449109554290771,0
The cat perched on the table is looking out the window,The cat perched on the table is looking curiously out the window,4.800000190734863,1,4.800000190734863,4.869331359863281,1,1,0.06933116912841797,0.06933116912841797,1
"A cat with a white coat, perched on a small wooden cabinet, is looking outside the window",The cat perched on the table is looking out the window,3.799999952316284,0,3.799999952316284,4.263474464416504,0,1,0.4634745121002197,0.4634745121002197,0
There is no white cat perched on a small wooden cabinet looking outside the window,The cat perched on the table is looking out the window,3.9000000953674316,0,3.900000095367432,3.3656609058380127,0,0,-0.534339189529419,0.534339189529419,1
The dog is licking the baby,A dog is licking a baby,5.0,1,5.0,5.169407367706299,1,1,0.16940736770629883,0.16940736770629883,1
A baby is licking a dog,A dog is licking a baby,3.9000000953674316,0,3.900000095367432,4.336915493011475,0,1,0.43691539764404297,0.43691539764404297,0
A dog is licking a toddler,A dog is licking a baby,3.8350000381469727,0,3.8350000381469727,4.945343494415283,0,1,1.1103434562683105,1.1103434562683105,0
A dog is walking away from a baby,A dog is licking a baby,2.5999999046325684,0,2.5999999046325684,3.748075246810913,0,0,1.1480753421783447,1.1480753421783447,1
There is no dog licking a baby,A dog is licking a baby,4.400000095367432,2,4.400000095367432,3.5334396362304688,2,2,-0.8665604591369629,0.8665604591369629,1
Garlic is being diced by the woman,The woman is dicing garlic,4.900000095367432,1,4.900000095367432,5.286652565002441,1,1,0.38665246963500977,0.38665246963500977,1
The woman is not dicing garlic,A woman is chopping up garlic,2.9000000953674316,2,2.900000095367432,3.7648887634277344,2,2,0.8648886680603027,0.8648886680603027,1
The woman is dancing,A woman is dancing,4.900000095367432,1,4.900000095367432,5.106985569000244,1,1,0.2069854736328125,0.2069854736328125,1
The man is wildly dancing,The man is dancing,4.699999809265137,1,4.699999809265137,4.784635543823242,1,1,0.08463573455810547,0.08463573455810547,1
The woman is dancing,The man is dancing,3.5999999046325684,0,3.5999999046325684,3.104193687438965,0,0,-0.4958062171936035,0.4958062171936035,1
There is no woman dancing,The man is dancing,3.0999999046325684,0,3.0999999046325684,2.4498894214630127,0,0,-0.6501104831695557,0.6501104831695557,1
The man is dancing,A woman is dancing,3.5,0,3.5,3.0850026607513428,0,0,-0.4149973392486572,0.4149973392486572,1
The person is writing,A person is writing,4.900000095367432,1,4.900000095367432,5.147061347961426,1,1,0.24706125259399414,0.24706125259399414,1
There is no person writing,A person is writing,3.615000009536743,2,3.615000009536743,3.4883973598480225,2,2,-0.1266026496887207,0.1266026496887207,1
A person is jotting something with a pencil,The person is writing with a pencil,4.900000095367432,1,4.900000095367432,4.635113716125488,1,1,-0.26488637924194336,0.26488637924194336,1
The person is not writing with a pencil,The person is writing with a pencil,3.4000000953674316,2,3.400000095367432,3.531973361968994,2,2,0.1319732666015625,0.1319732666015625,1
The person is writing with a pencil,The writing is about a person penciling,3.200000047683716,0,3.200000047683716,3.837029457092285,0,0,0.6370294094085693,0.6370294094085693,1
A person is jotting something with a pencil,A person is writing,4.599999904632568,1,4.599999904632568,4.326667308807373,1,1,-0.2733325958251953,0.2733325958251953,1
There is no person writing,The person is writing with a pencil,3.0,2,3.0,3.516235113143921,2,2,0.5162351131439209,0.5162351131439209,1
The person is writing with a pencil,A person is writing,4.5,1,4.5,4.613804817199707,1,1,0.11380481719970703,0.11380481719970703,1
Someone is boiling okra in a pot,Someone is being boiled with okra in a pot,2.700000047683716,0,2.700000047683716,4.834507465362549,0,1,2.134507417678833,2.134507417678833,0
Someone is cooking okra in a pan,Somebody is boiling okra in a pot,3.9149999618530273,0,3.9149999618530273,4.019911766052246,0,0,0.10491180419921875,0.10491180419921875,1
A man is dancing,A man is standing still,3.0999999046325684,0,3.0999999046325684,2.85918927192688,0,0,-0.24081063270568848,0.24081063270568848,1
A man is speaking,The man is dancing,2.0999999046325684,0,2.0999999046325684,2.3895397186279297,0,0,0.28953981399536133,0.28953981399536133,1
A man is standing still,A man is speaking,2.4000000953674316,0,2.400000095367432,2.6892011165618896,0,0,0.289201021194458,0.289201021194458,1
A squirrel is crazily spinning around in circles,A squirrel is spinning around in circles,4.599999904632568,1,4.599999904632568,4.811566352844238,1,1,0.21156644821166992,0.21156644821166992,1
A squirrel is running around in circles,An animal is running around in circles,4.599999904632568,1,4.599999904632568,4.667966365814209,1,1,0.06796646118164062,0.06796646118164062,1
A squirrel is running around in circles,A runner is circling a squirrel,3.0999999046325684,0,3.0999999046325684,4.406723499298096,0,1,1.3067235946655273,1.3067235946655273,0
A squirrel is spinning around in circles,An animal is running around in circles,4.099999904632568,1,4.099999904632568,4.555293560028076,1,1,0.4552936553955078,0.4552936553955078,1
A squirrel is spinning around in circles,A squirrel is lying down,2.5999999046325684,0,2.5999999046325684,3.359350681304932,0,0,0.7593507766723637,0.7593507766723637,1
A runner is circling a squirrel,A squirrel is spinning around in circles,3.0999999046325684,0,3.0999999046325684,4.097333908081055,0,0,0.9973340034484863,0.9973340034484863,1
There is no squirrel spinning around in circles,A squirrel is running around in circles,4.199999809265137,2,4.199999809265137,3.568856000900269,2,2,-0.6311438083648677,0.6311438083648677,1
A squirrel is running around in circles,A squirrel is spinning around in circles,4.400000095367432,1,4.400000095367432,4.811845302581787,1,1,0.41184520721435547,0.41184520721435547,1
Paper is being cut with scissors,Someone is cutting some paper with scissors,4.699999809265137,1,4.699999809265137,5.158708572387695,1,1,0.4587087631225586,0.4587087631225586,1
The piece of paper is not being cut,Paper is being cut with scissors,3.5,2,3.5,3.635303258895874,2,0,0.13530325889587402,0.13530325889587402,0
Paper and scissors both cut,The piece of paper is being cut,2.799999952316284,0,2.799999952316284,4.402627944946289,0,1,1.6026279926300049,1.6026279926300049,0
The man is playing the flute,A man is playing a flute,4.800000190734863,1,4.800000190734863,5.157343864440918,1,1,0.3573436737060547,0.3573436737060547,1
The man is not playing the guitar,The man is playing a guitar,4.0,2,4.0,3.4710443019866943,2,2,-0.5289556980133057,0.5289556980133057,1
The man is playing the flute,The man is playing a guitar,2.4000000953674316,0,2.400000095367432,3.150238275527954,0,0,0.7502381801605225,0.7502381801605225,1
A man is playing a flute,The man is playing a guitar,3.0350000858306885,0,3.0350000858306885,3.1976916790008545,0,0,0.16269159317016602,0.16269159317016602,1
A man is playing the drums,There is no man playing the drums,4.300000190734863,2,4.300000190734863,3.460548162460327,2,2,-0.8394520282745361,0.8394520282745361,1
A man is playing the drum,A man is disassembling the drum,3.5,0,3.5,3.059955358505249,0,0,-0.440044641494751,0.440044641494751,1
A man is practicing the drum,A man is playing the drums,4.699999809265137,1,4.699999809265137,4.853044033050537,1,1,0.1530442237854004,0.1530442237854004,1
A man is playing the drum,The drums are being played by a man,4.800000190734863,1,4.800000190734863,5.122621536254883,1,1,0.32262134552001953,0.32262134552001953,1
There is no man playing the drums,A man is playing the drum,4.5,2,4.5,3.531899929046631,2,2,-0.9681000709533691,0.9681000709533691,1
A man is doing exercises,A person is doing exercises,4.5,1,4.5,4.85430908203125,1,1,0.35430908203125,0.35430908203125,1
A man is lazing,A man is doing exercises,2.799999952316284,0,2.799999952316284,2.209868907928467,0,0,-0.5901310443878174,0.5901310443878174,1
The man is doing floor exercises,One man is doing floor exercises,4.900000095367432,1,4.900000095367432,5.159606456756592,1,1,0.25960636138916016,0.25960636138916016,1
The man is not doing floor exercises,The man is doing floor exercises,4.099999904632568,2,4.099999904632568,3.4887771606445312,2,2,-0.6112227439880371,0.6112227439880371,1
The man is doing floor exercises,A man doing exercises is being floored,2.799999952316284,0,2.799999952316284,3.9670140743255615,0,0,1.1670141220092773,1.1670141220092773,1
The man is not doing floor exercises,A man is doing exercises,3.799999952316284,0,3.799999952316284,3.67177963256836,0,0,-0.12822031974792436,0.12822031974792436,1
A man doing exercises is being floored,A man is doing exercises,4.099999904632568,1,4.099999904632568,4.674912452697754,1,1,0.5749125480651855,0.5749125480651855,1
The man is doing floor exercises,A person is doing exercises,4.300000190734863,1,4.300000190734863,4.505050659179688,1,1,0.2050504684448251,0.2050504684448251,1
A bicycle is being ridden by a man,A man is riding a bicycle,5.0,1,5.0,5.2769622802734375,1,1,0.2769622802734375,0.2769622802734375,1
A man is stopping the bicycle,A man is riding a bicycle,3.4000000953674316,0,3.400000095367432,3.855611085891724,0,0,0.45561099052429244,0.45561099052429244,1
A monkey is riding a bike,A monkey is riding a bicycle,4.900000095367432,1,4.900000095367432,5.2554121017456055,1,1,0.35541200637817383,0.35541200637817383,1
A monkey is riding a bike,A bike is being ridden over a monkey,3.0999999046325684,0,3.0999999046325684,3.19833779335022,0,0,0.09833788871765181,0.09833788871765181,1
A man is riding a bicycle,A monkey is riding a bicycle,3.0999999046325684,0,3.0999999046325684,2.5647592544555664,0,0,-0.535240650177002,0.535240650177002,1
A man is riding a bicycle,There is no monkey riding a bike,2.5999999046325684,0,2.5999999046325684,2.6152379512786865,0,0,0.015238046646118164,0.015238046646118164,1
A bicycle is being ridden by a man,A monkey is riding a bike,2.5,0,2.5,2.730798482894897,0,0,0.23079848289489702,0.23079848289489702,1
A monkey is riding a bike,A man is stopping the bicycle,2.200000047683716,0,2.200000047683716,1.8339612483978271,0,0,-0.36603879928588867,0.36603879928588867,1
One fish is swimming ,A fish is swimming,4.900000095367432,1,4.900000095367432,4.84475040435791,1,1,-0.055249691009521484,0.055249691009521484,1
A fish is swimming,A fish is not swimming,3.5,2,3.5,3.343853712081909,2,2,-0.15614628791809082,0.15614628791809082,1
Some fish are swimming quickly,Some fish are swimming,4.5,1,4.5,4.755003929138184,1,1,0.2550039291381836,0.2550039291381836,1
Some fish are swimming quickly,A fish is swimming,4.300000190734863,1,4.300000190734863,4.710296154022217,1,1,0.4102959632873535,0.4102959632873535,1
Some fish are swimming,One fish is swimming ,4.099999904632568,1,4.099999904632568,4.372696876525879,1,0,0.27269697189331055,0.27269697189331055,0
Some fish are swimming,A fish is not swimming,3.9000000953674316,0,3.900000095367432,3.358865737915039,0,2,-0.5411343574523926,0.5411343574523926,0
A pan is being dropped over the meat,The meat is being dropped into a pan,3.5350000858306885,0,3.5350000858306885,3.566408395767212,0,0,0.03140830993652344,0.03140830993652344,1
A woman is putting meat in a pan,A pan is being dropped over the meat,2.5999999046325684,0,2.5999999046325684,3.2967770099639893,0,0,0.6967771053314209,0.6967771053314209,1
A woman is clumsily putting meat in a pan,The meat is being dropped into a pan,4.199999809265137,1,4.199999809265137,4.149473667144775,1,0,-0.05052614212036133,0.05052614212036133,0
A woman is putting meat in a pan,The meat is being dropped into a pan,4.400000095367432,0,4.400000095367432,4.365200519561768,0,1,-0.03479957580566406,0.03479957580566406,0
There is no man holding a frog,A man is holding a frog,2.0999999046325684,2,2.0999999046325684,3.563162326812744,2,2,1.4631624221801758,1.4631624221801758,1
A frog is being handled by the woman,The woman is handling a frog,5.0,1,5.0,5.27898645401001,1,1,0.27898645401000977,0.27898645401000977,1
The woman is handling a frog,A person is holding a frog,4.199999809265137,1,4.199999809265137,4.831769943237305,1,1,0.631770133972168,0.631770133972168,1
The woman is handling a frog,There is no man holding a frog,3.200000047683716,0,3.200000047683716,3.132420778274536,0,0,-0.06757926940917969,0.06757926940917969,1
Four young men are standing still and a car is exploding behind them,Some young men are standing still and a car is exploding behind them,4.300000190734863,1,4.300000190734863,3.915893793106079,1,0,-0.3841063976287842,0.3841063976287842,0
Four young men are running away and a car is staying put behind them,Four young men are standing still and a car is exploding behind them,3.5999999046325684,0,3.5999999046325684,3.515282392501831,0,0,-0.0847175121307373,0.0847175121307373,1
The boys are standing in front of the burning car,The boys are not standing in front of the burning car,4.0,2,4.0,3.4729692935943604,2,2,-0.5270307064056396,0.5270307064056396,1
The boys are standing and burning a car,Four young men are standing still and a car is exploding behind them,3.2850000858306885,0,3.2850000858306885,3.747145891189575,0,0,0.4621458053588867,0.4621458053588867,1
Four young men are running away and a car is staying put behind them,The boys are standing in front of the burning car,2.9000000953674316,0,2.900000095367432,3.024808168411255,0,0,0.12480807304382324,0.12480807304382324,1
Four young men are exploding and a car is standing still behind them,The boys are standing in front of the burning car,3.5,0,3.5,3.269057512283325,0,0,-0.2309424877166748,0.2309424877166748,1
Four young men are standing still and a car is exploding behind them,The boys are standing in front of the burning car,3.299999952316284,0,3.299999952316284,3.622251749038696,0,0,0.32225179672241167,0.32225179672241167,1
A woman is collecting tap water in a mug,A woman is collecting the water from a tap in a mug,4.800000190734863,1,4.800000190734863,4.686089038848877,1,1,-0.11391115188598633,0.11391115188598633,1
A woman is collecting tap water in a mug,A woman is emptying the water from a mug,3.799999952316284,0,3.799999952316284,3.479670763015747,0,0,-0.3203291893005371,0.3203291893005371,1
A boy is filling a pitcher with water,A woman is emptying the water from a mug,1.7999999523162842,0,1.7999999523162842,1.9573655128479004,0,0,0.1573655605316162,0.1573655605316162,1
A woman is collecting tap water in a mug,A pitcher is being filled with water by a boy,2.4000000953674316,0,2.400000095367432,1.841512441635132,0,0,-0.5584876537322996,0.5584876537322996,1
A woman is collecting tap water in a mug,There is no boy filling a pitcher with water,2.5999999046325684,0,2.5999999046325684,1.8845057487487795,0,0,-0.7154941558837888,0.7154941558837888,1
A boy is filling a pitcher with water,A woman is collecting tap water in a mug,2.299999952316284,0,2.299999952316284,1.5987848043441772,0,0,-0.7012151479721069,0.7012151479721069,1
A man and a woman are sitting,A man and a woman are walking,3.0999999046325684,0,3.0999999046325684,3.1972367763519287,0,0,0.09723687171936035,0.09723687171936035,1
A man is strolling in the rain,A man and a woman are walking,2.299999952316284,0,2.299999952316284,3.147496223449707,0,0,0.8474962711334229,0.8474962711334229,1
A man and a woman are walking nicely,A man is walking in the rain,2.700000047683716,0,2.700000047683716,3.188119649887085,0,0,0.48811960220336914,0.48811960220336914,1
A man is walking in the rain,A man and a woman are sitting,2.0,0,2.0,1.447021484375,0,0,-0.552978515625,0.552978515625,1
A man and a woman are walking,A man is walking in the rain,3.5999999046325684,0,3.5999999046325684,3.831808567047119,0,0,0.23180866241455078,0.23180866241455078,1
Some men are running a race,Men are running a race,4.599999904632568,1,4.599999904632568,5.035845279693604,1,1,0.43584537506103604,0.43584537506103604,1
Men are running a race,Some men are resting,2.5,0,2.5,2.4689085483551025,0,0,-0.03109145164489746,0.03109145164489746,1
Racers are running down a track,Some racers are running down a track,4.800000190734863,1,4.800000190734863,4.951478004455566,1,1,0.15147781372070312,0.15147781372070312,1
Runners are racing down a track,Racers are running down a track,4.599999904632568,1,4.599999904632568,4.83355712890625,1,1,0.23355722427368164,0.23355722427368164,1
There are no racers running down a track,Men are running a race,3.799999952316284,0,3.799999952316284,3.569652318954468,0,0,-0.23034763336181596,0.23034763336181596,1
The men are placing suitcases in the trunk of a car,The men are packing suitcases into the trunk of a car,4.800000190734863,1,4.800000190734863,4.340373992919922,1,0,-0.4596261978149414,0.4596261978149414,0
The men are putting suitcases into the trunk of a car,The men are packing suitcases into the trunk of a car,5.0,1,5.0,5.188885688781738,1,1,0.18888568878173828,0.18888568878173828,1
A woman is taking off eyeshadow,A woman is putting on eyeshadow,3.5999999046325684,0,3.5999999046325684,3.673127412796021,0,2,0.07312750816345259,0.07312750816345259,0
A woman is putting on eyeshadow,The woman is removing make-up,3.0,2,3.0,3.3871278762817383,2,0,0.3871278762817383,0.3871278762817383,0
A woman is taking off eyeshadow,A woman is putting make-up on,3.5999999046325684,0,3.5999999046325684,3.508495569229126,0,0,-0.09150433540344238,0.09150433540344238,1
A toy train is missing a toy car,A toy train is striking a toy car,3.5999999046325684,0,3.5999999046325684,3.5712907314300537,0,2,-0.02870917320251465,0.02870917320251465,0
A toy train is striking a toy car,A car and a train are striking a toy,3.200000047683716,0,3.200000047683716,4.51228141784668,0,1,1.3122813701629639,1.3122813701629639,0
A toy train is violently striking a toy car,A toy train is striking a toy car,4.599999904632568,1,4.599999904632568,4.994860649108887,1,1,0.39486074447631836,0.39486074447631836,1
A toy train is striking a toy car,There is no toy train striking a toy car,3.0999999046325684,2,3.0999999046325684,3.470400810241699,2,2,0.37040090560913086,0.37040090560913086,1
The person is not slicing onions,The person is slicing onions,3.9000000953674316,2,3.900000095367432,3.500852584838867,2,2,-0.39914751052856445,0.39914751052856445,1
A person is peeling an onion,Onions are being sliced by the person,3.700000047683716,0,3.700000047683716,4.786052703857422,0,1,1.086052656173706,1.086052656173706,0
The person is not slicing onions,A person is peeling an onion,3.0,0,3.0,3.674182653427124,0,0,0.674182653427124,0.674182653427124,1
The person is slicing onions,There is no person peeling an onion,3.0999999046325684,2,3.0999999046325684,3.6656975746154794,2,0,0.565697669982911,0.565697669982911,0
Several swimmers are jumping into the water,Several swimmers are jumping out of the water,4.099999904632568,0,4.099999904632568,3.679809331893921,0,2,-0.42019057273864746,0.42019057273864746,0
Several swimmers are jumping into the water,Several jumpers are swimming in the water,3.9000000953674316,0,3.900000095367432,4.3686628341674805,0,0,0.46866273880004883,0.46866273880004883,1
A few swimmers are racing in a lake,Swimmers are racing in a lake,4.800000190734863,1,4.800000190734863,5.042179107666016,1,1,0.24217891693115234,0.24217891693115234,1
Some swimmers are getting out of a lake,Swimmers are racing in a lake,3.4000000953674316,0,3.400000095367432,3.537504196166992,0,0,0.13750410079956055,0.13750410079956055,1
Several swimmers are jumping into the water,A few swimmers are racing in a lake,3.5,0,3.5,3.5720102787017822,0,0,0.07201027870178223,0.07201027870178223,1
Some swimmers are getting out of a lake,Several swimmers are jumping into the water,3.0999999046325684,0,3.0999999046325684,3.5299413204193115,0,0,0.42994141578674316,0.42994141578674316,1
Several swimmers are jumping out of the water,Swimmers are racing in a lake,3.200000047683716,0,3.200000047683716,3.3396499156951904,0,0,0.1396498680114746,0.1396498680114746,1
A talented man is playing the guitar,A man is playing a guitar,4.5,1,4.5,4.866840362548828,1,1,0.3668403625488281,0.3668403625488281,1
A woman is playing a guitar,There is no woman playing a guitar,3.700000047683716,2,3.700000047683716,3.423616409301758,2,2,-0.276383638381958,0.276383638381958,1
A man is playing a guitar,A guitar is being played by a woman,3.200000047683716,0,3.200000047683716,3.590334177017212,0,0,0.3903341293334961,0.3903341293334961,1
A man is playing a guitar,A woman is playing a guitar,3.5999999046325684,0,3.5999999046325684,3.75103759765625,0,0,0.15103769302368164,0.15103769302368164,1
A boy is looking at a calendar,The boy is studying a calendar,4.5,1,4.5,4.994987487792969,1,1,0.49498748779296875,0.49498748779296875,1
There is no boy looking at a calendar,A boy is studying a calendar,3.4000000953674316,2,3.400000095367432,3.5266292095184326,2,2,0.12662911415100098,0.12662911415100098,1
There is no person throwing a cat at the ceiling,A person is throwing a cat at the ceiling,3.5,2,3.5,3.601715564727783,2,2,0.1017155647277832,0.1017155647277832,1
A cat is thrown at the ceiling by a person,A person is throwing a cat at the ceiling,5.0,1,5.0,5.257741451263428,1,1,0.25774145126342773,0.25774145126342773,1
A person is throwing a cat at the ceiling,A person is taking a cat down from the ceiling,3.0999999046325684,0,3.0999999046325684,3.4763801097869877,0,0,0.3763802051544194,0.3763802051544194,1
A woman is picking up and holding a baby kangaroo in her arms,"A woman is picking up and holding a kangaroo, which is a baby, in her arms",4.900000095367432,1,4.900000095367432,5.269757270812988,1,1,0.36975717544555664,0.36975717544555664,1
A woman is picking up and holding a baby kangaroo in her arms,A woman is dropping a baby kangaroo from her arms,3.299999952316284,0,3.299999952316284,3.493314504623413,0,0,0.1933145523071289,0.1933145523071289,1
The woman is picking up and holding a baby kangaroo,The woman is not picking up and holding a baby kangaroo,3.700000047683716,2,3.700000047683716,3.465712547302246,2,2,-0.23428750038146973,0.23428750038146973,1
The woman is taking up and holding a baby kangaroo,A woman is picking up and holding a baby kangaroo in her arms,4.900000095367432,1,4.900000095367432,4.877851486206055,1,1,-0.022148609161376953,0.022148609161376953,1
The woman is not picking up and holding a baby kangaroo,A woman is picking up and holding a baby kangaroo in her arms,3.700000047683716,2,3.700000047683716,3.5320708751678467,2,2,-0.16792917251586914,0.16792917251586914,1
The woman is picking up and holding a baby kangaroo,A woman is dropping a baby kangaroo from her arms,3.5999999046325684,0,3.5999999046325684,3.5491750240325928,0,0,-0.050824880599975586,0.050824880599975586,1
A woman is dancing and a man is playing the keyboard,A woman is standing still and a man is sitting and idling,2.799999952316284,0,2.799999952316284,2.471131563186645,0,0,-0.3288683891296391,0.3288683891296391,1
A woman is staging a dance,A woman is dancing on a stage,2.799999952316284,0,2.799999952316284,4.56730842590332,0,1,1.7673084735870361,1.7673084735870361,0
A woman is dancing on a stage,The woman is dancing and a man is playing the keyboard,4.0,0,4.0,3.4586164951324463,0,0,-0.5413835048675537,0.5413835048675537,1
A woman is dancing on a stage,A woman is standing still and a man is sitting and idling,2.299999952316284,0,2.299999952316284,1.915621757507324,0,0,-0.3843781948089602,0.3843781948089602,1
A person is scrubbing a zucchini,A person is packing a zucchini,3.5999999046325684,0,3.5999999046325684,3.242105484008789,0,0,-0.3578944206237793,0.3578944206237793,1
A woman is scrubbing a zucchini with a brush for vegetables,A woman is scrubbing a zucchini with a vegetable brush,4.800000190734863,1,4.800000190734863,5.234635353088379,1,1,0.4346351623535156,0.4346351623535156,1
A woman is scrubbing a zucchini with a vegetable brush,There is no woman scrubbing a zucchini with a vegetable brush,4.199999809265137,2,4.199999809265137,3.513558864593506,2,2,-0.6864409446716309,0.6864409446716309,1
A woman is scrubbing a zucchini with a vegetable brush,A woman is eating zucchini and vegetables and scrubbing with a brush,3.200000047683716,0,3.200000047683716,4.008294105529785,0,0,0.8082940578460693,0.8082940578460693,1
There is no woman scrubbing a zucchini with a vegetable brush,A person is scrubbing a zucchini,3.799999952316284,0,3.799999952316284,3.8238251209259033,0,0,0.02382516860961914,0.02382516860961914,1
A woman is scrubbing a zucchini with a vegetable brush,The person is scrubbing a zucchini,4.664999961853027,1,4.664999961853027,4.888175487518311,1,1,0.2231755256652841,0.2231755256652841,1
There is no man in a hat playing a harp,A man in a hat is playing a harp,3.700000047683716,2,3.700000047683716,3.577909469604492,2,2,-0.12209057807922363,0.12209057807922363,1
A man in a hat is playing a harp,A man is playing an instrument,4.300000190734863,1,4.300000190734863,4.445596218109131,1,1,0.14559602737426758,0.14559602737426758,1
A man in a cap is playing a harp,A man is playing a guitar,2.25,0,2.25,3.144888401031494,0,0,0.8948884010314941,0.8948884010314941,1
A harp is being played with a hat by a man,A man is playing a guitar,2.4000000953674316,0,2.400000095367432,2.7895348072052,0,0,0.38953471183776855,0.38953471183776855,1
A man is playing a guitar,A man in a hat is playing a harp,2.700000047683716,0,2.700000047683716,3.071453094482422,0,0,0.37145304679870605,0.37145304679870605,1
A woman is slicing a green pepper,There is no woman slicing a green pepper,3.200000047683716,2,3.200000047683716,3.441115140914917,2,2,0.24111509323120117,0.24111509323120117,1
The pepper is being sliced by a woman with a knife,The woman with a knife is slicing a pepper,5.0,1,5.0,5.246577262878418,1,1,0.24657726287841797,0.24657726287841797,1
The woman with a knife is slicing a pepper,The woman with the knife is not slicing a pepper,4.199999809265137,2,4.199999809265137,3.4338598251342773,2,2,-0.7661399841308594,0.7661399841308594,1
The pepper is being sliced by a woman with a knife,A woman is slicing a green pepper,4.900000095367432,1,4.900000095367432,4.458629608154297,1,0,-0.44137048721313477,0.44137048721313477,0
The woman with the knife is not slicing a pepper,A woman is slicing a green pepper,3.299999952316284,0,3.299999952316284,3.680434465408325,0,0,0.380434513092041,0.380434513092041,1
A woman is slicing a pepper which is green,The woman with a knife is slicing a pepper,4.400000095367432,1,4.400000095367432,4.903892993927002,1,1,0.5038928985595703,0.5038928985595703,1
A woman is slicing a green pepper,The woman with a knife is slicing a pepper,4.400000095367432,1,4.400000095367432,4.841058254241943,1,1,0.4410581588745117,0.4410581588745117,1
A woman is getting rid of a flute,A woman is playing flute,4.0,0,4.0,3.917689085006714,0,0,-0.08231091499328613,0.08231091499328613,1
A concentrated woman is playing flute,A woman is playing a flute,4.800000190734863,1,4.800000190734863,5.115714073181152,1,1,0.31571388244628906,0.31571388244628906,1
A woman is playing a flute,A woman is getting rid of a flute,3.4000000953674316,0,3.400000095367432,3.751234531402588,0,0,0.35123443603515625,0.35123443603515625,1
A man is riding a horse,A horse is being ridden by a man,4.800000190734863,1,4.800000190734863,5.147141456604004,1,1,0.3471412658691406,0.3471412658691406,1
There is no man riding a horse,A man is riding a horse,3.9000000953674316,2,3.900000095367432,3.559889554977417,2,2,-0.34011054039001465,0.34011054039001465,1
The man is not riding a horse by a creek,The man is riding a horse by a creek,3.200000047683716,2,3.200000047683716,3.543232679367065,2,2,0.34323263168334917,0.34323263168334917,1
The man is riding a horse by a stream,A man is riding a horse,4.400000095367432,1,4.400000095367432,4.551791191101074,1,1,0.15179109573364258,0.15179109573364258,1
The man is riding a horse by a creek,There is no man riding a horse,4.0,2,4.0,3.471571207046509,2,2,-0.5284287929534912,0.5284287929534912,1
The man is riding a horse by a creek,A man is riding a horse,4.300000190734863,1,4.300000190734863,4.505312919616699,1,1,0.20531272888183594,0.20531272888183594,1
A cat is playing a piano funnily,A cat is playing a piano,4.5,1,4.5,4.814696788787842,1,1,0.3146967887878418,0.3146967887878418,1
A cat is playing a piano,The cat is playing keyboards,4.300000190734863,0,4.300000190734863,4.737030029296875,0,1,0.4370298385620117,0.4370298385620117,0
A cat is playing a piano,There is no cat playing keyboards,3.0,2,3.0,3.345003604888916,2,2,0.345003604888916,0.345003604888916,1
A cat is playing a piano funnily,A cat is playing keyboards,3.9000000953674316,1,3.900000095367432,4.619838714599609,1,1,0.7198386192321777,0.7198386192321777,1
A cat is playing keyboards,A cat is sitting on a piano,3.4000000953674316,0,3.400000095367432,3.683140277862549,0,0,0.2831401824951172,0.2831401824951172,1
A man is lazily walking down a road,A man is walking down a road,4.434999942779541,1,4.434999942779541,4.623557090759277,1,1,0.18855714797973633,0.18855714797973633,1
A man from the wilderness is on a walking path,The man is walking along a path through the wilderness,4.099999904632568,0,4.099999904632568,4.499882698059082,0,1,0.39988279342651367,0.39988279342651367,0
A man is walking down a road,The man is walking along a track through the wilderness,3.799999952316284,0,3.799999952316284,4.0722246170043945,0,0,0.27222466468811035,0.27222466468811035,1
A man is stopping in the middle of a road,The man is walking along a path through the wilderness,2.700000047683716,0,2.700000047683716,2.7468411922454834,0,0,0.04684114456176758,0.04684114456176758,1
A man is coming out of the water,A person is coming out of the water,4.699999809265137,1,4.699999809265137,4.900973796844482,1,1,0.2009739875793457,0.2009739875793457,1
The man is rising from a swamp,A man is rising from a swamp,5.0,1,5.0,5.168478012084961,1,1,0.16847801208496094,0.16847801208496094,1
A man is rising from a swamp,A man is coming out of the water,4.300000190734863,1,4.300000190734863,4.211870193481445,1,1,-0.08812999725341797,0.08812999725341797,1
A man is dangerously dancing on the ceiling of a room,A man is dancing on the ceiling of a room,4.5,1,4.5,4.875093936920166,1,1,0.375093936920166,0.375093936920166,1
A man is dancing on the ceiling of a room,A man is idling on the floor,2.5,0,2.5,2.5271785259246826,0,0,0.027178525924682617,0.027178525924682617,1
A man is dancing upside-down on the ceiling,The man is dancing upside-down on the ceiling,5.0,1,5.0,5.088267803192139,1,1,0.08826780319213867,0.08826780319213867,1
A man is dancing upside-down on the ceiling,There is no man dancing upside-down on the ceiling,3.9000000953674316,2,3.900000095367432,3.505321264266968,2,2,-0.3946788311004634,0.3946788311004634,1
A man is dancing on the ceiling of a room,There is no man dancing upside-down on the ceiling,3.200000047683716,2,3.200000047683716,3.8347256183624263,2,0,0.6347255706787105,0.6347255706787105,0
A man is silent,A man is singing,2.799999952316284,0,2.799999952316284,2.961411237716675,0,0,0.16141128540039062,0.16141128540039062,1
A man is dancing,A man is singing passionately,2.4000000953674316,0,2.400000095367432,3.0830624103546143,0,0,0.6830623149871826,0.6830623149871826,1
A man is dancing,A man is silent,2.4000000953674316,0,2.400000095367432,2.7156875133514404,0,0,0.3156874179840088,0.3156874179840088,1
A man is singing,A male is dancing,3.4000000953674316,0,3.400000095367432,3.228018283843994,0,0,-0.1719818115234375,0.1719818115234375,1
The girl is exercising,A girl is exercising,5.0,1,5.0,5.107634544372559,1,1,0.1076345443725586,0.1076345443725586,1
A man is doing exercise,A man is exercising,4.800000190734863,1,4.800000190734863,4.993471145629883,1,1,0.19347095489501953,0.19347095489501953,1
A man is exercising,The girl is exercising,3.700000047683716,0,3.700000047683716,2.240143299102783,0,0,-1.4598567485809326,1.4598567485809326,1
A man is exercising,A girl is exercising,3.4000000953674316,0,3.400000095367432,2.561897039413452,0,0,-0.8381030559539795,0.8381030559539795,1
The man is silent and still,The man is singing and playing the guitar,2.5,2,2.5,2.8753373622894287,2,0,0.3753373622894287,0.3753373622894287,0
The man is singing heartily and playing the guitar,A man is playing the guitar,4.199999809265137,1,4.199999809265137,4.598638534545898,1,1,0.3986387252807617,0.3986387252807617,1
The man is singing and playing the guitar,A man is playing the guitar,4.199999809265137,1,4.199999809265137,4.733582496643066,1,1,0.5335826873779297,0.5335826873779297,1
There is no group of people dancing,A group of people are dancing,3.5999999046325684,2,3.5999999046325684,3.5568149089813232,2,2,-0.04318499565124512,0.04318499565124512,1
The women are divinely dancing outside,A group of people are dancing,4.099999904632568,0,4.099999904632568,4.225798606872559,0,1,0.12579870223999023,0.12579870223999023,0
The women are dancing outside,A few people are dancing,4.300000190734863,1,4.300000190734863,4.406129360198975,1,1,0.10612916946411133,0.10612916946411133,1
There is no group of people dancing,The women are dancing outside,3.4000000953674316,2,3.400000095367432,3.429511785507202,2,0,0.029511690139770508,0.029511690139770508,0
Some boys are in front of dancing people,Boys are dancing in front of some people,3.700000047683716,0,3.700000047683716,4.928619384765625,0,1,1.2286193370819092,1.2286193370819092,0
Two men are doing a funny skit with a boxer in front of a crowd of people,Two men with a dog are boring a crowd of people,3.299999952316284,0,3.299999952316284,2.409164428710937,0,0,-0.8908355236053471,0.8908355236053471,1
Two men are doing a funny skit with a boxer in front of a crowd of people,A funny crowd of people is doing a skit of two boxing men,2.9000000953674316,0,2.900000095367432,4.2923736572265625,0,1,1.3923735618591309,1.3923735618591309,0
"Two men are doing a skit, which is very funny, with a boxer in front of a crowd of people",Boys are dancing in front of some people,2.0999999046325684,0,2.0999999046325684,2.264447927474976,0,0,0.16444802284240767,0.16444802284240767,1
Boys are dancing in front of some people,Two men with a dog are boring a crowd of people,1.7999999523162842,0,1.7999999523162842,1.8869445323944087,0,0,0.08694458007812456,0.08694458007812456,1
Boys are not dancing in front of some people,Two men are doing a funny skit with a boxer in front of a crowd of people,1.600000023841858,0,1.600000023841858,2.118433713912964,0,0,0.518433690071106,0.518433690071106,1
Two men are doing a funny skit with a boxer in front of a crowd of people,Some boys are in front of dancing people,2.200000047683716,0,2.200000047683716,2.443376302719116,0,0,0.2433762550354004,0.2433762550354004,1
Boys are dancing in front of some people,Two men are doing a funny skit with a boxer in front of a crowd of people,2.200000047683716,0,2.200000047683716,2.4507029056549072,0,0,0.2507028579711914,0.2507028579711914,1
A boy is throwing away a calendar,A boy is looking at a calendar,2.4000000953674316,0,2.400000095367432,3.735667943954468,0,0,1.3356678485870366,1.3356678485870366,1
The men are fist fighting in a ring,The men are not fist fighting in a ring,3.5,2,3.5,3.470458745956421,2,2,-0.0295412540435791,0.0295412540435791,1
Two men are fist fighting in a ring,Two people are fist fighting in a ring,4.599999904632568,1,4.599999904632568,5.075179100036621,1,1,0.47517919540405273,0.47517919540405273,1
Nobody is fist fighting in a ring,Two men are fist fighting in a ring,3.5999999046325684,2,3.5999999046325684,3.579256772994995,2,2,-0.020743131637573242,0.020743131637573242,1
The men are not fist fighting in a ring,Two men are fist fighting in a ring,3.0999999046325684,2,3.0999999046325684,3.536435842514038,2,2,0.4364359378814697,0.4364359378814697,1
A biker is riding along the top of a fence,The biker is riding along the top of a fence,4.900000095367432,1,4.900000095367432,5.135383605957031,1,1,0.2353835105895996,0.2353835105895996,1
A biker is riding away from a fence,A biker is riding along the top of a fence,3.5,0,3.5,3.506615161895752,0,0,0.006615161895751953,0.006615161895751953,1
The boy is riding a bike on the top of a fence made of metal,The boy is riding a bike on the top of a metal fence,4.900000095367432,1,4.900000095367432,5.124617576599121,1,1,0.22461748123168945,0.22461748123168945,1
The riders are fencing in a boy's metal bike,A biker is riding along the top of a fence,2.200000047683716,0,2.200000047683716,3.043728828430176,0,0,0.84372878074646,0.84372878074646,1
The boy is riding a bike on the top of a metal fence,The biker is riding along the top of a fence,4.400000095367432,1,4.400000095367432,4.418205261230469,1,1,0.01820516586303711,0.01820516586303711,1
The boy is riding a bike on the top of a metal fence,A biker is riding along the top of a fence,4.199999809265137,1,4.199999809265137,4.419034957885742,1,1,0.21903514862060547,0.21903514862060547,1
A woman is slicing a pepper which is big,A woman is slicing a big pepper,4.900000095367432,1,4.900000095367432,5.202971935272217,1,1,0.30297183990478516,0.30297183990478516,1
A woman is washing a big pepper,A woman is slicing a big pepper,3.9000000953674316,0,3.900000095367432,3.1714274883270264,0,0,-0.7285726070404053,0.7285726070404053,1
The woman is slicing a clove of garlic,A woman is slicing a clove of garlic,4.800000190734863,1,4.800000190734863,5.281533241271973,1,1,0.4815330505371094,0.4815330505371094,1
There is no woman slicing a clove of garlic,A woman is slicing a clove of garlic,3.799999952316284,2,3.799999952316284,3.56684684753418,2,2,-0.23315310478210405,0.23315310478210405,1
A woman is slicing a big pepper,The woman is slicing a clove of garlic,3.5999999046325684,0,3.5999999046325684,3.166347980499268,0,0,-0.43365192413330034,0.43365192413330034,1
A woman is slicing a big pepper,There is no woman slicing a clove of garlic,2.299999952316284,0,2.299999952316284,2.900986909866333,0,0,0.6009869575500488,0.6009869575500488,1
A woman is slicing a clove of garlic,A woman is slicing a pepper which is big,2.5,0,2.5,3.1377902030944824,0,0,0.6377902030944824,0.6377902030944824,1
A woman is slicing a clove of garlic,A woman is slicing a big pepper,3.200000047683716,0,3.200000047683716,3.152848243713379,0,0,-0.047151803970336914,0.047151803970336914,1
A girl is awakening,A girl is waking up,4.900000095367432,1,4.900000095367432,5.085102081298828,1,1,0.18510198593139648,0.18510198593139648,1
A girl is falling asleep,A girl is waking up,3.4000000953674316,0,3.400000095367432,4.505773544311523,0,1,1.1057734489440918,1.1057734489440918,0
A child is waking up,A girl is falling asleep,3.299999952316284,0,3.299999952316284,3.827040672302246,0,2,0.5270407199859619,0.5270407199859619,0
A child is slowly waking up,A girl is waking up,4.269999980926514,0,4.269999980926514,4.85230827331543,0,1,0.582308292388916,0.582308292388916,0
There is no child waking up,A girl is waking up,3.5999999046325684,2,3.5999999046325684,3.5209224224090576,2,2,-0.07907748222351074,0.07907748222351074,1
A woman is peeling a potato,The woman is peeling a potato,5.0,1,5.0,5.214303970336914,1,1,0.21430397033691406,0.21430397033691406,1
A woman is slicing a tomato,A tomato is being sliced by a woman,5.0,1,5.0,5.22205114364624,1,1,0.22205114364624023,0.22205114364624023,1
A woman is slicing a tomato,A woman is refrigerating a potato,2.5,0,2.5,2.630199670791626,0,0,0.13019967079162598,0.13019967079162598,1
There is no boy playing a piano,A boy is playing a piano,3.700000047683716,2,3.700000047683716,3.5430707931518555,2,2,-0.15692925453186035,0.15692925453186035,1
A boy is playing a piano,Someone is singing about a man who plays the guitar,2.0,0,2.0,2.143018960952759,0,0,0.1430189609527588,0.1430189609527588,1
A man is singing and playing a guitar,A boy is playing a piano,2.5,0,2.5,2.727272748947144,0,0,0.227272748947144,0.227272748947144,1
A man is being roped before climbing,A man is climbing a rope,3.0999999046325684,0,3.0999999046325684,3.301384925842285,0,0,0.2013850212097168,0.2013850212097168,1
A man is climbing up a rope,The man is not climbing up a rope,4.099999904632568,2,4.099999904632568,3.457613706588745,2,2,-0.6423861980438232,0.6423861980438232,1
A man is recklessly climbing a rope,A man is climbing up a rope,4.300000190734863,1,4.300000190734863,3.84478211402893,1,0,-0.45521807670593306,0.45521807670593306,0
A man is climbing up a rope,A man is coming down a rope,3.799999952316284,0,3.799999952316284,3.7266669273376474,0,0,-0.07333302497863681,0.07333302497863681,1
A man is climbing up a rope,A man is being roped before climbing,3.5,0,3.5,3.6141207218170166,0,0,0.1141207218170166,0.1141207218170166,1
The woman is putting down the kangaroo,The woman is picking up the kangaroo,3.5999999046325684,2,3.5999999046325684,3.730223894119263,2,0,0.13022398948669478,0.13022398948669478,0
The woman is picking up a baby kangaroo,The lady is picking up the kangaroo,4.5,1,4.5,5.139198303222656,1,1,0.6391983032226562,0.6391983032226562,1
The woman is picking up a baby kangaroo,The woman is putting down the kangaroo,3.9000000953674316,0,3.900000095367432,3.4079716205596924,0,2,-0.49202847480773926,0.49202847480773926,0
The woman is not picking up a baby kangaroo,The woman is picking up the kangaroo,3.4000000953674316,2,3.400000095367432,3.494654893875122,2,2,0.09465479850769043,0.09465479850769043,1
The woman is picking up the kangaroo,A kangaroo is picking up the woman's baby,2.299999952316284,0,2.299999952316284,2.2071988582611084,0,0,-0.09280109405517578,0.09280109405517578,1
The woman is picking up a baby kangaroo,The woman is picking up the kangaroo,4.800000190734863,1,4.800000190734863,5.1773200035095215,1,1,0.3773198127746582,0.3773198127746582,1
A man is breaking tiles with his hands,Tiles are being broken with his hands by a man,4.900000095367432,1,4.900000095367432,5.076550960540772,1,1,0.17655086517334073,0.17655086517334073,1
A man is breaking tiles with his hands,A man is repairing tiles with his hands,3.700000047683716,0,3.700000047683716,3.7104814052581783,0,0,0.010481357574462447,0.010481357574462447,1
A man is breaking wooden boards with his hand,A man is breaking boards made of wood with his hand,4.800000190734863,1,4.800000190734863,5.159492492675781,1,1,0.35949230194091797,0.35949230194091797,1
A man is breaking a wooden hand against a board,A man is breaking wooden boards with his hand,3.0999999046325684,0,3.0999999046325684,4.819969177246094,0,1,1.7199692726135254,1.7199692726135254,0
A man is breaking boards made of wood with his hand,A man is breaking tiles with his hands,3.5,0,3.5,3.0906455516815186,0,0,-0.40935444831848145,0.40935444831848145,1
A man is breaking a wooden hand against a board,A man is breaking tiles with his hands,2.700000047683716,0,2.700000047683716,2.88287615776062,0,0,0.1828761100769043,0.1828761100769043,1
A man is breaking wooden boards with his hand,A man is breaking tiles with his hands,3.9000000953674316,0,3.900000095367432,2.887385129928589,0,0,-1.0126149654388428,1.0126149654388428,1
A woman is riding a Seadoo,A woman is parking a Seadoo,3.799999952316284,0,3.799999952316284,3.705168247222901,0,0,-0.09483170509338334,0.09483170509338334,1
The person is riding a jetski in the waves,A woman is riding a Seadoo,4.300000190734863,0,4.300000190734863,4.261288642883301,0,0,-0.0387115478515625,0.0387115478515625,1
A person is riding a jetski in the waves,A woman is riding a Seadoo,4.199999809265137,0,4.199999809265137,4.355860710144043,0,0,0.15586090087890625,0.15586090087890625,1
There is no man dancing on the road,A man is dancing on the road,3.0,2,3.0,3.557488203048706,2,2,0.557488203048706,0.557488203048706,1
A man is dancing on the road,A person is dancing,3.9000000953674316,1,3.900000095367432,4.463213920593262,1,1,0.5632138252258301,0.5632138252258301,1
A man is standing still,A man is dancing on the road,2.4000000953674316,0,2.400000095367432,2.701486825942993,0,0,0.3014867305755615,0.3014867305755615,1
A man is dancing on the road,A man is dancing,4.199999809265137,1,4.199999809265137,4.515171527862549,1,1,0.3151717185974121,0.3151717185974121,1
A dog is running on the road,There is no dog running on the road,3.4000000953674316,2,3.400000095367432,3.4369893074035645,2,2,0.03698921203613281,0.03698921203613281,1
There is no man running on the road,A man is running on the road,3.5999999046325684,2,3.5999999046325684,3.5505943298339844,2,2,-0.049405574798583984,0.049405574798583984,1
A dog is running on the road,There is no man running on the road,2.299999952316284,0,2.299999952316284,2.4215428829193115,0,0,0.12154293060302734,0.12154293060302734,1
A man is inside the house and is throwing blades at a close target,A man is outside and is throwing blades at a close target,3.234999895095825,2,3.234999895095825,4.1283159255981445,2,0,0.8933160305023193,0.8933160305023193,0
The man is throwing knives at a tree,A man is outside and is throwing blades at a target which is close,3.5999999046325684,0,3.5999999046325684,4.469178199768066,0,1,0.869178295135498,0.869178295135498,0
A man is outside and is throwing blades at a close target,The man is throwing knives at a tree,3.5999999046325684,0,3.5999999046325684,4.089168548583984,0,0,0.489168643951416,0.489168643951416,1
A man is stopping a horse,A man is riding a horse,3.634999990463257,0,3.634999990463257,4.107361793518066,0,0,0.47236180305480957,0.47236180305480957,1
The man is not riding a horse,The man is riding a horse,4.199999809265137,2,4.199999809265137,3.503540277481079,2,2,-0.6964595317840576,0.6964595317840576,1
The man is riding a horse,A horse is riding over a man,2.9000000953674316,0,2.900000095367432,3.010028123855591,0,0,0.11002802848815918,0.11002802848815918,1
A man is riding a horse,The man is not riding a horse,4.300000190734863,2,4.300000190734863,3.41797137260437,2,2,-0.8820288181304932,0.8820288181304932,1
A horse is riding over a man,A man is riding a horse,3.0,0,3.0,4.123812198638916,0,0,1.123812198638916,1.123812198638916,1
A horse is being ridden by a man,The man is riding a horse,5.0,1,5.0,5.192748069763184,1,1,0.1927480697631836,0.1927480697631836,1
The person is not drawing,The person is drawing,3.9000000953674316,2,3.900000095367432,3.4463090896606445,2,2,-0.4536910057067871,0.4536910057067871,1
A man is drawing a picture,The person is painting,3.5,0,3.5,4.395705223083496,0,1,0.8957052230834961,0.8957052230834961,0
The person is not drawing,A man is drawing a picture,3.5,2,3.5,3.36341404914856,2,0,-0.13658595085143999,0.13658595085143999,0
Someone is drawing a person,A man is drawing a picture,4.599999904632568,0,4.599999904632568,3.944634437561035,0,0,-0.6553654670715332,0.6553654670715332,1
The person is drawing,There is no man drawing a picture,4.0,0,4.0,3.572030782699585,0,0,-0.42796921730041504,0.42796921730041504,1
A man is taking a picture of a drawing,The person is drawing,3.299999952316284,0,3.299999952316284,4.073136329650879,0,1,0.7731363773345947,0.7731363773345947,0
A man is drawing a picture,The person is drawing,4.599999904632568,1,4.599999904632568,4.599132537841797,1,1,-0.0008673667907714844,0.0008673667907714844,1
Someone is beautifully playing the piano,Someone is playing a piano,4.5,1,4.5,4.819117546081543,1,1,0.31911754608154297,0.31911754608154297,1
Someone is dismantling a piano,Someone is playing a piano,3.200000047683716,0,3.200000047683716,3.717021226882935,0,0,0.5170211791992192,0.5170211791992192,1
There is no one playing the guitar,Someone is playing the guitar,3.0999999046325684,2,3.0999999046325684,3.511282205581665,2,2,0.4112823009490967,0.4112823009490967,1
Someone is playing a piano,There is no one playing the guitar,2.700000047683716,0,2.700000047683716,2.915822029113769,0,0,0.21582198143005327,0.21582198143005327,1
Someone is beautifully playing the piano,Someone is playing the guitar,3.0,0,3.0,3.063398122787476,0,0,0.06339812278747603,0.06339812278747603,1
Someone is playing a piano,Someone is playing the guitar,3.0999999046325684,0,3.0999999046325684,3.093025922775269,0,0,-0.006973981857299361,0.006973981857299361,1
Some food is being eaten by a man,A man is eating some food,5.0,1,5.0,5.162389755249023,1,1,0.16238975524902344,0.16238975524902344,1
A man is eating a pizza,There is no man eating a pizza,3.200000047683716,2,3.200000047683716,3.437400579452514,2,2,0.23740053176879838,0.23740053176879838,1
A pizza is being eaten by a man,A man is eating some food,4.400000095367432,1,4.400000095367432,4.584439277648926,1,1,0.18443918228149414,0.18443918228149414,1
A cute panda is lying down,A panda that is cute is lying down,4.900000095367432,1,4.900000095367432,5.211062431335449,1,1,0.3110623359680176,0.3110623359680176,1
The panda bear is resting on the logs,A cute panda is lying down,3.799999952316284,0,3.799999952316284,4.686692237854004,0,1,0.8866922855377197,0.8866922855377197,0
The panda bear is not lying on the logs,A cute panda is lying down,4.300000190734863,0,4.300000190734863,3.586490631103516,0,0,-0.7135095596313472,0.7135095596313472,1
A panda that is cute is lying down,The panda bear is lying on the logs,4.300000190734863,0,4.300000190734863,3.4765870571136475,0,0,-0.8234131336212158,0.8234131336212158,1
There is no dog bouncing on a trampoline,A dog is bouncing on a trampoline,3.4000000953674316,2,3.400000095367432,3.557795763015747,2,2,0.15779566764831543,0.15779566764831543,1
A dog is jumping on a diving board,A dog is jumping on a trampoline,2.4000000953674316,0,2.400000095367432,3.015103578567505,0,0,0.6151034832000732,0.6151034832000732,1
A dog is lying on a trampoline,A dog is jumping on a trampoline,3.799999952316284,0,3.799999952316284,3.631293296813965,0,0,-0.16870665550231934,0.16870665550231934,1
A dog is jumping on a diving board,A dog is bouncing on a trampoline,2.9000000953674316,0,2.900000095367432,3.0147430896759038,0,0,0.11474299430847212,0.11474299430847212,1
Several boys are jumping on a trampoline,Several kids are jumping on a trampoline,4.599999904632568,1,4.599999904632568,4.921361446380615,1,1,0.3213615417480469,0.3213615417480469,1
There are no kids jumping on a trampoline,Several kids are jumping on a trampoline,3.200000047683716,2,3.200000047683716,3.586503744125366,2,2,0.3865036964416504,0.3865036964416504,1
There is no man doing back flips on a trampoline,Several kids are jumping on a trampoline,3.200000047683716,0,3.200000047683716,2.638478755950928,0,0,-0.5615212917327876,0.5615212917327876,1
Several kids are jumping on a trampoline,A man is doing back flips on a trampoline,2.799999952316284,0,2.799999952316284,3.228940010070801,0,0,0.4289400577545166,0.4289400577545166,1
A woman is cutting an onion,A woman is not cutting meat,3.299999952316284,1,3.299999952316284,3.184333086013794,1,0,-0.11566686630249023,0.11566686630249023,0
A woman is cutting meat,A woman is slicing an onion,2.799999952316284,0,2.799999952316284,3.208111524581909,0,0,0.408111572265625,0.408111572265625,1
A woman is cutting meat,A woman is cutting an onion,3.5,0,3.5,3.3203279972076416,0,0,-0.1796720027923584,0.1796720027923584,1
The piano is being played by a man,A man is playing a wooden flute,2.5999999046325684,0,2.5999999046325684,2.744476556777954,0,0,0.14447665214538574,0.14447665214538574,1
There is no man playing the piano,A man is playing a wooden flute,3.700000047683716,0,3.700000047683716,2.707324743270874,0,0,-0.9926753044128418,0.9926753044128418,1
A wooden flute is being played by a man,A man is playing the piano,3.0,0,3.0,2.658602237701416,0,0,-0.341397762298584,0.341397762298584,1
There is no man playing a wooden flute,A man is playing the piano,2.615000009536743,0,2.615000009536743,2.4592623710632324,0,0,-0.15573763847351074,0.15573763847351074,1
The man is erasing the other man's work from the board,The girl is erasing the other man's work from the board,3.200000047683716,0,3.200000047683716,3.325910806655884,0,0,0.12591075897216797,0.12591075897216797,1
The man is erasing the drawing on the board,The man is erasing the other man's work from the panel,3.5,0,3.5,3.7394418716430655,0,0,0.23944187164306552,0.23944187164306552,1
The man is cleaning the drawing on the board,The man is erasing the other man's work from the board,3.799999952316284,0,3.799999952316284,3.799395799636841,0,0,-0.0006041526794433594,0.0006041526794433594,1
The woman is erasing the drawing on the board,The man is erasing the other man's work from the board,3.5999999046325684,0,3.5999999046325684,3.053203582763672,0,0,-0.5467963218688965,0.5467963218688965,1
The man is erasing the other man's work from the board,The man is erasing the drawing on the board,4.0,0,4.0,4.360759258270264,0,0,0.36075925827026367,0.36075925827026367,1
A woman is cutting a vegetable,A woman is slicing a vegetable,4.699999809265137,1,4.699999809265137,5.193778038024902,1,1,0.4937782287597656,0.4937782287597656,1
A woman is slicing an eggplant,There is no woman slicing an eggplant,3.799999952316284,2,3.799999952316284,3.4578990936279297,2,2,-0.3421008586883545,0.3421008586883545,1
There is no woman slicing an eggplant,A woman is cutting a vegetable,3.0,0,3.0,3.600311756134033,0,0,0.6003117561340332,0.6003117561340332,1
A woman is slicing an eggplant,A woman is cutting a vegetable,4.400000095367432,1,4.400000095367432,4.7472429275512695,1,1,0.3472428321838379,0.3472428321838379,1
There is no dog eating a doll,A dog is eating a doll,3.5999999046325684,2,3.5999999046325684,3.5616512298583984,2,2,-0.03834867477416992,0.03834867477416992,1
A dog is playing with a toy,There is no dog playing with a toy,4.5,2,4.5,3.4528615474700928,2,2,-1.0471384525299072,1.0471384525299072,1
A dog is eating a doll,A dog is having fun with a toy,3.9000000953674316,0,3.900000095367432,3.973523378372192,0,0,0.0735232830047603,0.0735232830047603,1
A dog is eating a doll,A kid is playing with a toy dog,1.899999976158142,0,1.899999976158142,2.2017781734466557,0,0,0.3017781972885136,0.3017781972885136,1
A dog is playing with a toy,A dog is biting a doll,3.9000000953674316,0,3.900000095367432,4.371848106384277,0,0,0.4718480110168457,0.4718480110168457,1
A dog is playing with a toy,There is no dog eating a doll,2.799999952316284,0,2.799999952316284,3.038297176361084,0,0,0.2382972240447998,0.2382972240447998,1
A man is dancing,A man is performing a dance,4.800000190734863,1,4.800000190734863,4.929986476898193,1,1,0.12998628616333008,0.12998628616333008,1
A man is performing a dance,A man is praying,2.0999999046325684,0,2.0999999046325684,1.5212366580963137,0,0,-0.5787632465362547,0.5787632465362547,1
A man is dancing,A man is praying,2.4000000953674316,0,2.400000095367432,1.7016156911849976,0,0,-0.6983844041824341,0.6983844041824341,1
A man is slicing some bread,A man is slicing bread,5.0,1,5.0,5.1207427978515625,1,1,0.1207427978515625,0.1207427978515625,1
A man is cutting a slice of bread,A person is slicing a piece of bread,4.400000095367432,1,4.400000095367432,4.8669257164001465,1,1,0.46692562103271484,0.46692562103271484,1
A person is slicing a piece of bread,Nobody is slicing a piece of bread,3.200000047683716,2,3.200000047683716,3.457980871200561,2,2,0.25798082351684526,0.25798082351684526,1
Nobody is slicing a piece of bread,A man is slicing some bread,3.5999999046325684,2,3.5999999046325684,3.409771203994751,2,0,-0.19022870063781738,0.19022870063781738,0
A person is slicing a piece of bread,There is no man slicing some bread,3.700000047683716,0,3.700000047683716,3.4257471561431885,0,2,-0.27425289154052734,0.27425289154052734,0
A woman is stroking a lemur,A lemur is being stroked by a woman,5.0,1,5.0,5.171312808990479,1,1,0.1713128089904794,0.1713128089904794,1
There is no woman stroking a lemur,A woman is stroking a lemur,3.5,2,3.5,3.576728820800781,2,2,0.0767288208007808,0.0767288208007808,1
A woman is stroking a lemur,Someone is scratching the back of an animal,3.299999952316284,0,3.299999952316284,4.066370010375977,0,0,0.7663700580596924,0.7663700580596924,1
Someone is scratching the belly of an animal,There is no woman stroking a lemur,1.899999976158142,0,1.899999976158142,3.4168365001678467,0,0,1.5168365240097046,1.5168365240097046,1
A woman is stroking a lemur,Someone is scratching the belly of an animal,3.5,0,3.5,4.141870021820068,0,0,0.6418700218200684,0.6418700218200684,1
The animal with big eyes is sleeping,The animal with big eyes is eating,3.200000047683716,2,3.200000047683716,3.334864377975464,2,0,0.13486433029174805,0.13486433029174805,0
The animal with big eyes is sleeping,A lemur is eating,2.700000047683716,0,2.700000047683716,1.6216834783554075,0,0,-1.0783165693283083,1.0783165693283083,1
A lemur is eating quickly,The animal with big eyes is eating,3.700000047683716,1,3.700000047683716,3.801051616668701,1,0,0.10105156898498535,0.10105156898498535,0
The animal with big eyes is eating,There is no lemur eating,2.299999952316284,0,2.299999952316284,2.979776620864868,0,0,0.679776668548584,0.679776668548584,1
The animal with big eyes is eating,A lemur is eating,4.099999904632568,0,4.099999904632568,4.141628265380859,0,0,0.041628360748291016,0.041628360748291016,1
Two men are playing guitar,Two girls are playing guitar,3.0999999046325684,0,3.0999999046325684,3.588794469833374,0,0,0.48879456520080566,0.48879456520080566,1
Two men are talking,Two people are talking,4.599999904632568,1,4.599999904632568,4.923422813415527,1,1,0.323422908782959,0.323422908782959,1
Two women are talking,Two men are playing guitar,1.2999999523162842,0,1.2999999523162842,1.4091191291809082,0,0,0.10911917686462402,0.10911917686462402,1
Guitar is being played by two men,Two men are talking,1.4500000476837158,0,1.4500000476837158,2.740678071975708,0,0,1.2906780242919922,1.2906780242919922,1
A man is playing a flute,A flute is being played by a man,4.900000095367432,1,4.900000095367432,5.1862077713012695,1,1,0.2862076759338379,0.2862076759338379,1
There is no man playing an electronic keyboard,A man is playing an electronic keyboard,3.200000047683716,2,3.200000047683716,3.583278179168701,2,2,0.38327813148498535,0.38327813148498535,1
A man is playing a flute,An electronic keyboard is being played by a man,2.9000000953674316,0,2.900000095367432,2.484548091888428,0,0,-0.41545200347900346,0.41545200347900346,1
A flute is being played by a man,A man is playing an electronic keyboard,3.0,0,3.0,2.401078224182129,0,0,-0.5989217758178711,0.5989217758178711,1
A man is playing a flute,A man is playing an electronic keyboard,2.700000047683716,0,2.700000047683716,2.686745405197144,0,0,-0.013254642486571822,0.013254642486571822,1
There is no clown singing and people are not dancing,A clown is singing and people are dancing,3.5,2,3.5,3.5121912956237797,2,2,0.012191295623779741,0.012191295623779741,1
People are singing and a clown is dancing,A clown is singing and people are dancing,3.4000000953674316,0,3.400000095367432,4.561987400054932,0,1,1.1619873046875,1.1619873046875,0
There is no clown singing,A clown is singing and people are dancing,4.300000190734863,2,4.300000190734863,3.3968164920806885,2,2,-0.9031836986541748,0.9031836986541748,1
A clown is singing and people are dancing,A clown is singing,4.400000095367432,1,4.400000095367432,4.570615291595459,1,1,0.17061519622802734,0.17061519622802734,1
The girl is riding the horse,The man is riding the horse,2.9000000953674316,0,2.900000095367432,3.2845547199249268,0,0,0.3845546245574951,0.3845546245574951,1
The girl is riding the horse,The girl is watering the plants,1.399999976158142,0,1.399999976158142,1.418401837348938,0,0,0.0184018611907959,0.0184018611907959,1
The girl is riding the horse,The boy is spraying the plants with water,1.2000000476837158,0,1.2000000476837158,1.0681843757629397,0,0,-0.13181567192077615,0.13181567192077615,1
The horse is being ridden by the girl,The girl is spraying the plants with water,1.399999976158142,0,1.399999976158142,1.1423215866088867,0,0,-0.25767838954925537,0.25767838954925537,1
The man is riding the horse,The girl is spraying the plants with water,1.2999999523162842,0,1.2999999523162842,1.0080468654632568,0,0,-0.29195308685302734,0.29195308685302734,1
A person is quickly cutting mushrooms with a knife,A person is quickly chopping mushrooms with a knife,4.900000095367432,1,4.900000095367432,5.150455474853516,1,1,0.250455379486084,0.250455379486084,1
A person is quickly cutting mushrooms with a knife,A man is rapidly chopping some mushrooms with a knife,4.699999809265137,1,4.699999809265137,5.140161514282227,1,1,0.44016170501708984,0.44016170501708984,1
A person is not quickly chopping mushrooms with a knife,A man is rapidly chopping some mushrooms with a knife,4.0,0,4.0,3.535043239593506,0,2,-0.46495676040649414,0.46495676040649414,0
A person is quickly chopping mushrooms with a knife,There is no man rapidly chopping some mushrooms with a knife,3.700000047683716,0,3.700000047683716,3.5058958530426025,0,2,-0.19410419464111328,0.19410419464111328,0
A man and a woman are shaking hands,A man and a woman are not shaking hands,4.050000190734863,2,4.050000190734863,3.4799938201904297,2,2,-0.5700063705444336,0.5700063705444336,1
An old woman is shaking hands with a man,A young woman is shaking hands with a man,3.5999999046325684,0,3.5999999046325684,3.6801507472991934,0,0,0.08015084266662509,0.08015084266662509,1
An old woman is shaking hands with a man,Two persons are shaking hands,4.599999904632568,1,4.599999904632568,4.438662528991699,1,1,-0.16133737564086914,0.16133737564086914,1
There is no woman chopping up an octopus,A woman is chopping up an octopus,3.4000000953674316,2,3.400000095367432,3.572649478912353,2,2,0.17264938354492143,0.17264938354492143,1
The woman is slicing cooked octopus,The woman is cutting cooked octopus,5.0,1,5.0,5.182761192321777,1,1,0.18276119232177734,0.18276119232177734,1
The woman is cutting cooked octopus,A woman is chopping up an octopus,4.400000095367432,1,4.400000095367432,5.212840557098389,1,1,0.812840461730957,0.812840461730957,1
A plane is taking off,An airplane is taking off,4.900000095367432,1,4.900000095367432,5.163743019104004,1,1,0.26374292373657227,0.26374292373657227,1
A plane is landing,A plane is taking off,3.4000000953674316,0,3.400000095367432,3.821705102920532,0,0,0.42170500755310014,0.42170500755310014,1
An airplane is taking off,There is no airplane taking off,3.799999952316284,2,3.799999952316284,3.437673807144165,2,2,-0.36232614517211914,0.36232614517211914,1
An aircraft is taking off,A plane is taking off,4.699999809265137,1,4.699999809265137,5.103991508483887,1,1,0.40399169921875,0.40399169921875,1
A plane is taking off,There is no airplane taking off,2.799999952316284,2,2.799999952316284,3.4311234951019287,2,2,0.6311235427856445,0.6311235427856445,1
An airplane is taking off,A plane is landing,4.400000095367432,0,4.400000095367432,3.862645387649536,0,0,-0.5373547077178955,0.5373547077178955,1
A man is shooting guns,A man is shooting a weapon,4.800000190734863,1,4.800000190734863,4.818670272827148,1,1,0.018670082092285156,0.018670082092285156,1
A man is shooting guns,There is no man shooting guns,3.299999952316284,2,3.299999952316284,3.433206796646118,2,2,0.13320684432983398,0.13320684432983398,1
A woman is riding a horse,There is no man shooting guns,1.0,0,1.0,1.1222845315933228,0,0,0.12228453159332275,0.12228453159332275,1
A man is shooting guns,A woman is riding a horse,1.0,0,1.0,1.069000005722046,0,0,0.0690000057220459,0.0690000057220459,1
A man is cutting a potato,A man is slicing a potato,4.800000190734863,1,4.800000190734863,5.236857891082764,1,1,0.4368577003479004,0.4368577003479004,1
A woman is slicing a tomato,A woman is cutting a tomato,4.900000095367432,1,4.900000095367432,5.224566459655762,1,1,0.3245663642883301,0.3245663642883301,1
A woman is cutting a tomato,A man is cutting a tomato,3.5999999046325684,0,3.5999999046325684,3.616274118423462,0,0,0.016274213790893555,0.016274213790893555,1
A man is slicing a potato,A woman is cutting a tomato,2.4000000953674316,0,2.400000095367432,2.706582307815552,0,0,0.30658221244812056,0.30658221244812056,1
A woman is cutting a tomato,A man is cutting a potato,2.700000047683716,0,2.700000047683716,2.8758461475372314,0,0,0.17584609985351562,0.17584609985351562,1
The man is drawing,The man is not drawing,2.799999952316284,2,2.799999952316284,3.337691068649292,2,2,0.5376911163330078,0.5376911163330078,1
The man is painting,A man is drawing,4.400000095367432,1,4.400000095367432,3.882523775100708,1,0,-0.5174763202667236,0.5174763202667236,0
The man is not drawing,A man is drawing,4.099999904632568,2,4.099999904632568,3.403884172439575,2,2,-0.6961157321929932,0.6961157321929932,1
The man is drawing,A girl is drawing a man,2.5999999046325684,0,2.5999999046325684,2.135897397994995,0,0,-0.46410250663757324,0.46410250663757324,1
A man is drawing,The man is drawing,5.0,1,5.0,5.042018413543701,1,1,0.04201841354370117,0.04201841354370117,1
A woman is picking a can,A woman is taking a can,4.0,1,4.0,3.7702841758728023,1,0,-0.2297158241271977,0.2297158241271977,0
A man is picking a can,A woman is picking a can,3.799999952316284,0,3.799999952316284,3.388747215270996,0,0,-0.4112527370452881,0.4112527370452881,1
A woman is picking a can,A woman is cutting a tomato,1.7999999523162842,0,1.7999999523162842,1.784677505493164,0,0,-0.015322446823120117,0.015322446823120117,1
A man is eating a banana,There is no man eating a banana,3.299999952316284,2,3.299999952316284,3.427252054214477,2,2,0.12725210189819292,0.12725210189819292,1
Someone is peeling a banana,There is no one peeling a banana,3.299999952316284,2,3.299999952316284,3.476360559463501,2,2,0.1763606071472168,0.1763606071472168,1
There is no dog barking,A dog is barking,3.4000000953674316,2,3.400000095367432,3.4932854175567627,2,2,0.09328532218933105,0.09328532218933105,1
A jet is flying,A plane is flying,4.699999809265137,1,4.699999809265137,4.948073863983154,1,1,0.24807405471801758,0.24807405471801758,1
A plane is flying,A dog is barking,1.0,0,1.0,1.1969802379608154,0,0,0.19698023796081543,0.19698023796081543,1
A jet is not flying,A dog is barking,1.0,0,1.0,1.1225937604904177,0,0,0.1225937604904177,0.1225937604904177,1
A jet is flying,There is no dog barking,1.0,0,1.0,1.135561466217041,0,0,0.13556146621704102,0.13556146621704102,1
A man is cutting a paper,A man is cutting himself with a piece of paper,2.799999952316284,0,2.799999952316284,3.948322057723999,0,0,1.1483221054077148,1.1483221054077148,1
A man is cutting a paper,A person is not tearing paper,3.0999999046325684,0,3.0999999046325684,3.581229448318481,0,0,0.48122954368591264,0.48122954368591264,1
A man is cutting a note,A person is tearing paper,3.5999999046325684,0,3.5999999046325684,3.1338462829589844,0,0,-0.466153621673584,0.466153621673584,1
A person is tearing paper,There is no man cutting a paper,2.799999952316284,0,2.799999952316284,3.454179286956787,0,0,0.6541793346405029,0.6541793346405029,1
A man is not playing a guitar,A man is playing a guitar,3.799999952316284,2,3.799999952316284,3.4671084880828857,2,2,-0.33289146423339844,0.33289146423339844,1
Someone is playing a piano,A piano is being played by someone,5.0,1,5.0,5.132936954498291,1,1,0.13293695449829102,0.13293695449829102,1
Someone is playing a piano,There is no one playing a piano,3.0,2,3.0,3.430740594863892,2,2,0.43074059486389205,0.43074059486389205,1
A piano is being played by someone,A man is playing a guitar,2.0999999046325684,0,2.0999999046325684,2.8622567653656006,0,0,0.7622568607330322,0.7622568607330322,1
A shoe is being tied by a man,A man is tying a shoe,4.900000095367432,1,4.900000095367432,5.372693538665772,1,1,0.47269344329834073,0.47269344329834073,1
There is no man tying a shoe,A man is tying a shoe,2.9000000953674316,2,2.900000095367432,3.561021327972412,2,2,0.6610212326049805,0.6610212326049805,1
A man is tying a shoe,A man is tying the shoe,4.800000190734863,1,4.800000190734863,5.284885406494141,1,1,0.48488521575927734,0.48488521575927734,1
A guy is riding a horse,A horse is being ridden by a guy,5.0,1,5.0,5.180403709411621,1,1,0.1804037094116211,0.1804037094116211,1
A man is riding a horse in the desert,A man is riding a horse in a sandy land,4.300000190734863,1,4.300000190734863,4.058980464935303,1,0,-0.24101972579956055,0.24101972579956055,0
A man is riding a horse in the desert,A guy is riding a horse,4.300000190734863,1,4.300000190734863,4.472541809082031,1,1,0.17254161834716797,0.17254161834716797,1
There is no man cutting a paper plate,A man is cutting a paper plate,3.5,2,3.5,3.5790951251983643,2,2,0.07909512519836426,0.07909512519836426,1
A paper plate is being cut by the man,The man is cutting a paper plate,4.900000095367432,1,4.900000095367432,5.327738761901856,1,1,0.4277386665344247,0.4277386665344247,1
A man is cutting a paper plate,A paper plate is being cut by the man,5.0,1,5.0,5.212882518768311,1,1,0.21288251876831144,0.21288251876831144,1
A man is cutting a paper plate,The man is not cutting a paper plate,3.5999999046325684,2,3.5999999046325684,3.435382604598999,2,2,-0.16461730003356934,0.16461730003356934,1
A paper plate is being cut by a man,The man is cutting a paper plate,4.900000095367432,1,4.900000095367432,5.309592247009277,1,1,0.4095921516418457,0.4095921516418457,1
There is no man cutting a paper plate,The man is cutting a paper plate,3.5999999046325684,2,3.5999999046325684,3.5834836959838867,2,2,-0.01651620864868164,0.01651620864868164,1
A man is cutting a paper plate,The man is cutting a paper plate,5.0,1,5.0,5.234396934509277,1,1,0.23439693450927734,0.23439693450927734,1
Two men in a race are flipping the tires of a tractor,Two people in a race are flipping the tires of a tractor,4.400000095367432,1,4.400000095367432,5.182452201843262,1,1,0.7824521064758301,0.7824521064758301,1
Two people in a race are flipping the tires of a tractor,Two men are racing in a tire rolling competition,3.799999952316284,1,3.799999952316284,4.160728931427002,1,0,0.3607289791107178,0.3607289791107178,0
Two men are competing in a tire rolling race,Two people in a race are flipping the tires of a tractor,3.799999952316284,0,3.799999952316284,3.68790340423584,0,0,-0.11209654808044434,0.11209654808044434,1
An alligator is being patted on the mouth by a man,A man is patting an alligator on the mouth,4.800000190734863,1,4.800000190734863,5.247974872589111,1,1,0.44797468185424805,0.44797468185424805,1
A person is removing chopped vegetables from a pot on the stove,A person is dropping chopped vegetables into a pot on the stove,3.5,2,3.5,3.775961399078369,2,0,0.27596139907836914,0.27596139907836914,0
Chopped vegetables are being dropped into a pot on the stove by a person,A man is patting an alligator on the mouth,1.0,0,1.0,1.0400134325027466,0,0,0.04001343250274658,0.04001343250274658,1
A person is removing chopped vegetables from a pot on the stove,A man is patting an alligator on the mouth,1.0,0,1.0,1.0699424743652344,0,0,0.06994247436523438,0.06994247436523438,1
An alligator is being patted on the mouth by a man,A person is dropping chopped vegetables into a pot on the stove,1.0,0,1.0,0.983610212802887,0,0,-0.016389787197113037,0.016389787197113037,1
A person is dropping chopped vegetables into a pot on the stove,There is no man patting an alligator on the mouth,1.0,0,1.0,1.0660985708236694,0,0,0.06609857082366943,0.06609857082366943,1
A man is patting an alligator on the mouth,A person is dropping chopped vegetables into a pot on the stove,1.0,0,1.0,1.045044183731079,0,0,0.0450441837310791,0.0450441837310791,1
The men are having a conversation,The men are talking,4.599999904632568,1,4.599999904632568,4.798935890197754,1,1,0.19893598556518555,0.19893598556518555,1
Some old women are talking,Some women are talking,4.400000095367432,1,4.400000095367432,4.575689315795898,1,1,0.1756892204284668,0.1756892204284668,1
Some women are talking,Some women are not talking,4.099999904632568,0,4.099999904632568,3.3523380756378174,0,2,-0.747661828994751,0.747661828994751,0
Some women are not talking,The men are talking,2.5,0,2.5,2.756377458572388,0,0,0.25637745857238814,0.25637745857238814,1
The men are talking,Some women are talking,3.0,0,3.0,3.202528238296509,0,0,0.2025282382965088,0.2025282382965088,1
A man is playing the guitar,A man is playing an instrument,4.400000095367432,1,4.400000095367432,4.593463897705078,1,1,0.19346380233764648,0.19346380233764648,1
A man is playing the guitar,There is no man playing the guitar,4.400000095367432,2,4.400000095367432,3.4578652381896973,2,2,-0.9421348571777344,0.9421348571777344,1
A woman is putting on lipstick,A woman is putting on makeup,4.199999809265137,1,4.199999809265137,4.928466320037842,1,1,0.7284665107727051,0.7284665107727051,1
A woman is putting on lipstick,There is no woman putting on lipstick,4.400000095367432,2,4.400000095367432,3.435823678970337,2,2,-0.9641764163970947,0.9641764163970947,1
A woman is putting on makeup,A man is playing the guitar,1.0,0,1.0,1.077117681503296,0,0,0.0771176815032959,0.0771176815032959,1
There is no man playing the guitar,A woman is putting on lipstick,1.0,0,1.0,1.1655583381652832,0,0,0.1655583381652832,0.1655583381652832,1
There is no man singing to a woman,A man is singing to a woman,3.200000047683716,2,3.200000047683716,3.541325092315674,2,2,0.341325044631958,0.341325044631958,1
A man is singing to a woman,A man is not talking on the phone,2.200000047683716,0,2.200000047683716,1.6923859119415283,0,0,-0.5076141357421875,0.5076141357421875,1
A man is singing to a girl,A man is talking on the phone,2.0999999046325684,0,2.0999999046325684,1.815011978149414,0,0,-0.2849879264831543,0.2849879264831543,1
There is no man singing to a woman,A man is talking on the phone,1.899999976158142,0,1.899999976158142,1.842341423034668,0,0,-0.05765855312347412,0.05765855312347412,1
A man is singing to a woman,A man is talking on the phone,2.0,0,2.0,1.7433793544769287,0,0,-0.2566206455230713,0.2566206455230713,1
A rhino is grazing in a field,A animal is grazing in a field,4.699999809265137,1,4.699999809265137,4.843028545379639,1,1,0.14302873611450195,0.14302873611450195,1
A rhino is grazing in a field,There is no rhino grazing in a field,3.299999952316284,2,3.299999952316284,3.4741034507751465,2,2,0.1741034984588623,0.1741034984588623,1
The rhino is grazing on the grass,The rhino is not grazing on the grass,3.299999952316284,2,3.299999952316284,3.4471523761749268,2,2,0.14715242385864258,0.14715242385864258,1
The rhino is being fed on the grass,A rhino is grazing in a field,4.0,0,4.0,4.043065071105957,0,0,0.04306507110595703,0.04306507110595703,1
There is no rhino grazing in a field,The rhino is grazing on the grass,3.5,2,3.5,3.6906888484954834,2,0,0.1906888484954834,0.1906888484954834,0
A rhino is grazing in a field,The rhino is grazing on the grass,4.400000095367432,1,4.400000095367432,3.989527940750122,1,0,-0.41047215461730957,0.41047215461730957,0
A couple is running towards the ocean,A couple is running towards the water,4.599999904632568,1,4.599999904632568,5.05516242980957,1,1,0.45516252517700195,0.45516252517700195,1
There is no couple running towards the ocean,A couple is running towards the ocean,3.5,2,3.5,3.570420503616333,2,2,0.07042050361633301,0.07042050361633301,1
A man and a woman are running together and holding hands,A couple is running and holding hands,4.449999809265137,1,4.449999809265137,4.808760643005371,1,1,0.3587608337402344,0.3587608337402344,1
A couple is running towards the ocean,A couple is running and holding hands,3.5,0,3.5,4.307519912719727,0,1,0.8075199127197266,0.8075199127197266,0
A couple is running towards the ocean,A man and a woman are standing together and holding hands,2.4000000953674316,0,2.400000095367432,3.072288990020752,0,0,0.6722888946533203,0.6722888946533203,1
A couple is running towards the water,A man and a woman are running together and holding hands,3.5999999046325684,0,3.5999999046325684,4.051806449890137,0,0,0.45180654525756836,0.45180654525756836,1
A man is kicking a soccer ball,A man is kicking a ball,4.800000190734863,1,4.800000190734863,4.824613094329834,1,1,0.024612903594970703,0.024612903594970703,1
A man is kicking a soccer ball,The content of a bowl is being mixed by a man,1.0,0,1.0,1.1438785791397097,0,0,0.1438785791397097,0.1438785791397097,1
A man is kicking a soccer ball,A woman is mixing the content of a bowl,1.0,0,1.0,1.0379717350006104,0,0,0.03797173500061035,0.03797173500061035,1
A man is kicking a ball,A man is mixing the content of a bowl,1.100000023841858,0,1.100000023841858,1.773908615112305,0,0,0.673908591270447,0.673908591270447,1
A man is mixing the content of a bowl,A man is kicking a soccer ball,1.0,0,1.0,1.32065749168396,0,0,0.32065749168395996,0.32065749168395996,1
The boy is playing the piano,The boy is playing a musical instrument,4.599999904632568,1,4.599999904632568,4.652255535125732,1,1,0.05225563049316406,0.05225563049316406,1
The boy is playing the piano,The boy is not playing the piano,3.0,2,3.0,3.4174835681915283,2,2,0.4174835681915283,0.4174835681915283,1
The woman is not pouring oil into the pan,The woman is pouring oil into the pan,3.5,2,3.5,3.524777173995972,2,2,0.024777173995972124,0.024777173995972124,1
Oil is being poured into the pan by the woman,The boy is playing the piano,1.0,0,1.0,0.9307016730308532,0,0,-0.06929832696914684,0.06929832696914684,1
The woman is not pouring oil into the pan,The boy is playing the piano,1.0,0,1.0,0.9471330642700196,0,0,-0.05286693572998036,0.05286693572998036,1
The woman is pouring oil into the pan,The boy is playing a musical instrument,1.0,0,1.0,0.9084851741790771,0,0,-0.09151482582092285,0.09151482582092285,1
A girl is brushing her hair,A girl is combing her hair,4.434999942779541,0,4.434999942779541,5.035142421722412,0,1,0.6001424789428711,0.6001424789428711,0
There is no girl brushing her hair,A girl is brushing her hair,4.5,2,4.5,3.5314738750457764,2,2,-0.9685261249542236,0.9685261249542236,1
A girl is styling her hair,A boy is styling his hair,3.4000000953674316,0,3.400000095367432,2.9157633781433105,0,0,-0.4842367172241211,0.4842367172241211,1
A girl is brushing her hair,A boy is styling his hair,3.0999999046325684,0,3.0999999046325684,2.868609666824341,0,0,-0.23139023780822754,0.23139023780822754,1
A girl is combing her hair,A girl is styling her hair,4.599999904632568,1,4.599999904632568,4.741576671600342,1,1,0.14157676696777344,0.14157676696777344,1
There is no girl brushing her hair,A girl is styling her hair,3.299999952316284,0,3.299999952316284,3.5393083095550537,0,2,0.23930835723876953,0.23930835723876953,0
A girl is styling her hair,A girl is brushing her hair,4.300000190734863,0,4.300000190734863,4.795133590698242,0,1,0.4951333999633789,0.4951333999633789,0
The patient is being helped by the doctor,The doctor is helping the patient,4.900000095367432,1,4.900000095367432,5.166561603546143,1,1,0.26656150817871094,0.26656150817871094,1
The doctor is not helping the patient,The doctor is helping the patient,3.4000000953674316,2,3.400000095367432,3.47015118598938,2,2,0.07015109062194824,0.07015109062194824,1
The patient is being helped by the doctor,The doctors are reviving a man,3.9000000953674316,0,3.900000095367432,4.686470031738281,0,1,0.7864699363708496,0.7864699363708496,0
The patient is helping the doctor,The doctors are reviving a man,1.7999999523162842,0,1.7999999523162842,3.861371755599976,0,0,2.061371803283692,2.061371803283692,1
The doctor is helping the patient,The doctors are not reviving a man,3.4000000953674316,0,3.400000095367432,3.4095494747161865,0,0,0.009549379348754883,0.009549379348754883,1
A woman is being massaged by a man,A man is massaging a woman,4.900000095367432,1,4.900000095367432,5.174429893493652,1,1,0.2744297981262207,0.2744297981262207,1
A piece of wood is being screwed to a wall by a man,A man is screwing a piece of wood to a wall,5.0,1,5.0,5.176515579223633,1,1,0.1765155792236328,0.1765155792236328,1
A piece of wood is being screwed to a wall by a man,A man is massaging a woman,1.100000023841858,0,1.100000023841858,1.106243371963501,0,0,0.006243348121643066,0.006243348121643066,1
There is no man playing a flute,A man is playing a flute,3.5,2,3.5,3.558867692947388,2,2,0.05886769294738814,0.05886769294738814,1
A man is playing a flute,A guitar is being played by a man,2.200000047683716,0,2.200000047683716,2.993778944015503,0,0,0.7937788963317871,0.7937788963317871,1
There is no man driving a car,A man is driving a car,3.799999952316284,2,3.799999952316284,3.568905830383301,2,2,-0.2310941219329834,0.2310941219329834,1
A man is riding a horse,A man is riding an animal,4.400000095367432,1,4.400000095367432,4.764069557189941,1,1,0.36406946182250977,0.36406946182250977,1
A man is riding an animal,A man is driving a car,1.2999999523162842,0,1.2999999523162842,2.081268548965454,0,0,0.7812685966491699,0.7812685966491699,1
A man is driving a car,There is no man riding a horse,1.7000000476837158,0,1.7000000476837158,2.4894800186157227,0,0,0.7894799709320068,0.7894799709320068,1
A man is riding a horse,A man is driving a vehicle,3.5,0,3.5,2.862122774124145,0,0,-0.6378772258758549,0.6378772258758549,1
A man is riding a horse,There is no man driving a car,1.5,0,1.5,2.1229777336120605,0,0,0.6229777336120605,0.6229777336120605,1
A cat is crawling under a piece of furniture,An animal is crawling under a piece of furniture,4.400000095367432,1,4.400000095367432,4.941278457641602,1,1,0.5412783622741699,0.5412783622741699,1
A cat is not crawling under a piece of furniture,A cat is crawling under a piece of furniture,3.799999952316284,2,3.799999952316284,3.5645110607147217,2,2,-0.2354888916015625,0.2354888916015625,1
A cat is sliding upside down under a sofa,A cat is sliding upside down under a couch,4.900000095367432,1,4.900000095367432,5.191555023193359,1,1,0.29155492782592773,0.29155492782592773,1
There is no cat sliding upside down under a couch,A cat is sliding upside down under a couch,4.599999904632568,2,4.599999904632568,3.610928297042847,2,2,-0.9890716075897212,0.9890716075897212,1
A cat is sliding upside down under a sofa,A cat is crawling under a piece of furniture,3.5,0,3.5,4.784775257110596,0,1,1.2847752571105957,1.2847752571105957,0
A cat is sliding upside down under a couch,A cat is not crawling under a piece of furniture,3.4000000953674316,2,3.400000095367432,3.648038864135742,2,2,0.24803876876831055,0.24803876876831055,1
A cat is crawling under a piece of furniture,A cat is sliding upside down under a couch,3.700000047683716,0,3.700000047683716,3.526294469833374,0,0,-0.1737055778503418,0.1737055778503418,1
A woman is riding a horse,There is no woman riding a horse,3.299999952316284,2,3.299999952316284,3.41051721572876,2,2,0.11051726341247603,0.11051726341247603,1
A man is riding a horse,A horse is being ridden by a woman,3.615000009536743,0,3.615000009536743,3.44389271736145,0,0,-0.17110729217529297,0.17110729217529297,1
A horse is being ridden by a man,A woman is riding a horse,3.799999952316284,0,3.799999952316284,3.2894551753997803,0,0,-0.5105447769165039,0.5105447769165039,1
A man is riding a horse,A woman is riding a horse,3.700000047683716,0,3.700000047683716,3.343699216842652,0,0,-0.356300830841064,0.356300830841064,1
A man is emptying a plastic container,A man is filling a plastic container,4.0,2,4.0,4.299273014068604,2,0,0.2992730140686044,0.2992730140686044,0
A container is being shaken over a sink in the kitchen by a man,A man is shaking a container over a sink in the kitchen,4.900000095367432,1,4.900000095367432,5.286403656005859,1,1,0.38640356063842773,0.38640356063842773,1
A man is emptying a plastic container,A container is being shaken over a sink in the kitchen by a man,3.5,0,3.5,3.0868098735809326,0,0,-0.4131901264190674,0.4131901264190674,1
A man is shaking a container over a sink in the kitchen,A man is filling a plastic container,3.0999999046325684,0,3.0999999046325684,3.850721836090088,0,0,0.7507219314575195,0.7507219314575195,1
A man is shaking a container over a sink in the kitchen,A man is emptying a plastic container,4.0,0,4.0,3.896598100662232,0,0,-0.10340189933776811,0.10340189933776811,1
Some men are fighting,There are no men fighting,3.9000000953674316,2,3.900000095367432,3.455700159072876,2,2,-0.44429993629455566,0.44429993629455566,1
Two men are battling,Some men are fighting,4.199999809265137,1,4.199999809265137,4.764241218566895,1,1,0.5642414093017587,0.5642414093017587,1
A group of men is fighting,Two men are fighting,4.0,1,4.0,4.922856330871582,1,1,0.922856330871582,0.922856330871582,1
A couple of policewomen are singing karaoke,A couple of policewomen are singing,4.199999809265137,1,4.199999809265137,4.785212516784668,1,1,0.5852127075195312,0.5852127075195312,1
There is no policewoman singing at karaoke,A couple of policewomen are singing karaoke,3.5999999046325684,2,3.5999999046325684,3.576680421829224,2,2,-0.023319482803344282,0.023319482803344282,1
Two women are happily dancing,A couple of policewomen are singing karaoke,2.200000047683716,0,2.200000047683716,2.154240846633911,0,0,-0.04575920104980469,0.04575920104980469,1
A couple of policewomen are singing karaoke,Two women are not dancing,2.0999999046325684,0,2.0999999046325684,2.744157552719116,0,0,0.6441576480865479,0.6441576480865479,1
A couple of policewomen are singing,Two women are dancing,1.7000000476837158,0,1.7000000476837158,2.6581146717071533,0,0,0.9581146240234375,0.9581146240234375,1
Two women are dancing,There is no policewoman singing at karaoke,1.0,0,1.0,1.507807374000549,0,0,0.5078073740005491,0.5078073740005491,1
A woman is riding a horse,An animal is being ridden by a woman,4.5,1,4.5,4.843548774719238,1,1,0.3435487747192383,0.3435487747192383,1
An animal is being ridden by a woman,A woman is riding a horse,4.099999904632568,0,4.099999904632568,5.173344612121582,0,1,1.0733447074890137,1.0733447074890137,0
A woman is riding a horse,A horse is being ridden by a woman,5.0,1,5.0,5.171160697937012,1,1,0.17116069793701172,0.17116069793701172,1
A woman is riding a horse,A woman is not riding a horse,3.799999952316284,2,3.799999952316284,3.3970203399658203,2,2,-0.40297961235046387,0.40297961235046387,1
A hamster is singing,A small animal is singing,4.400000095367432,1,4.400000095367432,4.868828296661377,1,1,0.4688282012939453,0.4688282012939453,1
Some onions are being cut by a person,A person is slicing some onions,4.900000095367432,1,4.900000095367432,5.277235507965088,1,1,0.37723541259765625,0.37723541259765625,1
A person is slicing some onions,A person is not slicing some onions,3.299999952316284,2,3.299999952316284,3.424278736114502,2,2,0.12427878379821777,0.12427878379821777,1
Some onions are being cut by a person,A hamster is singing,1.0,0,1.0,1.0076298713684082,0,0,0.007629871368408203,0.007629871368408203,1
A person is not slicing some onions,A hamster is singing,1.0,0,1.0,1.1070514917373655,0,0,0.1070514917373655,0.1070514917373655,1
A man is playing a guitar,A guitar is being played by a man,4.800000190734863,1,4.800000190734863,5.106819152832031,1,1,0.30681896209716797,0.30681896209716797,1
There is no man playing a guitar,A man is playing a guitar,3.0,2,3.0,3.535463094711304,2,2,0.5354630947113042,0.5354630947113042,1
A man is singing and playing a guitar,A man is performing with a guitar,4.599999904632568,1,4.599999904632568,4.536131381988525,1,1,-0.06386852264404297,0.06386852264404297,1
A man is performing with a guitar,A man is playing a guitar,4.400000095367432,1,4.400000095367432,4.870616912841797,1,1,0.47061681747436523,0.47061681747436523,1
There is no man singing and playing a guitar,A man is playing a guitar,3.200000047683716,0,3.200000047683716,3.7581546306610103,0,0,0.5581545829772945,0.5581545829772945,1
A man is singing and playing a guitar,A guitar is being played by a man,4.5,1,4.5,4.709250450134277,1,1,0.20925045013427734,0.20925045013427734,1
A man is driving a car,A car is being driven by a man,4.800000190734863,1,4.800000190734863,5.157710075378418,1,1,0.3577098846435547,0.3577098846435547,1
A man is driving a car,There is no man driving a car,3.299999952316284,2,3.299999952316284,3.460114002227783,2,2,0.16011404991149902,0.16011404991149902,1
A man is driving a car,A man is driving a vehicle,4.5,1,4.5,5.040006160736084,1,1,0.540006160736084,0.540006160736084,1
A car is being driven by a man,A man is driving a car,4.900000095367432,1,4.900000095367432,5.212023735046387,1,1,0.3120236396789551,0.3120236396789551,1
The boy is cutting the grass by the curb with scissors,The boy is shortening the grass by the curb with scissors,4.800000190734863,1,4.800000190734863,4.827291488647461,1,1,0.027291297912597656,0.027291297912597656,1
The boy is shortening the grass by the curb with scissors,A boy is cutting grass with scissors,4.5,1,4.5,4.373818874359131,1,1,-0.12618112564086914,0.12618112564086914,1
The boy is not cutting the grass by the curb with scissors,A boy is cutting grass with scissors,4.0,0,4.0,3.8899056911468506,0,0,-0.11009430885314941,0.11009430885314941,1
The boy is cutting the grass by the curb with scissors,A kid is cutting grass with scissors,4.400000095367432,1,4.400000095367432,4.714283466339111,1,1,0.3142833709716797,0.3142833709716797,1
The boy is cutting the grass by the curb with scissors,There is no boy cutting grass with scissors,4.099999904632568,2,4.099999904632568,3.45935320854187,2,2,-0.6406466960906982,0.6406466960906982,1
The boy is cutting the grass by the curb with scissors,A boy is cutting grass with scissors,4.599999904632568,1,4.599999904632568,4.7229766845703125,1,1,0.12297677993774414,0.12297677993774414,1
A violin is being played by a man,A man is playing a violin,5.0,1,5.0,5.241170406341553,1,1,0.24117040634155273,0.24117040634155273,1
The baby is laughing and crawling,The baby is laughing and toddling,4.199999809265137,0,4.199999809265137,4.802614688873291,0,1,0.6026148796081543,0.6026148796081543,0
The baby is not laughing and crawling,The baby is laughing and crawling,3.5999999046325684,2,3.5999999046325684,3.476558923721313,2,2,-0.12344098091125533,0.12344098091125533,1
A man is playing a violin,The baby is laughing and toddling,1.100000023841858,0,1.100000023841858,1.1812973022460938,0,0,0.08129727840423584,0.08129727840423584,1
The baby is laughing and crawling,A violin is being played by a man,1.0,0,1.0,1.0369110107421875,0,0,0.0369110107421875,0.0369110107421875,1
There is no man playing a keyboard,A man is playing a harp,2.799999952316284,0,2.799999952316284,3.0917439460754395,0,0,0.2917439937591553,0.2917439937591553,1
A harp is being played by a man,A man is playing a keyboard,3.0999999046325684,0,3.0999999046325684,2.9771175384521484,0,0,-0.12288236618041992,0.12288236618041992,1
A man is playing a keyboard,There is no man playing a harp,3.299999952316284,0,3.299999952316284,3.1208388805389404,0,0,-0.17916107177734375,0.17916107177734375,1
A man is playing a harp,A man is playing a keyboard,3.200000047683716,0,3.200000047683716,3.345961093902588,0,0,0.14596104621887207,0.14596104621887207,1
A man is cutting a big rope with a sword,A man is cutting a thick rope with a sword,4.300000190734863,0,4.300000190734863,4.896989822387695,0,1,0.596989631652832,0.596989631652832,0
A man is cutting a big rope with a sword,A man is cutting a rope with a sword,4.699999809265137,1,4.699999809265137,4.975912570953369,1,1,0.2759127616882324,0.2759127616882324,1
A man is cutting a thick rope with a sword,A man is cutting a cord with a sword,4.5,1,4.5,4.629635810852051,1,1,0.12963581085205078,0.12963581085205078,1
A man is walking along a path through a wilderness,A man is walking along a track through a wilderness,4.599999904632568,1,4.599999904632568,5.118962287902832,1,1,0.5189623832702637,0.5189623832702637,1
There is no man walking along a path through a wilderness,A man is walking along a path through a wilderness,4.099999904632568,2,4.099999904632568,3.6006505489349365,2,2,-0.49934935569763184,0.49934935569763184,1
There is no man walking along a path through a wilderness,A man is peeling an onion,1.0,0,1.0,0.966418981552124,0,0,-0.03358101844787598,0.03358101844787598,1
A man is removing the peel of an onion,A man is walking along a path through a wilderness,1.100000023841858,0,1.100000023841858,1.238349199295044,0,0,0.13834917545318604,0.13834917545318604,1
A woman is slicing an onion,A woman is slicing a potato,2.9000000953674316,0,2.900000095367432,2.946838140487671,0,0,0.04683804512023926,0.04683804512023926,1
A man is carving a hole in a piece of wood,A man is drilling a hole in a piece of wood,4.0,0,4.0,4.823799133300781,0,1,0.8237991333007812,0.8237991333007812,0
A man is drilling a hole in a piece of wood,A man is drilling a hole with a piece of wood,3.799999952316284,0,3.799999952316284,5.104364395141602,0,1,1.3043644428253174,1.3043644428253174,0
A man is drilling a hole in a piece of wood,Someone is making a hole in a strip of wood with a drill,4.300000190734863,1,4.300000190734863,4.740181922912598,1,1,0.4401817321777344,0.4401817321777344,1
Nobody is drilling a hole in a strip of wood with a power drill,A man is drilling a hole in a piece of wood,3.799999952316284,0,3.799999952316284,3.821352958679199,0,0,0.02135300636291504,0.02135300636291504,1
A man is carving a hole in a piece of wood,Someone is drilling a hole in a strip of wood with a power drill,3.799999952316284,0,3.799999952316284,4.211336135864258,0,0,0.41133618354797363,0.41133618354797363,1
Someone is drilling a hole in a strip of wood with a power drill,A man is closing a hole in a piece of wood,3.0,0,3.0,3.8688204288482666,0,0,0.8688204288482666,0.8688204288482666,1
A woman is not slicing an onion,A woman is slicing an onion,3.0999999046325684,2,3.0999999046325684,3.497480869293213,2,2,0.39748096466064453,0.39748096466064453,1
A woman is slicing garlic,A woman is not slicing garlic,3.5,2,3.5,3.3953773975372314,2,2,-0.10462260246276855,0.10462260246276855,1
A man is holding a small animal in one hand,"A man is holding an animal, which is small, in one hand",4.800000190734863,1,4.800000190734863,5.200518131256104,1,1,0.4005179405212411,0.4005179405212411,1
A man is holding a small animal in one hand,A man is holding a big animal in one hand,4.0,0,4.0,3.563607931137085,0,0,-0.43639206886291504,0.43639206886291504,1
A man is showing off a small monkey,A man is exhibiting a small monkey,4.599999904632568,1,4.599999904632568,5.156635761260986,1,1,0.556635856628418,0.556635856628418,1
A man is hiding a small monkey,A man is showing off a small monkey,3.4649999141693115,0,3.4649999141693115,3.5340464115142822,0,0,0.0690464973449707,0.0690464973449707,1
A man is holding a small animal in one hand,A man is exhibiting a small monkey,3.6649999618530273,0,3.6649999618530273,3.730788230895996,0,0,0.06578826904296875,0.06578826904296875,1
A man is holding a small animal in one hand,A man is hiding a small monkey,3.700000047683716,0,3.700000047683716,3.1902997493743896,0,0,-0.5097002983093262,0.5097002983093262,1
A man is holding a small animal in one hand,A man is showing off a small monkey,3.700000047683716,0,3.700000047683716,3.790346384048462,0,0,0.0903463363647461,0.0903463363647461,1
A group of boys is playing soccer on the beach,A group of men is playing with a ball on the beach,3.799999952316284,0,3.799999952316284,3.730211496353149,0,0,-0.06978845596313521,0.06978845596313521,1
A group of women is playing with a ball on the beach,A group of boys is playing soccer on the beach,3.299999952316284,0,3.299999952316284,2.649146795272827,0,0,-0.650853157043457,0.650853157043457,1
A group of men is playing soccer on the beach,A group of boys is playing soccer on the seashore,4.0,0,4.0,3.8348913192749023,0,0,-0.16510868072509766,0.16510868072509766,1
A group of men is playing soccer on the beach,A group of boys is not playing soccer on the beach,3.200000047683716,0,3.200000047683716,3.464799642562866,0,0,0.2647995948791504,0.2647995948791504,1
A man is cutting pieces of butter into a mixing bowl,A man is adding pieces of butter to a mixing bowl,4.300000190734863,1,4.300000190734863,4.427290916442871,1,0,0.1272907257080078,0.1272907257080078,0
A man is cutting pieces of butter into a mixing bowl,There is no man cutting pieces of butter into a mixing bowl,3.0,2,3.0,3.498512983322144,2,2,0.498512983322144,0.498512983322144,1
A man is adding pieces of butter to a mixing bowl,Pieces of butter are being added to the stand mixer,3.9000000953674316,0,3.900000095367432,4.734094142913818,0,1,0.8340940475463867,0.8340940475463867,0
Pieces of butter are being added to the stand mixer,There is no man cutting pieces of butter into a mixing bowl,3.4000000953674316,0,3.400000095367432,3.292262315750122,0,0,-0.10773777961730957,0.10773777961730957,1
A person is kicking a monkey,A monkey is kicking a person,3.0,0,3.0,4.533547401428223,0,1,1.5335474014282227,1.5335474014282227,0
A monkey is practicing martial arts,There is no monkey practicing martial arts,3.9000000953674316,2,3.900000095367432,3.443068027496338,2,2,-0.45693206787109375,0.45693206787109375,1
A chimp is practicing martial arts,A monkey is kicking a person,2.8499999046325684,0,2.8499999046325684,3.4598355293273926,0,0,0.6098356246948242,0.6098356246948242,1
There is no monkey practicing martial arts,A monkey is kicking a person,3.5,0,3.5,3.286855936050415,0,0,-0.21314406394958496,0.21314406394958496,1
A monkey is practicing martial arts,A person is kicking a monkey,2.700000047683716,0,2.700000047683716,3.7284765243530273,0,0,1.0284764766693115,1.0284764766693115,1
A monkey is kicking a person,A monkey is practicing martial arts,3.200000047683716,0,3.200000047683716,3.987739801406861,0,0,0.787739753723145,0.787739753723145,1
A man is fitting a silencer to a pistol,A man is fitting a silencer to a weapon,4.599999904632568,1,4.599999904632568,4.814023017883301,1,1,0.21402311325073242,0.21402311325073242,1
A man is fixing a silencer to a gun,A man is fitting a silencer to a weapon,4.800000190734863,1,4.800000190734863,5.089510917663574,1,1,0.28951072692871094,0.28951072692871094,1
There is no man fitting a silencer to a pistol,A man is fixing a silencer to a gun,3.5999999046325684,2,3.5999999046325684,3.614741325378418,2,2,0.01474142074584961,0.01474142074584961,1
A man is fitting a silencer to a pistol,A man is fixing a silencer to a gun,4.699999809265137,1,4.699999809265137,5.171177864074707,1,1,0.4711780548095703,0.4711780548095703,1
A man on a motorcycle is riding on one wheel,A man on a motorcycle is doing a trick,4.400000095367432,1,4.400000095367432,4.746421813964844,1,1,0.3464217185974121,0.3464217185974121,1
A man on a motorcycle is not riding on one wheel,A man on a motorcycle is riding on one wheel,4.5,2,4.5,3.5472214221954346,2,2,-0.9527785778045654,0.9527785778045654,1
A person is performing acrobatics on a motorcycle,A person is performing tricks on a motorcycle,4.300000190734863,1,4.300000190734863,5.081721305847168,1,1,0.7817211151123047,0.7817211151123047,1
A person is performing tricks on a motorcycle,The performer is tricking a person on a motorcycle,2.5999999046325684,0,2.5999999046325684,5.157047271728516,0,1,2.5570473670959473,2.5570473670959473,0
A man on a motorcycle is riding on one wheel,The performer is tricking a person on a motorcycle,2.799999952316284,0,2.799999952316284,3.858182191848755,0,0,1.0581822395324707,1.0581822395324707,1
A man on a motorcycle is riding on one wheel,A person is performing tricks on a motorcycle,4.5,1,4.5,4.730233192443848,1,1,0.23023319244384766,0.23023319244384766,1
A little girl is playing the violin on a beach,The violin is being played by a little girl on a beach,4.800000190734863,1,4.800000190734863,5.149033069610596,1,1,0.3490328788757324,0.3490328788757324,1
A little girl is playing the violin on a beach,There is no girl playing the violin on a beach,3.9000000953674316,2,3.900000095367432,3.460477352142334,2,2,-0.43952274322509766,0.43952274322509766,1
The girl is sitting on the couch and is crocheting,The girl is sitting on the sofa and crocheting,5.0,1,5.0,5.113619804382324,1,1,0.11361980438232422,0.11361980438232422,1
The girl is standing on the couch and crocheting,The girl is sitting on the couch and is crocheting,4.199999809265137,0,4.199999809265137,4.028160095214844,0,0,-0.17183971405029297,0.17183971405029297,1
The violin is being played by a little girl on a beach,The girl is sitting on the couch and is crocheting,1.2000000476837158,0,1.2000000476837158,1.3391382694244385,0,0,0.13913822174072266,0.13913822174072266,1
A man is dancing in the rain,A person is dancing in the rain,4.599999904632568,1,4.599999904632568,4.935293197631836,1,1,0.3352932929992676,0.3352932929992676,1
A man is sitting in the rain,A man is dancing in the rain,3.299999952316284,0,3.299999952316284,3.319956064224243,0,0,0.019956111907958984,0.019956111907958984,1
A man is singing into a microphone,A man is dancing in the rain,1.100000023841858,0,1.100000023841858,1.920902967453003,0,0,0.820902943611145,0.820902943611145,1
The man is dropping sliced cucumbers into cold water,The man is dropping sliced cucumbers into water,4.599999904632568,1,4.599999904632568,4.910922050476074,1,1,0.31092214584350586,0.31092214584350586,1
A man is cooking a snake,The man is dropping sliced cucumbers into cold water,1.399999976158142,0,1.399999976158142,1.050770878791809,0,0,-0.349229097366333,0.349229097366333,1
A man is roasting a snake,The man is dropping sliced cucumbers into water,1.7000000476837158,0,1.7000000476837158,1.0050082206726074,0,0,-0.6949918270111084,0.6949918270111084,1
The man is dropping sliced cucumbers into water,There is no man cooking a snake,1.7000000476837158,0,1.7000000476837158,0.9776926636695862,0,0,-0.7223073840141296,0.7223073840141296,1
A boy is playing guitar,A guitar is being played by a boy,5.0,1,5.0,5.198225021362305,1,1,0.1982250213623047,0.1982250213623047,1
A little girl is playing a guitar,A little boy is playing a guitar,3.299999952316284,0,3.299999952316284,3.6029672622680655,0,0,0.30296730995178134,0.30296730995178134,1
A young boy is playing a guitar,A boy is playing guitar,4.300000190734863,1,4.300000190734863,4.884036064147949,1,1,0.5840358734130859,0.5840358734130859,1
A little boy is playing a guitar,A guitar is being played by a boy,4.699999809265137,1,4.699999809265137,5.012106418609619,1,1,0.3121066093444824,0.3121066093444824,1
A little boy is playing a guitar,A boy is playing guitar,4.400000095367432,1,4.400000095367432,4.913296222686768,1,1,0.5132961273193359,0.5132961273193359,1
A soda is being opened and drunk by a woman,A woman is opening a soda and drinking it,4.800000190734863,1,4.800000190734863,5.216238498687744,1,1,0.41623830795288086,0.41623830795288086,1
A woman is opening a soda and drinking it,A man is opening a soda and drinking it,3.799999952316284,0,3.799999952316284,3.747166395187378,0,0,-0.05283355712890625,0.05283355712890625,1
A woman is riding on an elephant,An elephant is being ridden by a woman,4.900000095367432,1,4.900000095367432,5.170397758483887,1,1,0.2703976631164551,0.2703976631164551,1
There is no woman riding on an elephant,A woman is riding on an elephant,3.4000000953674316,2,3.400000095367432,3.571204423904419,2,2,0.1712043285369873,0.1712043285369873,1
There is no woman riding on an elephant,A woman is opening a soda and drinking it,1.2999999523162842,0,1.2999999523162842,1.071599364280701,0,0,-0.22840058803558327,0.22840058803558327,1
A woman is riding on an elephant,A man is opening a soda and drinking it,1.100000023841858,0,1.100000023841858,1.0042833089828491,0,0,-0.09571671485900879,0.09571671485900879,1
A woman is opening a soda and drinking it,A woman is riding on an elephant,1.600000023841858,0,1.600000023841858,1.0507816076278689,0,0,-0.549218416213989,0.549218416213989,1
A boy is playing a guitar,A kid is playing guitar,4.5,1,4.5,4.836780548095703,1,1,0.3367805480957031,0.3367805480957031,1
A dog is teasing a monkey at the zoo,A monkey is teasing a dog at the zoo,3.5,0,3.5,4.784313201904297,0,1,1.2843132019042969,1.2843132019042969,0
There is no monkey pulling a dog's tail,A monkey is teasing a dog at the zoo,3.799999952316284,0,3.799999952316284,3.448537826538086,0,2,-0.35146212577819824,0.35146212577819824,0
There is no person slicing an onion,A person is slicing an onion,3.5,2,3.5,3.570610284805298,2,2,0.07061028480529785,0.07061028480529785,1
A man is slicing a potato into pieces,There is no man slicing a potato into pieces,3.5,2,3.5,3.486497640609741,2,2,-0.013502359390258789,0.013502359390258789,1
A man is cutting a potato into pieces,A man is cutting a potato,4.800000190734863,1,4.800000190734863,4.941303253173828,1,1,0.14130306243896484,0.14130306243896484,1
A man is cutting a potato,There is no man slicing a potato into pieces,3.0999999046325684,2,3.0999999046325684,3.628775358200073,2,0,0.5287754535675044,0.5287754535675044,0
A man is slicing a potato,A man is slicing a potato into pieces,4.900000095367432,1,4.900000095367432,4.575091361999512,1,0,-0.3249087333679199,0.3249087333679199,0
A girl is filing her nails,A girl is doing a manicure,4.199999809265137,0,4.199999809265137,4.141340255737305,0,0,-0.05865955352783203,0.05865955352783203,1
There is no girl filing her nails,A girl is filing her nails,3.5,2,3.5,3.520639657974243,2,2,0.020639657974243164,0.020639657974243164,1
A girl is styling her hair,A girl is combing her hair,4.400000095367432,0,4.400000095367432,4.7158203125,0,1,0.31582021713256836,0.31582021713256836,0
A girl is filing her nails,A girl is combing her hair,2.5999999046325684,0,2.5999999046325684,2.307077646255493,0,0,-0.2929222583770752,0.2929222583770752,1
A girl is messing up her hair,A girl is filing her nails,1.7000000476837158,0,1.7000000476837158,1.9071743488311768,0,0,0.20717430114746094,0.20717430114746094,1
There is no girl filing her nails,A girl is styling her hair,2.0999999046325684,0,2.0999999046325684,2.3444535732269287,0,0,0.24445366859436035,0.24445366859436035,1
A girl is filing her nails,A girl is styling her hair,2.234999895095825,0,2.234999895095825,2.4392006397247314,0,0,0.20420074462890625,0.20420074462890625,1
A guitar is being played by a man,A man is opening a box with a knife,1.5,0,1.5,1.3115787506103516,0,0,-0.18842124938964844,0.18842124938964844,1
A man is playing a guitar,A man is opening a box with a knife,1.2000000476837158,0,1.2000000476837158,1.300241470336914,0,0,0.10024142265319824,0.10024142265319824,1
A man is playing an electronic keyboard,There is no man playing an electronic keyboard,3.0,2,3.0,3.473848581314087,2,2,0.4738485813140869,0.4738485813140869,1
A band is playing some instruments,There is no man playing an electronic keyboard,2.5,0,2.5,3.328505277633667,0,0,0.828505277633667,0.828505277633667,1
A man is not dancing,A man is dancing,3.799999952316284,2,3.799999952316284,3.466253757476806,2,2,-0.333746194839478,0.333746194839478,1
A woman is exercising,A person is exercising,4.599999904632568,1,4.599999904632568,4.761068820953369,1,1,0.16106891632080078,0.16106891632080078,1
A person is exercising,A man is dancing,3.384999990463257,0,3.384999990463257,2.399648904800415,0,0,-0.9853510856628418,0.9853510856628418,1
A man is dancing,There is no woman exercising,1.2000000476837158,0,1.2000000476837158,1.265779972076416,0,0,0.0657799243927002,0.0657799243927002,1
A woman is exercising,A man is dancing,1.2999999523162842,0,1.2999999523162842,1.4340249300003052,0,0,0.134024977684021,0.134024977684021,1
A woman is cutting potatoes,There is no woman cutting potatoes,3.299999952316284,2,3.299999952316284,3.430276870727539,2,2,0.13027691841125488,0.13027691841125488,1
Carrots are being sliced by a woman,A woman is slicing carrots,5.0,1,5.0,5.320937156677246,1,1,0.3209371566772461,0.3209371566772461,1
Carrots are being sliced by a woman,A woman is cutting potatoes,2.0999999046325684,0,2.0999999046325684,3.3657329082489014,0,0,1.265733003616333,1.265733003616333,1
A woman is slicing potatoes,A woman is slicing carrots,3.200000047683716,0,3.200000047683716,3.4997148513793945,0,0,0.2997148036956787,0.2997148036956787,1
A woman is slicing carrots,There is no woman cutting potatoes,2.700000047683716,0,2.700000047683716,2.9597723484039307,0,0,0.25977230072021484,0.25977230072021484,1
A man is mixing vegetables in a pot,Vegetables are being mixed in a pot by a man,4.900000095367432,1,4.900000095367432,5.227035045623779,1,1,0.32703495025634766,0.32703495025634766,1
Vegetables are being mixed in a pot by a man,A person is stirring vegetables in a pot,4.300000190734863,1,4.300000190734863,4.85983943939209,1,1,0.5598392486572266,0.5598392486572266,1
A man is doing pull-ups,A man is doing exercises,4.400000095367432,1,4.400000095367432,4.666762828826904,1,1,0.26676273345947266,0.26676273345947266,1
The man is doing exercises in a gym,The man is exercising,4.400000095367432,1,4.400000095367432,4.632730007171631,1,1,0.23272991180419922,0.23272991180419922,1
The man is not exercising,The man is exercising,3.7149999141693115,2,3.714999914169312,3.454184293746948,2,2,-0.2608156204223637,0.2608156204223637,1
The man is not exercising,A man is doing pull-ups,2.75,2,2.75,3.3897387981414795,2,0,0.6397387981414795,0.6397387981414795,0
The man is exercising,A man is doing exercises,4.900000095367432,1,4.900000095367432,5.020475387573242,1,1,0.12047529220581055,0.12047529220581055,1
The man is exercising,There is no man doing pull-ups,3.5,0,3.5,2.998598337173462,0,0,-0.5014016628265381,0.5014016628265381,1
A man is doing pull-ups,The man is exercising,4.599999904632568,1,4.599999904632568,4.497375965118408,1,1,-0.10262393951416016,0.10262393951416016,1
A woman is being carried by a man,A man is carrying a woman,4.900000095367432,1,4.900000095367432,5.156475067138672,1,1,0.25647497177124023,0.25647497177124023,1
There is no man carrying a woman,A man is carrying a woman,4.099999904632568,2,4.099999904632568,3.51322340965271,2,2,-0.5867764949798584,0.5867764949798584,1
There is no man sharpening a knife,A man is sharpening a knife,2.799999952316284,2,2.799999952316284,3.566063404083252,2,2,0.7660634517669678,0.7660634517669678,1
A woman is being carried by a man,A man is sharpening a knife,1.0,0,1.0,1.0633854866027832,0,0,0.0633854866027832,0.0633854866027832,1
A man is sharpening a knife,A man is carrying a woman,1.2000000476837158,0,1.2000000476837158,1.3233230113983154,0,0,0.12332296371459961,0.12332296371459961,1
A baby is not crawling happily,A baby is crawling happily,4.400000095367432,2,4.400000095367432,3.458486795425415,2,2,-0.9415132999420166,0.9415132999420166,1
A cat is walking on the parquet,A cat is walking on a hardwood floor,3.9000000953674316,1,3.900000095367432,3.2117719650268555,1,0,-0.6882281303405762,0.6882281303405762,0
A cat is walking on a hardwood floor,There is no cat walking on a hardwood floor,3.799999952316284,2,3.799999952316284,3.474771738052368,2,2,-0.325228214263916,0.325228214263916,1
A baby is crawling happily,A cat is walking on the parquet,1.0,0,1.0,1.132712483406067,0,0,0.1327124834060669,0.1327124834060669,1
There is no cat walking on a hardwood floor,A baby is crawling happily,1.0,0,1.0,1.007965326309204,0,0,0.007965326309204102,0.007965326309204102,1
A guitar is being played by a man,A man is playing a guitar,4.800000190734863,1,4.800000190734863,5.210787773132324,1,1,0.41078758239746094,0.41078758239746094,1
A man is singing and playing a guitar,There is no man singing and playing a guitar,3.200000047683716,2,3.200000047683716,3.46956205368042,2,2,0.2695620059967041,0.2695620059967041,1
A person is cutting garlic into pieces with a knife,A person is slicing garlic into pieces with a knife,4.815000057220459,1,4.815000057220459,5.170679092407227,1,1,0.3556790351867676,0.3556790351867676,1
A person is not cutting garlic into pieces with a knife,A person is cutting garlic into pieces with a knife,3.299999952316284,2,3.299999952316284,3.5397543907165527,2,2,0.23975443840026855,0.23975443840026855,1
Someone is putting ingredients into a wok,Someone is putting ingredients into a pan,4.5,1,4.5,3.367678642272949,1,0,-1.1323213577270508,1.1323213577270508,0
Someone is putting ingredients into a pan,A person is cutting garlic into pieces with a knife,3.0999999046325684,0,3.0999999046325684,2.1034953594207764,0,0,-0.996504545211792,0.996504545211792,1
A person is not cutting garlic into pieces with a knife,Someone is putting ingredients into a wok,1.899999976158142,0,1.899999976158142,1.6893842220306396,0,0,-0.21061575412750244,0.21061575412750244,1
A person is cutting garlic into pieces with a knife,Someone is putting ingredients into a wok,1.7000000476837158,0,1.7000000476837158,1.3921587467193604,0,0,-0.30784130096435547,0.30784130096435547,1
The military officer is shouting at the recruits,The military officer is barking at the recruits,4.800000190734863,1,4.800000190734863,4.410834789276123,1,0,-0.38916540145874023,0.38916540145874023,0
The military officer is barking at the recruits,The military officer is not barking at the recruits,3.0999999046325684,2,3.0999999046325684,3.487927198410034,2,2,0.3879272937774658,0.3879272937774658,1
An officer is talking to the recruits,The military officer is not barking at the recruits,4.0,0,4.0,3.279775619506836,0,0,-0.7202243804931641,0.7202243804931641,1
Recruits are talking to an officer,The military officer is barking at the recruits,3.799999952316284,0,3.799999952316284,3.62295126914978,0,0,-0.17704868316650435,0.17704868316650435,1
A small tree is being eaten by a baby elephant,A baby elephant is eating a small tree,4.699999809265137,1,4.699999809265137,5.290539741516113,1,1,0.5905399322509766,0.5905399322509766,1
A baby elephant is not eating a small tree,A little girl is peddling a scooter,1.0,0,1.0,0.9581174850463868,0,0,-0.04188251495361317,0.04188251495361317,1
A child is walking down the street and a jeep is pulling up,A child is walking down the street and a jeep is not pulling up,3.5,2,3.5,3.5359644889831543,2,2,0.0359644889831543,0.0359644889831543,1
A man in a car is pulling up beside a woman who is walking along the street,A man in a car is pulling up beside a woman that is who along a road,4.300000190734863,1,4.300000190734863,4.814016819000244,1,1,0.5140166282653809,0.5140166282653809,1
A child is walking down the street and a jeep is pulling up,A man in a car is pulling up beside a woman who is walking along the street,2.5999999046325684,0,2.5999999046325684,3.235082626342773,0,0,0.6350827217102046,0.6350827217102046,1
A child is walking down the street and a jeep is pulling up,A man in a car is pulling up beside a woman that is who along a road,2.799999952316284,0,2.799999952316284,2.646825075149536,0,0,-0.15317487716674805,0.15317487716674805,1
A woman is slicing a fish,Garlic is being chopped by a woman,2.5999999046325684,0,2.5999999046325684,3.4249627590179443,0,0,0.824962854385376,0.824962854385376,1
An onion is being chopped,An onion is being sliced,4.699999809265137,1,4.699999809265137,5.254950523376465,1,1,0.5549507141113281,0.5549507141113281,1
An onion is being sliced,An onion is not being sliced,3.4149999618530273,2,3.414999961853028,3.4291887283325195,2,2,0.014188766479492188,0.014188766479492188,1
An onion is being sliced,Someone is holding a small animal,1.0,0,1.0,1.5403101444244385,0,0,0.5403101444244385,0.5403101444244385,1
An onion is not being sliced,Someone is holding a hedgehog,1.100000023841858,0,1.100000023841858,1.059332251548767,0,0,-0.04066777229309082,0.04066777229309082,1
An onion is being sliced,Someone is holding a hedgehog,1.0,0,1.0,1.0711448192596436,0,0,0.07114481925964355,0.07114481925964355,1
A woman is falling off a horse,A woman is riding a horse,3.200000047683716,0,3.200000047683716,3.867600679397583,0,0,0.6676006317138672,0.6676006317138672,1
A woman is falling off a horse,A woman is frying something,1.2000000476837158,0,1.2000000476837158,1.1777361631393433,0,0,-0.02226388454437256,0.02226388454437256,1
A woman is riding a horse,Something is being fried by a woman,1.100000023841858,0,1.100000023841858,1.2031044960021973,0,0,0.10310447216033936,0.10310447216033936,1
There is no woman frying something,A woman is riding a horse,1.2000000476837158,0,1.2000000476837158,1.1668736934661863,0,0,-0.03312635421752952,0.03312635421752952,1
A person is peeling a banana,A person is not peeling a banana,3.5999999046325684,2,3.5999999046325684,3.453109741210937,2,2,-0.1468901634216313,0.1468901634216313,1
A banana is being peeled by a person,A man is reading an email,1.0,0,1.0,1.169940710067749,0,0,0.16994071006774902,0.16994071006774902,1
A person is not peeling a banana,A man is reading an email,1.0,0,1.0,1.3468387126922607,0,0,0.34683871269226074,0.34683871269226074,1
A big cat is opening a drawer made of plastic with its paws and is jumping inside,A big cat is opening a plastic drawer with its paws and is jumping inside,4.900000095367432,1,4.900000095367432,5.149166107177734,1,1,0.24916601181030273,0.24916601181030273,1
A cat is opening a drawer and jumping inside,A cat is opening a drawer and climbing inside,4.5,1,4.5,5.145449638366699,1,1,0.6454496383666992,0.6454496383666992,1
A dog is opening a drawer and climbing inside,A big cat is opening a plastic drawer with its paws and is jumping inside,3.4000000953674316,0,3.400000095367432,3.09584379196167,0,0,-0.3041563034057617,0.3041563034057617,1
A small cat is opening a plastic drawer with its paws and jumping inside,A cat is opening a drawer and climbing inside,4.300000190734863,1,4.300000190734863,4.724895477294922,1,1,0.4248952865600586,0.4248952865600586,1
A man is cutting an onion,A man is chopping an onion,4.800000190734863,1,4.800000190734863,5.209516525268555,1,1,0.4095163345336914,0.4095163345336914,1
There is no man cutting an onion,A man is cutting an onion,3.5999999046325684,2,3.5999999046325684,3.559834241867065,2,2,-0.040165662765503374,0.040165662765503374,1
A man is cutting an onion,There is no woman slicing an onion,3.299999952316284,0,3.299999952316284,3.2609951496124268,0,0,-0.03900480270385742,0.03900480270385742,1
A woman is slicing an onion,A man is cutting an onion,3.9149999618530273,0,3.9149999618530273,3.669092178344727,0,0,-0.24590778350830034,0.24590778350830034,1
A woman is painting a man's face,A man is painting a woman's face,3.299999952316284,0,3.299999952316284,4.569033145904541,0,1,1.2690331935882568,1.2690331935882568,0
Makeup is being put on the man by the woman,The woman is putting makeup on the man,5.0,1,5.0,5.032406806945801,1,1,0.03240680694580078,0.03240680694580078,1
The woman is not putting makeup on the man,The woman is putting makeup on the man,3.5,2,3.5,3.5263917446136475,2,2,0.02639174461364746,0.02639174461364746,1
The man is speaking on the phone,The man is talking on the phone,4.800000190734863,1,4.800000190734863,5.103109359741211,1,1,0.30310916900634766,0.30310916900634766,1
The man is not talking on the phone,The man is talking on the phone,4.199999809265137,2,4.199999809265137,3.5110347270965576,2,2,-0.6889650821685791,0.6889650821685791,1
The man is talking on the phone,The man isn't talking on the telephone,3.5999999046325684,2,3.5999999046325684,3.419008016586304,2,2,-0.1809918880462642,0.1809918880462642,1
The man is talking about the telephone,The man is talking on the phone,3.700000047683716,0,3.700000047683716,3.379958152770996,0,0,-0.3200418949127197,0.3200418949127197,1
The man is talking on the telephone,The man is speaking on the phone,4.599999904632568,1,4.599999904632568,5.10136604309082,1,1,0.501366138458252,0.501366138458252,1
The man is talking on the telephone,The man is talking on the phone,4.800000190734863,1,4.800000190734863,5.110674858093262,1,1,0.31067466735839844,0.31067466735839844,1
A woman is cutting an onion,An onion is being cut by a woman,4.800000190734863,1,4.800000190734863,5.236639022827148,1,1,0.43663883209228516,0.43663883209228516,1
A woman is cutting an onion,There is no woman cutting an onion,3.4000000953674316,2,3.400000095367432,3.444343328475952,2,2,0.04434323310852051,0.04434323310852051,1
A man is cutting onions,An onion is being cut by a woman,2.799999952316284,0,2.799999952316284,3.541461229324341,0,0,0.7414612770080566,0.7414612770080566,1
There is no woman cutting an onion,A man is cutting onions,3.700000047683716,0,3.700000047683716,2.88086462020874,0,0,-0.819135427474976,0.819135427474976,1
An onion is being cut by a man,A man is opening a door,1.100000023841858,0,1.100000023841858,1.2697713375091553,0,0,0.16977131366729736,0.16977131366729736,1
A man is not cutting an onion,A man is opening a door,1.399999976158142,0,1.399999976158142,1.4091356992721558,0,0,0.009135723114013672,0.009135723114013672,1
A potato is being cut by a man,A man is cutting a potato,4.699999809265137,1,4.699999809265137,5.307451725006104,1,1,0.6074519157409677,0.6074519157409677,1
A man is chopping a potato,A man is slicing a potato,4.400000095367432,1,4.400000095367432,5.186314582824707,1,1,0.7863144874572754,0.7863144874572754,1
A man is chopping a potato,A man is cutting a potato,4.599999904632568,1,4.599999904632568,5.1529083251953125,1,1,0.5529084205627441,0.5529084205627441,1
There is no man slicing a potato,A man is cutting a potato,4.300000190734863,2,4.300000190734863,3.557118654251098,2,2,-0.7428815364837651,0.7428815364837651,1
A potato is being cut by a man,A man is slicing a potato,4.699999809265137,1,4.699999809265137,5.323652744293213,1,1,0.6236529350280762,0.6236529350280762,1
A man is slicing a potato,A man is cutting a potato,4.900000095367432,1,4.900000095367432,5.210282802581787,1,1,0.31028270721435547,0.31028270721435547,1
A man is playing the guitar,The guitar is being played by a man,4.900000095367432,1,4.900000095367432,5.1638360023498535,1,1,0.2638359069824219,0.2638359069824219,1
A man is playing the guitar,A man is not playing the guitar,3.700000047683716,2,3.700000047683716,3.389188766479492,2,2,-0.31081128120422363,0.31081128120422363,1
A woman is frying something in a pan,A woman is cooking something in a pan,4.400000095367432,1,4.400000095367432,4.782935619354248,1,1,0.3829355239868164,0.3829355239868164,1
A woman is frying something in a pan,There is no woman frying something in a pan,4.400000095367432,2,4.400000095367432,3.47080135345459,2,2,-0.9291987419128418,0.9291987419128418,1
A man is playing the guitar,A woman is cooking something in a pan,1.0,0,1.0,1.035979986190796,0,0,0.0359799861907959,0.0359799861907959,1
There is no woman frying something in a pan,A man is playing the guitar,1.0,0,1.0,1.021143913269043,0,0,0.02114391326904297,0.02114391326904297,1
A man is playing the piano,The piano is being played by a man,4.900000095367432,1,4.900000095367432,5.173333644866943,1,1,0.2733335494995117,0.2733335494995117,1
A man is playing the piano,There is no man playing the piano,3.5999999046325684,2,3.5999999046325684,3.455627202987671,2,2,-0.14437270164489746,0.14437270164489746,1
A woman is playing the violin,The violin is being played by a woman,4.900000095367432,1,4.900000095367432,5.237710952758789,1,1,0.3377108573913574,0.3377108573913574,1
A man is fishing in the river,A man is fishing in the stream,4.400000095367432,0,4.400000095367432,4.992323875427246,0,1,0.5923237800598145,0.5923237800598145,0
A man is singing and standing on the sidewalk,A man is singing and walking down the sidewalk,4.099999904632568,0,4.099999904632568,4.147695064544678,0,0,0.047695159912109375,0.047695159912109375,1
A man is singing and walking down the road,A man is fishing in the river,1.399999976158142,0,1.399999976158142,1.5781097412109375,0,0,0.1781097650527954,0.1781097650527954,1
A man is singing and walking down the sidewalk,A man is fishing in the stream,1.7000000476837158,0,1.7000000476837158,1.2760614156723022,0,0,-0.4239386320114136,0.4239386320114136,1
A man is loading a rifle with bullets,A man is loading a weapon with bullets,4.699999809265137,1,4.699999809265137,4.812258720397949,1,1,0.1122589111328125,0.1122589111328125,1
A man is loading a rifle with bullets,There is no man loading a rifle with bullets,3.9000000953674316,2,3.900000095367432,3.4853761196136475,2,2,-0.4146239757537842,0.4146239757537842,1
A woman is seasoning a ham,A woman is seasoning a piece of meat,4.5,1,4.5,4.749306678771973,1,1,0.24930667877197266,0.24930667877197266,1
A woman is eating a piece of meat,A man is loading a rifle with bullets,1.0,0,1.0,0.9817054867744446,0,0,-0.01829451322555542,0.01829451322555542,1
A man is loading a weapon with bullets,A woman is seasoning a piece of meat,1.0,0,1.0,0.9900707006454468,0,0,-0.009929299354553223,0.009929299354553223,1
A man is loading a rifle with bullets,A woman is seasoning a piece of meat,1.100000023841858,0,1.100000023841858,0.9532513618469238,0,0,-0.14674866199493408,0.14674866199493408,1
A chef is preparing some food,A chef is discarding some food,3.799999952316284,0,3.799999952316284,3.2573750019073486,0,0,-0.5426249504089355,0.5426249504089355,1
A chef is preparing a meal,A chef is cooking a meal,4.5,1,4.5,5.162603855133057,1,1,0.6626038551330566,0.6626038551330566,1
A chef is cooking a meal,A chef is preparing some food,4.5,1,4.5,4.94549560546875,1,1,0.44549560546875,0.44549560546875,1
A chef is preparing a meal,Some food is being prepared by a chef,4.800000190734863,1,4.800000190734863,5.060426712036133,1,1,0.26042652130126953,0.26042652130126953,1
A man is riding a water toy in the water,A man is playing with a water toy in the water,4.099999904632568,1,4.099999904632568,4.2283616065979,1,0,0.12836170196533203,0.12836170196533203,0
A man is riding a water toy in the water,There is no man riding a water toy in the water,3.799999952316284,2,3.799999952316284,3.5095551013946533,2,2,-0.29044485092163086,0.29044485092163086,1
Two sumo ringers are fighting,There is no man riding a water toy in the water,1.0,0,1.0,1.0513139963150024,0,0,0.05131399631500244,0.05131399631500244,1
A person is playing a piano,A piano is being played by a person,4.900000095367432,1,4.900000095367432,5.104958534240723,1,1,0.20495843887329102,0.20495843887329102,1
A person is slicing a potato,A potato is being sliced by a person,4.900000095367432,1,4.900000095367432,5.188291549682617,1,1,0.28829145431518555,0.28829145431518555,1
A piano is being played by a person,A person is slicing a potato,1.0,0,1.0,1.104689598083496,0,0,0.1046895980834961,0.1046895980834961,1
A person is slicing a potato,A person is playing a piano,1.399999976158142,0,1.399999976158142,1.0965120792388916,0,0,-0.3034878969192505,0.3034878969192505,1
A man is sprinkling shredded cheese on a pizza,A man is sprinkling cheese on a pizza,4.699999809265137,1,4.699999809265137,4.951254844665527,1,1,0.2512550354003906,0.2512550354003906,1
A man is sprinkling shredded cheese on a pizza,There is no man sprinkling shredded cheese on a pizza,4.0,2,4.0,3.4780197143554688,2,2,-0.5219802856445312,0.5219802856445312,1
A man is putting seasoning on a pizza,A man is putting some cheese on a pizza,3.9000000953674316,0,3.900000095367432,4.240528106689453,0,0,0.3405280113220215,0.3405280113220215,1
A man is doing a card trick,A man is doing a magic trick,3.700000047683716,0,3.700000047683716,4.642303943634033,0,1,0.9423038959503174,0.9423038959503174,0
A man is having fun with water,A man is playing with water,4.5,1,4.5,5.009124279022217,1,1,0.5091242790222168,0.5091242790222168,1
A man is not playing with water,A man is doing a card trick,1.399999976158142,0,1.399999976158142,1.1507463455200195,0,0,-0.24925363063812256,0.24925363063812256,1
A man is playing with water,A man is doing a magic trick,2.0999999046325684,0,2.0999999046325684,2.9399161338806152,0,0,0.8399162292480469,0.8399162292480469,1
A man is doing a card trick,A man is playing with water,1.399999976158142,0,1.399999976158142,1.077939748764038,0,0,-0.322060227394104,0.322060227394104,1
A lemur is hanging on a cord,There is no lemur hanging on a cord,3.200000047683716,2,3.200000047683716,3.479794502258301,2,2,0.27979445457458496,0.27979445457458496,1
A lemur is hanging on a rope,A man is buttering a piece of bread,1.0,0,1.0,0.914674699306488,0,0,-0.08532530069351196,0.08532530069351196,1
There is no lemur hanging on a cord,A man is buttering a piece of bread,1.0,0,1.0,0.9495311379432678,0,0,-0.05046886205673218,0.05046886205673218,1
A woman is putting a baby in a waste bin,A woman is putting a child in a waste bin,4.400000095367432,1,4.400000095367432,5.168176651000977,1,1,0.7681765556335449,0.7681765556335449,1
There is no woman putting a child in a waste bin,A woman is putting a baby in a waste bin,4.099999904632568,2,4.099999904632568,3.604729890823364,2,2,-0.49527001380920455,0.49527001380920455,1
The woman is poking holes in the potato,The woman is poking a potato,4.5,1,4.5,5.064878463745117,1,1,0.5648784637451172,0.5648784637451172,1
The woman is poking a potato,The woman is not poking holes in the potato,2.4000000953674316,2,2.400000095367432,3.7365505695343018,2,2,1.3365504741668701,1.3365504741668701,1
The woman is poking a potato,A woman is putting a child in a waste bin,1.5,0,1.5,1.078129529953003,0,0,-0.42187047004699707,0.42187047004699707,1
The woman is poking a potato,A woman is putting a baby in a waste bin,1.100000023841858,0,1.100000023841858,1.0871379375457764,0,0,-0.012862086296081543,0.012862086296081543,1
A man is pouring cleaner into the sink,A man is cleaning the sink,4.699999809265137,1,4.699999809265137,4.8212571144104,1,1,0.12125730514526367,0.12125730514526367,1
The man is not playing the drums,The man is playing the drums,3.799999952316284,2,3.799999952316284,3.4837679862976074,2,2,-0.31623196601867676,0.31623196601867676,1
The man is not playing the drums,A man is pouring cleaner into the sink,1.100000023841858,0,1.100000023841858,1.2577378749847412,0,0,0.1577378511428833,0.1577378511428833,1
There is no man pouring cleaner into the sink,The man is playing the drums,1.2999999523162842,0,1.2999999523162842,1.150201439857483,0,0,-0.14979851245880127,0.14979851245880127,1
The man is playing the drums,A man is pouring cleaner into the sink,1.2000000476837158,0,1.2000000476837158,1.1593530178070068,0,0,-0.040647029876708984,0.040647029876708984,1
A woman is deep frying food,Food is being deep fried by a woman,4.800000190734863,1,4.800000190734863,5.23996639251709,1,1,0.43996620178222656,0.43996620178222656,1
A woman is not frying some food,A woman is deep frying food,3.799999952316284,2,3.799999952316284,3.604585886001587,2,2,-0.19541406631469727,0.19541406631469727,1
Food is being deep fried by a woman,A woman is frying some food,4.800000190734863,1,4.800000190734863,5.14470100402832,1,1,0.34470081329345703,0.34470081329345703,1
A woman is frying some food,There is no woman deep frying food,3.9000000953674316,2,3.900000095367432,3.496948480606079,2,2,-0.40305161476135254,0.40305161476135254,1
A woman is deep frying food,A woman is frying some food,4.699999809265137,1,4.699999809265137,4.976738929748535,1,1,0.27673912048339844,0.27673912048339844,1
A man is petting two dogs,Two dogs are being petted by a man,4.900000095367432,1,4.900000095367432,5.154669761657715,1,1,0.2546696662902832,0.2546696662902832,1
A man is petting two cats,A man is petting two dogs,2.5999999046325684,0,2.5999999046325684,3.6035139560699454,0,0,1.003514051437377,1.003514051437377,1
A woman is pouring eggs into a frying pan,A woman is pouring eggs into a pan,4.800000190734863,1,4.800000190734863,4.845501899719238,1,1,0.045501708984375,0.045501708984375,1
A man is petting two dogs,A woman is removing eggs from a frying pan,1.0,0,1.0,0.9862796068191528,0,0,-0.013720393180847168,0.013720393180847168,1
A woman is pouring eggs into a frying pan,A man is petting two cats,1.0,0,1.0,0.9862641096115112,0,0,-0.01373589038848877,0.01373589038848877,1
A baby is talking,A child is talking,4.400000095367432,1,4.400000095367432,4.994894504547119,1,1,0.5948944091796875,0.5948944091796875,1
There is no baby talking,A baby is talking,4.315000057220459,2,4.315000057220459,3.475482702255249,2,2,-0.83951735496521,0.83951735496521,1
A boy is saying a word,A boy is saying something,4.599999904632568,1,4.599999904632568,4.984810829162598,1,1,0.3848109245300293,0.3848109245300293,1
A baby is talking,A boy is saying something,3.299999952316284,0,3.299999952316284,3.4791195392608643,0,0,0.17911958694458008,0.17911958694458008,1
A boy is saying a word,A baby is talking,3.200000047683716,0,3.200000047683716,3.0853078365325928,0,0,-0.11469221115112305,0.11469221115112305,1
A woman is pulling some sticky goo out of a bowl,A woman is putting some sticky goo in a bowl,3.4000000953674316,0,3.400000095367432,3.874928951263428,0,0,0.47492885589599654,0.47492885589599654,1
A woman is pulling some sticky goo out of a bowl,Pasta is being put into a dish by a woman,3.0,0,3.0,2.3249335289001465,0,0,-0.6750664710998535,0.6750664710998535,1
The woman is putting pasta into a dish,Some sticky goo is being pulled out of a bowl by a woman,2.200000047683716,0,2.200000047683716,2.79165267944336,0,0,0.591652631759644,0.591652631759644,1
The woman is putting pasta into a dish,A woman is pulling some sticky goo out of a bowl,2.9000000953674316,0,2.900000095367432,3.019470453262329,0,0,0.11947035789489746,0.11947035789489746,1
A man is riding a motorcycle,A man is riding a motorbike,4.800000190734863,1,4.800000190734863,5.101494789123535,1,1,0.3014945983886719,0.3014945983886719,1
There is no man riding a motorcycle,A man is riding a motorcycle,3.5999999046325684,2,3.5999999046325684,3.564815759658813,2,2,-0.03518414497375533,0.03518414497375533,1
The men are not playing soccer,The men are playing soccer,3.9000000953674316,2,3.900000095367432,3.477512836456299,2,2,-0.4224872589111328,0.4224872589111328,1
The men are playing with a ball,A man is riding a motorcycle,1.5,0,1.5,1.273308277130127,0,0,-0.22669172286987305,0.22669172286987305,1
There is no man riding a motorcycle,The men are playing soccer,1.2999999523162842,0,1.2999999523162842,1.192086696624756,0,0,-0.1079132556915281,0.1079132556915281,1
A man is riding a motorcycle,The men are playing soccer,1.100000023841858,0,1.100000023841858,1.2209012508392334,0,0,0.12090122699737549,0.12090122699737549,1
A dog is looking at a store counter,A dog is looking at a piece of furniture in a shop,3.799999952316284,0,3.799999952316284,4.382476329803467,0,0,0.5824763774871826,0.5824763774871826,1
A cat is looking at a store counter,A dog is looking at a store counter,3.0,0,3.0,3.325153112411499,0,0,0.325153112411499,0.325153112411499,1
A cat is looking at a store counter,A dog is looking around,1.100000023841858,0,1.100000023841858,2.5402326583862305,0,0,1.4402326345443726,1.4402326345443726,1
A tiger cub is roaring,A tiger cub is making a sound,4.300000190734863,1,4.300000190734863,4.768557548522949,1,1,0.46855735778808594,0.46855735778808594,1
A tiger cub is making a sound,There is no tiger cub making a sound,3.5999999046325684,2,3.5999999046325684,3.434648275375366,2,2,-0.16535162925720215,0.16535162925720215,1
A tiger is walking around,A tiger is strolling around,5.0,1,5.0,4.807424068450928,1,1,-0.19257593154907227,0.19257593154907227,1
A tiger cub is making a sound,A tiger is not walking around,3.5,0,3.5,3.4179224967956543,0,0,-0.0820775032043457,0.0820775032043457,1
There is no tiger cub making a sound,A tiger is walking around,3.299999952316284,0,3.299999952316284,3.259484052658081,0,0,-0.040515899658203125,0.040515899658203125,1
A woman is frying meat,A woman is frying food,4.5,1,4.5,4.865848541259766,1,1,0.3658485412597656,0.3658485412597656,1
A woman is placing food in a pot of hot water,A woman is placing food in a pot of cold water,4.099999904632568,2,4.099999904632568,3.9794652462005615,2,0,-0.12053465843200684,0.12053465843200684,0
A woman is frying meat,A woman is cooking food in a pot of hot water,3.200000047683716,0,3.200000047683716,3.4541258811950684,0,0,0.25412583351135254,0.25412583351135254,1
A woman is frying food,A woman is placing food in a pot of hot water,3.0,0,3.0,3.2153592109680176,0,0,0.21535921096801758,0.21535921096801758,1
A woman is frying meat,A woman is placing food in a pot of hot water,2.9000000953674316,0,2.900000095367432,3.0727341175079346,0,0,0.17273402214050293,0.17273402214050293,1
Someone is playing with a frog,A man is playing the trumpet,1.2000000476837158,0,1.2000000476837158,1.057032346725464,0,0,-0.14296770095825173,0.14296770095825173,1
Someone is playing with a toad,The trumpet is being played by a man,1.0,0,1.0,1.0443167686462402,0,0,0.044316768646240234,0.044316768646240234,1
A horse is being ridden by a man,A man is riding a horse,4.800000190734863,1,4.800000190734863,5.215680122375488,1,1,0.415679931640625,0.415679931640625,1
The person is riding the horse,The person is riding the animal,4.599999904632568,1,4.599999904632568,4.863918304443359,1,1,0.263918399810791,0.263918399810791,1
A man is riding a horse,The person is riding the animal,4.400000095367432,1,4.400000095367432,4.253302574157715,1,1,-0.1466975212097168,0.1466975212097168,1
A person is not folding a piece of paper,A person is folding a piece of paper,3.5,2,3.5,3.745239973068237,2,0,0.24523997306823686,0.24523997306823686,0
Somebody is folding a piece of paper,Someone is folding a piece of paper,5.0,1,5.0,4.894562721252441,1,1,-0.1054372787475586,0.1054372787475586,1
Somebody is folding a piece of paper,A person is folding a piece of paper,4.699999809265137,1,4.699999809265137,4.843252182006836,1,1,0.14325237274169922,0.14325237274169922,1
Someone is folding a piece of paper,A person is folding a sheet,3.5,0,3.5,4.211067199707031,0,0,0.7110671997070312,0.7110671997070312,1
Someone is folding a piece of paper,A person is not folding a piece of paper,4.199999809265137,2,4.199999809265137,3.411183357238769,2,2,-0.7888164520263676,0.7888164520263676,1
A person is folding a piece of paper,Someone is folding a piece of paper,4.800000190734863,1,4.800000190734863,4.88374137878418,1,1,0.0837411880493164,0.0837411880493164,1
A girl is using sign language,A girl is communicating with sign language,4.900000095367432,1,4.900000095367432,5.075490951538086,1,1,0.1754908561706543,0.1754908561706543,1
There is no girl communicating with sign language,A girl is communicating with sign language,3.5,2,3.5,3.53253436088562,2,2,0.03253436088562012,0.03253436088562012,1
A young girl is using sign language,Sign language is being used by a young girl,4.900000095367432,1,4.900000095367432,5.170655727386475,1,1,0.27065563201904297,0.27065563201904297,1
A young girl is using sign language,A girl is using sign language,4.599999904632568,1,4.599999904632568,5.111179828643799,1,1,0.5111799240112305,0.5111799240112305,1
A young girl is using sign language,There is no girl communicating with sign language,4.099999904632568,2,4.099999904632568,3.421841621398926,2,2,-0.6781582832336426,0.6781582832336426,1
A girl is communicating with sign language,A young girl is using sign language,4.800000190734863,1,4.800000190734863,4.888362407684326,1,1,0.08836221694946289,0.08836221694946289,1
A bunny is playing with a stuffed bunny,There is no bunny playing with a stuffed bunny,4.0,2,4.0,3.455627679824829,2,2,-0.5443723201751709,0.5443723201751709,1
A rabbit is playing with a toy rabbit,A rabbit is playing with a toy,4.5,1,4.5,4.993144035339356,1,1,0.49314403533935636,0.49314403533935636,1
There is no rabbit playing with a toy rabbit,A rabbit is playing with a toy rabbit,3.4000000953674316,2,3.400000095367432,3.577911138534546,2,2,0.17791104316711426,0.17791104316711426,1
A bunny is playing with a stuffed bunny,A rabbit is playing with a toy,4.5,1,4.5,4.923476696014404,1,1,0.4234766960144043,0.4234766960144043,1
There is no rabbit playing with a toy rabbit,A bunny is playing with a stuffed bunny,4.0,2,4.0,3.5563647747039795,2,2,-0.4436352252960205,0.4436352252960205,1
A rabbit is playing with a toy rabbit,There is no bunny playing with a stuffed bunny,3.700000047683716,2,3.700000047683716,3.4225430488586426,2,2,-0.27745699882507324,0.27745699882507324,1
A bunny is playing with a stuffed bunny,A rabbit is playing with a toy rabbit,4.400000095367432,1,4.400000095367432,4.992858409881592,1,1,0.5928583145141602,0.5928583145141602,1
A man is jumping rope outside,A woman is jumping rope outside,3.0,0,3.0,3.553293466567993,0,0,0.5532934665679932,0.5532934665679932,1
A woman is slicing a cucumber,A person is slicing a cucumber,4.400000095367432,1,4.400000095367432,4.988959789276123,1,1,0.5889596939086914,0.5889596939086914,1
A man is jumping rope outside,A person is slicing a cucumber,1.0,0,1.0,0.9830396771430968,0,0,-0.016960322856903187,0.016960322856903187,1
A man is jumping rope in a field,A woman is slicing a cucumber,1.0,0,1.0,0.9363780617713928,0,0,-0.06362193822860718,0.06362193822860718,1
A man is jumping rope outside,A woman is slicing a cucumber,1.0,0,1.0,0.9162235260009766,0,0,-0.08377647399902344,0.08377647399902344,1
Potatoes are being sliced by a man,A man is slicing potatoes,4.800000190734863,1,4.800000190734863,5.294477939605713,1,1,0.4944777488708496,0.4944777488708496,1
There is no man slicing potatoes,A man is slicing potatoes,3.5999999046325684,2,3.5999999046325684,3.519998550415039,2,2,-0.0800013542175293,0.0800013542175293,1
The man is slicing a potato,A potato is being sliced by the man,4.900000095367432,1,4.900000095367432,5.19940710067749,1,1,0.2994070053100586,0.2994070053100586,1
A man is slicing potatoes,The man is not slicing a potato,3.700000047683716,2,3.700000047683716,3.48210883140564,2,2,-0.21789121627807573,0.21789121627807573,1
The man is slicing a potato,There is no man slicing potatoes,3.200000047683716,2,3.200000047683716,3.4359829425811768,2,2,0.23598289489746094,0.23598289489746094,1
A man is slicing potatoes,The man is slicing a potato,4.400000095367432,1,4.400000095367432,5.283940315246582,1,1,0.8839402198791504,0.8839402198791504,1
A flute is being played by a girl,A girl is playing a flute,4.900000095367432,1,4.900000095367432,5.215219020843506,1,1,0.3152189254760742,0.3152189254760742,1
A girl is playing a wind instrument,A boy is playing a wind instrument,3.700000047683716,0,3.700000047683716,3.5364136695861816,0,0,-0.16358637809753418,0.16358637809753418,1
A flute is being played by a girl,A girl is playing a wind instrument,4.400000095367432,1,4.400000095367432,4.773813247680664,1,1,0.3738131523132324,0.3738131523132324,1
There is no girl playing a flute,A girl is playing a wind instrument,3.700000047683716,0,3.700000047683716,3.655722379684448,0,0,-0.04427766799926802,0.04427766799926802,1
The piano is being played by someone,Someone is playing piano,4.800000190734863,1,4.800000190734863,5.263322830200195,1,1,0.46332263946533203,0.46332263946533203,1
The piano is being played by someone,A person is playing a keyboard,3.9000000953674316,0,3.900000095367432,4.822902679443359,0,1,0.9229025840759277,0.9229025840759277,0
Someone is not playing piano,A person is playing a keyboard,2.634999990463257,0,2.634999990463257,3.332525968551636,0,0,0.6975259780883794,0.6975259780883794,1
Someone is playing piano,A person is playing a keyboard,3.799999952316284,1,3.799999952316284,4.200693130493164,1,0,0.4006931781768799,0.4006931781768799,0
A man is diving into a pool,A woman is diving into a pool,3.299999952316284,0,3.299999952316284,3.596199750900269,0,0,0.2961997985839848,0.2961997985839848,1
A man is jumping out of a pool,A man is diving into a pool,3.5999999046325684,0,3.5999999046325684,3.6649153232574463,0,2,0.06491541862487793,0.06491541862487793,0
A man is diving into a pool,A man is diving into the water,4.5,1,4.5,4.843414306640625,1,1,0.343414306640625,0.343414306640625,1
A man is diving into a pool,A man is jumping out of a pool,3.700000047683716,0,3.700000047683716,3.61801552772522,0,2,-0.08198451995849565,0.08198451995849565,0
The man is adding seasoning to the water in a bowl,Seasoning is being added to the water by the man,4.699999809265137,1,4.699999809265137,4.922532081604004,1,1,0.2225322723388672,0.2225322723388672,1
The man is adding seasoning to the water in a bowl,The man is not adding seasoning to the/some water in a bowl,3.0,2,3.0,3.4884743690490723,2,2,0.48847436904907227,0.48847436904907227,1
The man is not seasoning the sausages,The man is seasoning the sausages,3.0,2,3.0,3.549580335617065,2,2,0.549580335617065,0.549580335617065,1
The man is seasoning the sausages,The man is not adding seasoning to the/some water in a bowl,3.0999999046325684,0,3.0999999046325684,3.3987009525299072,0,0,0.29870104789733887,0.29870104789733887,1
The man is adding seasoning to the water in a bowl,The man is seasoning the sausages,3.0,0,3.0,3.273624420166016,0,0,0.27362442016601607,0.27362442016601607,1
A man is playing a large flute,A man is playing a flute,4.199999809265137,1,4.199999809265137,4.88565731048584,1,1,0.6856575012207031,0.6856575012207031,1
A woman is peeling a potato,A potato is being peeled by a woman,4.900000095367432,1,4.900000095367432,5.20274829864502,1,1,0.3027482032775888,0.3027482032775888,1
A woman is peeling a potato,A woman is not peeling a potato,3.5999999046325684,2,3.5999999046325684,3.454878330230713,2,2,-0.14512157440185547,0.14512157440185547,1
The lady is peeling the potato,A potato is being peeled by a woman,4.800000190734863,1,4.800000190734863,5.213501930236816,1,1,0.4135017395019531,0.4135017395019531,1
A man is playing a flute,There is no man playing a flute,3.700000047683716,2,3.700000047683716,3.492603302001953,2,2,-0.2073967456817627,0.2073967456817627,1
A man is riding a motorbike,A man is riding a scooter,3.9000000953674316,0,3.900000095367432,3.3948941230773926,0,0,-0.5051059722900391,0.5051059722900391,1
A man is riding a scooter,A man is not riding a scooter,3.0,2,3.0,3.419097185134888,2,2,0.41909718513488814,0.41909718513488814,1
A man is playing a flute,A man is riding a motorbike,1.600000023841858,0,1.600000023841858,1.255507469177246,0,0,-0.3444925546646118,0.3444925546646118,1
A man is not riding a scooter,A man is playing a flute,1.5,0,1.5,1.297610640525818,0,0,-0.2023893594741819,0.2023893594741819,1
A man is playing a flute,A man is riding a scooter,1.5,0,1.5,1.1787185668945312,0,0,-0.32128143310546875,0.32128143310546875,1
A woman is not slicing an octopus,A woman is slicing an octopus,3.200000047683716,2,3.200000047683716,3.5109825134277344,2,2,0.31098246574401855,0.31098246574401855,1
The drums are being played by a man,A man is playing the drums,5.0,1,5.0,5.201600074768066,1,1,0.2016000747680664,0.2016000747680664,1
A man is not playing the drums,A man is playing the drums,4.0,2,4.0,3.4695851802825928,2,2,-0.5304148197174072,0.5304148197174072,1
There is no man playing the guitar,A man is playing the drums,2.4000000953674316,0,2.400000095367432,2.9871203899383545,0,0,0.5871202945709229,0.5871202945709229,1
A man is not playing the drums,A man is playing the guitar,2.799999952316284,0,2.799999952316284,3.064293384552002,0,0,0.2642934322357178,0.2642934322357178,1
A man is putting some food in a box,A man is putting some food in a container,4.400000095367432,1,4.400000095367432,5.001826286315918,1,1,0.6018261909484863,0.6018261909484863,1
The man is putting chicken into the box,The man is putting chicken into the container,4.699999809265137,1,4.699999809265137,5.115695953369141,1,1,0.4156961441040039,0.4156961441040039,1
The man is putting chicken into the box,A man is putting some food in a box,4.5,1,4.5,4.649872779846191,1,1,0.1498727798461914,0.1498727798461914,1
The man is putting chicken into the container,A man is putting some food in a container,4.599999904632568,1,4.599999904632568,4.668179512023926,1,1,0.06817960739135742,0.06817960739135742,1
A woman is taking eggs out of a bowl,A woman is cracking eggs into a bowl,3.700000047683716,0,3.700000047683716,3.646205425262451,0,0,-0.05379462242126465,0.05379462242126465,1
A woman is placing skewers onto a rack,There is no woman placing skewers onto a rack,4.0,2,4.0,3.483678102493286,2,2,-0.5163218975067139,0.5163218975067139,1
A woman is cracking eggs into a bowl,Skewers are being placed onto a rack by a woman,2.5,0,2.5,1.7366182804107666,0,0,-0.7633817195892334,0.7633817195892334,1
A baby is playing a guitar,A guitar is being played by a baby,4.900000095367432,1,4.900000095367432,5.040958404541016,1,1,0.14095830917358398,0.14095830917358398,1
The little boy is singing and playing the guitar,The little kid is singing and playing the guitar,4.534999847412109,1,4.534999847412109,5.119218826293945,1,1,0.5842189788818359,0.5842189788818359,1
The little kid is singing and playing the guitar,A baby is playing a guitar,3.799999952316284,1,3.799999952316284,4.543374538421631,1,1,0.7433745861053467,0.7433745861053467,1
The little boy is not singing and playing the guitar,A baby is playing a guitar,2.799999952316284,0,2.799999952316284,3.13191819190979,0,0,0.33191823959350586,0.33191823959350586,1
A baby is playing a guitar,The little boy is singing and playing the guitar,3.9000000953674316,0,3.900000095367432,4.190439224243164,0,0,0.2904391288757324,0.2904391288757324,1
A man is passionately playing a guitar in front of an audience,A person is passionately playing a guitar in front of an audience,4.699999809265137,1,4.699999809265137,5.1561689376831055,1,1,0.45616912841796875,0.45616912841796875,1
A man is passionately playing a guitar in front of an audience,A woman is passionately playing a guitar in front of an audience,3.9000000953674316,0,3.900000095367432,3.711146116256714,0,0,-0.18885397911071777,0.18885397911071777,1
A woman is peeling food,A man is passionately playing a guitar in front of an audience,1.100000023841858,0,1.100000023841858,0.958072543144226,0,0,-0.14192748069763195,0.14192748069763195,1
There is no woman peeling a potato,A man is passionately playing a guitar in front of an audience,1.0,0,1.0,1.0952821969985962,0,0,0.09528219699859619,0.09528219699859619,1
A woman is peeling a potato,A woman is passionately playing a guitar in front of an audience,1.100000023841858,0,1.100000023841858,1.264703392982483,0,0,0.164703369140625,0.164703369140625,1
A man is passionately playing a guitar in front of an audience,A woman is peeling a potato,1.0,0,1.0,1.0577788352966309,0,0,0.05777883529663086,0.05777883529663086,1
Someone is checking the email,Someone is reading the email,4.400000095367432,1,4.400000095367432,4.890498638153076,1,1,0.49049854278564453,0.49049854278564453,1
A man is reading the email,Someone is checking the email,4.065000057220459,1,4.065000057220459,4.584395408630371,1,1,0.5193953514099121,0.5193953514099121,1
Someone is not reading the email,A man is reading the email,2.799999952316284,2,2.799999952316284,3.42779278755188,2,2,0.6277928352355957,0.6277928352355957,1
There is no man reading the email,Someone is reading the email,3.700000047683716,0,3.700000047683716,3.462481737136841,0,0,-0.237518310546875,0.237518310546875,1
Two pandas are not lying together,Two pandas are lying together,3.299999952316284,2,3.299999952316284,3.548051595687866,2,2,0.24805164337158203,0.24805164337158203,1
Two cubs are playing,Two pandas are lying together,3.0,0,3.0,3.394028902053833,0,0,0.394028902053833,0.394028902053833,1
Two pandas are lying together,Two baby pandas are sleeping,3.799999952316284,0,3.799999952316284,4.066125392913818,0,0,0.2661254405975342,0.2661254405975342,1
Fish is being cooked by a woman,A woman is cooking fish,4.900000095367432,1,4.900000095367432,5.289027214050293,1,1,0.38902711868286133,0.38902711868286133,1
A woman is cooking fish,There is no woman cooking fish,3.700000047683716,2,3.700000047683716,3.4134414196014404,2,2,-0.2865586280822754,0.2865586280822754,1
Fish is being fried by a woman,A woman is cooking fish,4.599999904632568,1,4.599999904632568,4.973505973815918,1,1,0.3735060691833496,0.3735060691833496,1
A woman is frying fish,Fish is being cooked by a woman,4.5,1,4.5,5.107692241668701,1,1,0.6076922416687012,0.6076922416687012,1
A woman is frying fish,There is no woman cooking fish,3.700000047683716,2,3.700000047683716,3.4175479412078857,2,2,-0.2824521064758301,0.2824521064758301,1
A woman is frying fish,A woman is cooking fish,4.400000095367432,1,4.400000095367432,4.809761047363281,1,1,0.4097609519958496,0.4097609519958496,1
A man is playing a flute,A man is playing an instrument,4.5,1,4.5,4.54332447052002,1,1,0.04332447052002042,0.04332447052002042,1
There is no man mowing grass,A man is mowing grass,4.199999809265137,2,4.199999809265137,3.5416018962860107,2,2,-0.658397912979126,0.658397912979126,1
A man is mowing grass,There is no guy mowing the lawn,3.4000000953674316,2,3.400000095367432,3.457669258117676,2,2,0.05766916275024414,0.05766916275024414,1
A guy is mowing the lawn,A man is mowing grass,4.699999809265137,1,4.699999809265137,5.042019844055176,1,1,0.34202003479003906,0.34202003479003906,1
A person is frying meat in a pan,A person is not frying meat in a pan,3.4000000953674316,2,3.400000095367432,3.4705402851104736,2,2,0.07054018974304199,0.07054018974304199,1
A skunk is being held by a person,A person is holding a skunk,5.0,1,5.0,5.267068386077881,1,1,0.26706838607788086,0.26706838607788086,1
A person is frying meat in a pan,A skunk is being held by a person,1.0,0,1.0,0.9474514722824096,0,0,-0.05254852771759044,0.05254852771759044,1
A person is holding a skunk,A person is frying meat in a pan,1.2999999523162842,0,1.2999999523162842,1.0285284519195557,0,0,-0.2714715003967285,0.2714715003967285,1
The lady is cracking an egg into a bowl,The lady is taking an egg out of a bowl,3.5,0,3.5,3.5133395195007324,0,2,0.013339519500732422,0.013339519500732422,0
The man is cracking eggs into a bowl,The person is cracking eggs into a bowl,4.5,1,4.5,5.12954044342041,1,1,0.6295404434204102,0.6295404434204102,1
The lady is cracking an egg into a bowl,The person is cracking eggs into a bowl,4.400000095367432,1,4.400000095367432,4.896056175231934,1,1,0.49605607986450195,0.49605607986450195,1
The woman is cracking eggs into a bowl,The lady is cracking an egg into a bowl,4.800000190734863,1,4.800000190734863,5.253779888153076,1,1,0.4537796974182129,0.4537796974182129,1
The lady is cracking an egg into a dish,The man is cracking eggs into a bowl,3.200000047683716,0,3.200000047683716,3.4613935947418213,0,0,0.26139354705810547,0.26139354705810547,1
The man is cracking eggs into a bowl,The lady is cracking an egg into a bowl,3.200000047683716,0,3.200000047683716,3.6003921031951904,0,0,0.4003920555114746,0.4003920555114746,1
There is no man cutting tomatoes,A man is cutting tomatoes,3.4000000953674316,2,3.400000095367432,3.5281646251678467,2,2,0.12816452980041504,0.12816452980041504,1
Broccoli are being cut by a woman,A man is cutting tomatoes,1.3650000095367432,0,1.3650000095367432,2.526489496231079,0,0,1.161489486694336,1.161489486694336,1
A woman is not cutting broccoli,A man is cutting tomatoes,2.200000047683716,0,2.200000047683716,2.3124823570251465,0,0,0.11248230934143066,0.11248230934143066,1
A woman is cutting a lemon,A man is cutting a lemon,4.0,0,4.0,3.603693246841431,0,0,-0.3963067531585689,0.3963067531585689,1
A woman is cutting a lemon,A woman is firing a rifle,1.399999976158142,0,1.399999976158142,0.9711665511131288,0,0,-0.4288334250450133,0.4288334250450133,1
There is no man playing guitar,A man is playing guitar,3.799999952316284,2,3.799999952316284,3.5125601291656494,2,2,-0.28743982315063477,0.28743982315063477,1
A man is playing the drums,A man is playing the instrument,4.300000190734863,1,4.300000190734863,4.609874725341797,1,1,0.3098745346069336,0.3098745346069336,1
A man is playing guitar,A man is playing the instrument,4.599999904632568,1,4.599999904632568,4.701736927032471,1,1,0.10173702239990234,0.10173702239990234,1
A man is playing the drums,A man is playing guitar,3.5,0,3.5,3.1513118743896484,0,0,-0.34868812561035156,0.34868812561035156,1
A man is drawing on a digital dry erase board,A man is drawing on a board,4.599999904632568,1,4.599999904632568,4.666235446929932,1,1,0.06623554229736328,0.06623554229736328,1
A man is not drawing on a digital dry erase board,A man is drawing on a digital dry erase board,3.015000104904175,2,3.015000104904175,3.495485544204712,2,2,0.4804854393005371,0.4804854393005371,1
A man is drawing some figures,A man is erasing some figures,4.0,0,4.0,3.76332950592041,0,0,-0.23667049407958984,0.23667049407958984,1
A man is drawing some figures,A man is drawing on a digital dry erase board,3.700000047683716,0,3.700000047683716,3.741971492767334,0,0,0.041971445083618164,0.041971445083618164,1
A woman is slicing tofu,A woman is cutting tofu,4.800000190734863,1,4.800000190734863,5.28770637512207,1,1,0.48770618438720703,0.48770618438720703,1
A woman is cutting tofu,A woman is not cutting tofu,3.4000000953674316,2,3.400000095367432,3.42346739768982,2,2,0.02346730232238814,0.02346730232238814,1
A woman is slicing tofu,A woman is cutting onions,3.0999999046325684,0,3.0999999046325684,3.1981520652771,0,0,0.0981521606445317,0.0981521606445317,1
A group of people are marching,A group of people are walking,3.9000000953674316,1,3.900000095367432,4.434462547302246,1,1,0.5344624519348145,0.5344624519348145,1
A group of people are dancing at a concert,A group of people are standing,2.5,0,2.5,3.264143943786621,0,0,0.7641439437866211,0.7641439437866211,1
A group of people are not dancing at a concert,A group of people are marching,2.0,0,2.0,2.981804847717285,0,0,0.9818048477172852,0.9818048477172852,1
A group of people are dancing at a concert,A group of people are marching,3.0999999046325684,0,3.0999999046325684,3.214268922805786,0,0,0.11426901817321777,0.11426901817321777,1
A man is working on the laptop,A man is working on the computer,4.599999904632568,1,4.599999904632568,4.75395393371582,1,1,0.15395402908325195,0.15395402908325195,1
There is no man working on the laptop,A man is working on the laptop,3.700000047683716,2,3.700000047683716,3.537805557250977,2,2,-0.1621944904327388,0.1621944904327388,1
A man is working on the laptop,The man is feeding the snake with an animal,1.100000023841858,0,1.100000023841858,1.074357271194458,0,0,-0.025642752647399902,0.025642752647399902,1
The man is feeding the snake with a mouse,There is no man working on the laptop,1.100000023841858,0,1.100000023841858,1.130933403968811,0,0,0.030933380126953125,0.030933380126953125,1
The man is feeding the snake with a mouse,A man is working on the laptop,1.0,0,1.0,1.259406566619873,0,0,0.25940656661987305,0.25940656661987305,1
A boy is playing on a toy phone,The man is drawing a gun,1.2000000476837158,0,1.2000000476837158,0.9728025197982788,0,0,-0.227197527885437,0.227197527885437,1
The man is aiming a gun,A girl is playing on a toy phone,1.0,0,1.0,1.0704518556594849,0,0,0.07045185565948486,0.07045185565948486,1
There is no girl riding a horse,A girl is riding a horse,4.099999904632568,2,4.099999904632568,3.5357978343963623,2,2,-0.564202070236206,0.564202070236206,1
The boy is trotting on the horse,The girl is trotting on the horse,2.799999952316284,0,2.799999952316284,3.5620691776275635,0,0,0.7620692253112793,0.7620692253112793,1
A girl is riding a horse,The boy is trotting on the horse,3.799999952316284,0,3.799999952316284,3.1434991359710693,0,0,-0.6565008163452148,0.6565008163452148,1
The girl is trotting on the horse,A horse is being ridden by a girl,4.5,1,4.5,4.8026533126831055,1,1,0.30265331268310547,0.30265331268310547,1
A man is breaking a slab of concrete with a sledge hammer,A man is breaking a block of concrete with a sledge hammer,4.699999809265137,1,4.699999809265137,4.981925964355469,1,1,0.28192615509033203,0.28192615509033203,1
A man is breaking a slab of concrete with a sledge hammer,There is no man breaking a slab of concrete with a sledge hammer,4.5,2,4.5,3.509312391281128,2,2,-0.9906876087188721,0.9906876087188721,1
The man is using a sledgehammer to break a concrete block that is on another man,The man is using a sledgehammer to break a concrete block that is on another person,4.699999809265137,1,4.699999809265137,5.076247215270996,1,1,0.3762474060058594,0.3762474060058594,1
The woman is using a sledgehammer to break a concrete block that is on another man,The man is using a sledgehammer to break a concrete block that is on another man,3.4000000953674316,0,3.400000095367432,4.042797088623047,0,0,0.6427969932556152,0.6427969932556152,1
The man is using a sledgehammer to break a concrete block that is on another person,A man is breaking a slab of concrete with a sledge hammer,4.400000095367432,1,4.400000095367432,4.244462013244629,1,1,-0.15553808212280273,0.15553808212280273,1
The man is using a sledgehammer to break a concrete block that is on another man,A man is breaking a block of concrete with a sledge hammer,4.5,1,4.5,4.290518760681152,1,1,-0.20948123931884766,0.20948123931884766,1
There is no man breaking a slab of concrete with a sledge hammer,The man is using a sledgehammer to break a concrete block that is on another man,3.5,2,3.5,3.06141209602356,2,0,-0.43858790397644,0.43858790397644,0
The man is using a sledgehammer to break a concrete block that is on another man,A man is breaking a slab of concrete with a sledge hammer,4.5,1,4.5,4.054814338684082,1,0,-0.44518566131591797,0.44518566131591797,0
A dog is barking at a ball,An animal is barking at a ball,4.199999809265137,1,4.199999809265137,5.073470115661621,1,1,0.8734703063964844,0.8734703063964844,1
A dog is swimming after a tennis ball,A dog is swimming after a ball,4.400000095367432,1,4.400000095367432,4.945944309234619,1,1,0.5459442138671875,0.5459442138671875,1
A dog is swimming after a ball,A dog is barking at a ball,3.299999952316284,0,3.299999952316284,3.269169569015503,0,0,-0.03083038330078125,0.03083038330078125,1
A dog is swimming after a tennis ball,An animal is barking at a ball,2.0999999046325684,0,2.0999999046325684,2.8740246295928955,0,0,0.7740247249603271,0.7740247249603271,1
A girl is eating a cupcake,A boy is eating a cupcake,3.9000000953674316,0,3.900000095367432,3.603299856185913,0,0,-0.29670023918151855,0.29670023918151855,1
A woman is eating a cupcake,A woman is eating a cake,4.0,0,4.0,5.042477607727051,0,1,1.0424776077270508,1.0424776077270508,0
A girl is eating a cupcake,A woman is eating a cake,3.4000000953674316,0,3.400000095367432,3.905210256576538,0,0,0.5052101612091064,0.5052101612091064,1
A cupcake is being eaten by a girl,A woman is eating a cupcake,3.9000000953674316,0,3.900000095367432,4.062849044799805,0,0,0.16284894943237305,0.16284894943237305,1
A girl is eating a cupcake,A woman is eating a cupcake,3.799999952316284,0,3.799999952316284,3.928029775619507,0,0,0.12802982330322266,0.12802982330322266,1
A man is talking,A man is speaking,4.900000095367432,1,4.900000095367432,5.151603698730469,1,1,0.2516036033630371,0.2516036033630371,1
A man is speaking,There is no man speaking,3.0999999046325684,2,3.0999999046325684,3.431745767593384,2,2,0.33174586296081543,0.33174586296081543,1
A man is spitting,A person is spitting,4.699999809265137,1,4.699999809265137,5.04635763168335,1,1,0.3463578224182129,0.3463578224182129,1
There is no man spitting,A man is spitting,3.799999952316284,2,3.799999952316284,3.5420563220977783,2,2,-0.25794363021850586,0.25794363021850586,1
A man is speaking,A person is spitting,2.200000047683716,0,2.200000047683716,2.298321008682251,0,0,0.09832096099853516,0.09832096099853516,1
A man is spitting,A man is speaking,2.799999952316284,0,2.799999952316284,2.0978822708129883,0,0,-0.7021176815032959,0.7021176815032959,1
A man is playing keyboards,A man is playing an instrument,4.300000190734863,1,4.300000190734863,4.604851722717285,1,1,0.3048515319824219,0.3048515319824219,1
A man is playing keyboards,A man is falling off a mechanical bull,1.399999976158142,0,1.399999976158142,1.0970865488052368,0,0,-0.3029134273529053,0.3029134273529053,1
A man is cutting a boot with a sword,There is no man cutting a boot with a sword,3.299999952316284,2,3.299999952316284,3.507572889328003,2,2,0.20757293701171875,0.20757293701171875,1
There is no man cutting a boot with a sword,A man is severing the toe of an empty leather boot with a sword,3.700000047683716,2,3.700000047683716,3.627509355545044,2,2,-0.07249069213867188,0.07249069213867188,1
A chef is cleaning a bowl of soup,A chef is getting a bowl of soup dirty,3.299999952316284,0,3.299999952316284,4.817969799041748,0,1,1.5179698467254639,1.5179698467254639,0
A man is wiping the edge of a bowl,A man is cleaning the edge of a bowl,4.900000095367432,1,4.900000095367432,5.163797855377197,1,1,0.2637977600097656,0.2637977600097656,1
A chef is cleaning a bowl of soup,A man is cleaning the edge of a bowl,3.5,0,3.5,3.904418468475342,0,0,0.4044184684753418,0.4044184684753418,1
There is no man wiping the edge of a bowl,A chef is cleaning a bowl of soup,2.700000047683716,0,2.700000047683716,3.1332263946533203,0,0,0.4332263469696045,0.4332263469696045,1
A bowl of soup is being cleaned by a chef,A man is wiping the edge of a bowl,3.5,0,3.5,4.159407138824463,0,0,0.6594071388244629,0.6594071388244629,1
A chef is getting a bowl of soup dirty,A man is wiping the edge of a bowl,3.200000047683716,0,3.200000047683716,3.246835947036743,0,0,0.046835899353027344,0.046835899353027344,1
A young boy is singing and playing a guitar,A kid is singing and playing a guitar,4.5,1,4.5,5.0223236083984375,1,1,0.5223236083984375,0.5223236083984375,1
A young boy is singing and playing a guitar,There is no young boy singing and playing a guitar,3.5999999046325684,2,3.5999999046325684,3.4459762573242188,2,2,-0.1540236473083496,0.1540236473083496,1
A kid is playing the guitar,There is no young boy singing and playing a guitar,3.4000000953674316,0,3.400000095367432,3.464277029037476,0,0,0.06427693367004439,0.06427693367004439,1
A young boy is singing and playing a guitar,The guitar is being played by a kid,4.400000095367432,1,4.400000095367432,4.664518356323242,1,1,0.26451826095581055,0.26451826095581055,1
Someone is stirring chili in a kettle,Someone is stirring chili in a pot,4.199999809265137,1,4.199999809265137,4.725151538848877,1,1,0.5251517295837402,0.5251517295837402,1
Someone is stirring chili in a kettle,A pot of chili is being stirred by someone with a spoon,4.400000095367432,1,4.400000095367432,4.146374702453613,1,0,-0.25362539291381836,0.25362539291381836,0
Nobody is stirring a pot of chili with a spoon,Someone is stirring chili in a kettle,3.200000047683716,0,3.200000047683716,3.608699083328247,0,0,0.40869903564453125,0.40869903564453125,1
Someone is stirring chili in a kettle,Someone is stirring a pot of chili with a spoon,4.099999904632568,0,4.099999904632568,4.144399642944336,0,0,0.04439973831176758,0.04439973831176758,1
A person is eating at a table,A person is not eating at a table,3.950000047683716,2,3.950000047683716,3.4392764568328857,2,2,-0.5107235908508301,0.5107235908508301,1
A person is not making a bed,A person is making a bed,3.0,2,3.0,3.518977403640747,2,2,0.5189774036407471,0.5189774036407471,1
A man is making a bed,A person is eating at a table,1.0,0,1.0,1.123948574066162,0,0,0.12394857406616211,0.12394857406616211,1
A person is not eating at a table,A person is making a bed,1.2999999523162842,0,1.2999999523162842,1.4120030403137207,0,0,0.11200308799743652,0.11200308799743652,1
A cat is playing with a small bottle,An animal is playing with a small bottle,4.400000095367432,1,4.400000095367432,4.854495525360107,1,1,0.4544954299926758,0.4544954299926758,1
A cat is playing with a small bottle,A cat is playing with a big bottle,3.5,0,3.5,3.715974092483521,0,0,0.21597409248352095,0.21597409248352095,1
A bottle is being licked by the cat,The cat is licking a bottle,4.900000095367432,1,4.900000095367432,5.2587103843688965,1,1,0.35871028900146484,0.35871028900146484,1
A cat is playing with a small bottle,The dog is licking a bottle,1.7999999523162842,0,1.7999999523162842,2.8737213611602783,0,0,1.0737214088439941,1.0737214088439941,1
The cat is licking a bottle,An animal is playing with a small bottle,3.5999999046325684,0,3.5999999046325684,3.978057146072388,0,0,0.3780572414398198,0.3780572414398198,1
The cat is licking a bottle,A cat is playing with a big bottle,3.700000047683716,0,3.700000047683716,4.207164764404297,0,0,0.507164716720581,0.507164716720581,1
A small dog is lying on the bed,A small dog is lying on a bed,5.0,1,5.0,5.139485836029053,1,1,0.13948583602905273,0.13948583602905273,1
A small dog is lying on a bed,A small cat is lying on a bed,3.200000047683716,0,3.200000047683716,3.0306172370910645,0,0,-0.16938281059265137,0.16938281059265137,1
A small dog is lying on the bed,A small dog is lying under the bed,3.5,0,3.5,3.876399040222168,0,0,0.37639904022216797,0.37639904022216797,1
A small dog is lying on a bed,A small animal is lying on the bed,4.400000095367432,1,4.400000095367432,4.931742668151856,1,1,0.5317425727844247,0.5317425727844247,1
A small dog is lying on a bed,A small dog is lying under the bed,3.0999999046325684,0,3.0999999046325684,3.835795402526856,0,0,0.7357954978942876,0.7357954978942876,1
There is no woman slicing tofu,A woman is slicing tofu,3.5999999046325684,2,3.5999999046325684,3.5219452381134038,2,2,-0.0780546665191646,0.0780546665191646,1
A woman is slicing butter,Tofu is being sliced by a woman,2.700000047683716,0,2.700000047683716,3.135774850845337,0,0,0.4357748031616211,0.4357748031616211,1
A woman is slicing tofu,A woman is cutting butter,3.0999999046325684,0,3.0999999046325684,3.1358211040496826,0,0,0.03582119941711426,0.03582119941711426,1
A woman is slicing tofu,A man is slicing butter,2.9000000953674316,0,2.900000095367432,2.481263399124145,0,0,-0.4187366962432866,0.4187366962432866,1
A woman is slicing tofu,A woman is slicing butter,3.4000000953674316,0,3.400000095367432,3.1415374279022217,0,0,-0.25846266746520996,0.25846266746520996,1
The man is not playing the guitar,The man is playing the guitar,3.200000047683716,2,3.200000047683716,3.4725441932678223,2,2,0.27254414558410645,0.27254414558410645,1
The man is playing with a skull,The person is playing with a skull,4.800000190734863,1,4.800000190734863,5.069109916687012,1,1,0.26910972595214844,0.26910972595214844,1
There is no man playing with a skull,The man is playing with a skull,2.299999952316284,2,2.299999952316284,3.595916509628296,2,2,1.2959165573120117,1.2959165573120117,1
The man is playing the guitar,There is no man playing with a skull,1.2000000476837158,0,1.2000000476837158,1.2433758974075315,0,0,0.043375849723815696,0.043375849723815696,1
The man is sprinkling cheese on the pizza,There is no man sprinkling cheese on the pizza,3.0999999046325684,2,3.0999999046325684,3.46687388420105,2,2,0.36687397956848145,0.36687397956848145,1
The cook is sprinkling cheese on the pizza,A man is putting some cheese on a pizza,4.199999809265137,0,4.199999809265137,4.222222328186035,0,0,0.022222518920898438,0.022222518920898438,1
Some cheese is being put on a pizza by a man,The man is sprinkling cheese on the pizza,4.699999809265137,1,4.699999809265137,5.188647270202637,1,1,0.4886474609375,0.4886474609375,1
There is no man putting some cheese on a pizza,The man is sprinkling cheese on the pizza,3.200000047683716,2,3.200000047683716,3.595301389694214,2,2,0.39530134201049805,0.39530134201049805,1
The man is sprinkling cheese on the pizza,A man is putting some cheese on a pizza,4.699999809265137,1,4.699999809265137,5.092844486236572,1,1,0.39284467697143555,0.39284467697143555,1
A man is firing a shotgun,A man is firing a gun,4.699999809265137,1,4.699999809265137,4.764960765838623,1,1,0.06496095657348633,0.06496095657348633,1
A man is shooting a shotgun,A man is shooting a weapon,4.599999904632568,1,4.599999904632568,4.624594688415527,1,1,0.024594783782958984,0.024594783782958984,1
A man is shooting a shotgun,There is no man shooting a shotgun,3.200000047683716,2,3.200000047683716,3.450366735458374,2,2,0.2503666877746582,0.2503666877746582,1
A man is firing a shotgun,A man is shooting a weapon,4.900000095367432,1,4.900000095367432,4.648904323577881,1,1,-0.2510957717895508,0.2510957717895508,1
A man is shooting a shotgun,A man is firing a gun,4.300000190734863,1,4.300000190734863,4.662520408630371,1,1,0.3625202178955078,0.3625202178955078,1
A man is shooting a shotgun,A man is firing a shotgun,4.900000095367432,1,4.900000095367432,5.211544513702393,1,1,0.31154441833496094,0.31154441833496094,1
A famous singer is dancing on the ceiling,A great singer is dancing on the ceiling,4.300000190734863,1,4.300000190734863,5.041259765625,1,1,0.7412595748901367,0.7412595748901367,1
There is no famous singer dancing on the ceiling,A famous singer is dancing on the ceiling,3.799999952316284,2,3.799999952316284,3.5812675952911377,2,2,-0.21873235702514648,0.21873235702514648,1
A man is dancing on the ceiling,A person is dancing on the ceiling,4.5,1,4.5,4.94075870513916,1,1,0.44075870513916016,0.44075870513916016,1
A man is dancing on the floor,A famous singer is dancing on the ceiling,2.799999952316284,0,2.799999952316284,3.607434511184693,0,0,0.8074345588684086,0.8074345588684086,1
A man is dancing on the ceiling,A great singer is dancing on the ceiling,3.9000000953674316,0,3.900000095367432,4.066308975219727,0,0,0.16630887985229492,0.16630887985229492,1
A man is dancing on the ceiling,There is no famous singer dancing on the ceiling,3.0999999046325684,0,3.0999999046325684,3.1492106914520264,0,0,0.04921078681945801,0.04921078681945801,1
A cow is eating grass,A cow is grazing,4.5,1,4.5,3.7217235565185542,1,0,-0.7782764434814458,0.7782764434814458,0
A cow is eating grass,A cow is not eating grass,3.9000000953674316,2,3.900000095367432,3.400402307510376,2,2,-0.49959778785705566,0.49959778785705566,1
A cow is not eating hay,A cow is eating hay,3.700000047683716,2,3.700000047683716,3.4655873775482178,2,2,-0.23441267013549805,0.23441267013549805,1
Hay is being eaten by a cow,A cow is eating grass,4.099999904632568,1,4.099999904632568,3.868704080581665,1,0,-0.23129582405090332,0.23129582405090332,0
A cow is eating hay,A cow is grazing,4.199999809265137,1,4.199999809265137,3.791710376739502,1,0,-0.40828943252563477,0.40828943252563477,0
A cow is eating hay,A cow is not eating grass,3.0999999046325684,0,3.0999999046325684,3.8252220153808594,0,0,0.725222110748291,0.725222110748291,1
A cow is eating grass,A cow is eating hay,4.199999809265137,1,4.199999809265137,3.6366868019104,1,0,-0.5633130073547368,0.5633130073547368,0
A woman is dancing gracefully,A woman is dancing,4.599999904632568,1,4.599999904632568,4.692561626434326,1,1,0.09256172180175781,0.09256172180175781,1
A woman is dancing,A woman is sleeping,3.0,0,3.0,1.7849843502044678,0,0,-1.2150156497955322,1.2150156497955322,1
A man is having lunch,A woman is dancing,1.0,0,1.0,1.0887658596038818,0,0,0.08876585960388184,0.08876585960388184,1
A tiger cub is playing with a ball,A baby tiger is playing with a ball,4.900000095367432,1,4.900000095367432,4.846388816833496,1,1,-0.05361127853393555,0.05361127853393555,1
A baby is playing with a doll,There is no baby tiger playing with a ball,3.0999999046325684,0,3.0999999046325684,2.0325686931610107,0,0,-1.0674312114715576,1.0674312114715576,1
A baby tiger is playing with a ball,A baby is not playing with a doll,2.0999999046325684,0,2.0999999046325684,1.6935893297195437,0,0,-0.4064105749130247,0.4064105749130247,1
The man is playing a game on the grass,The animal is grazing on the grass,2.0999999046325684,0,2.0999999046325684,1.6278308629989624,0,0,-0.47216904163360596,0.47216904163360596,1
The rhino is grazing on the grass,There is no man playing a game on the grass,1.7000000476837158,0,1.7000000476837158,1.6267536878585815,0,0,-0.07324635982513428,0.07324635982513428,1
A man is talking to a woman,A man and a woman are speaking,4.800000190734863,1,4.800000190734863,4.821753978729248,1,1,0.021753787994384766,0.021753787994384766,1
A man is talking to a boy,A man is talking to a woman,3.4000000953674316,0,3.400000095367432,3.098579406738281,0,0,-0.30142068862915083,0.30142068862915083,1
A man is cracking eggs,A woman is cracking eggs,3.5999999046325684,0,3.5999999046325684,3.5938854217529297,0,0,-0.006114482879638672,0.006114482879638672,1
A man and a woman are speaking,A woman is cracking eggs,1.399999976158142,0,1.399999976158142,1.0782662630081177,0,0,-0.3217337131500244,0.3217337131500244,1
A woman is cracking eggs,A man is talking to a boy,1.0,0,1.0,0.9956101179122924,0,0,-0.0043898820877076306,0.0043898820877076306,1
A man is talking to a woman,A woman is cracking eggs,1.0,0,1.0,1.0692073106765747,0,0,0.06920731067657471,0.06920731067657471,1
A man is riding a bicycle,A man is not riding a bicycle,3.0,2,3.0,3.409036874771118,2,2,0.40903687477111816,0.40903687477111816,1
A person is riding an electric bicycle,A man is riding a bicycle,4.199999809265137,0,4.199999809265137,4.620677471160889,0,1,0.42067766189575195,0.42067766189575195,0
A man is riding a bicycle,There is no man riding an electric bicycle,3.5,0,3.5,3.664517879486084,0,0,0.16451787948608398,0.16451787948608398,1
A man is riding an electric bicycle,A man is riding a bicycle,4.300000190734863,1,4.300000190734863,4.808320045471191,1,1,0.5083198547363281,0.5083198547363281,1
A dog is jumping into a box,A cat is jumping into a box,2.5999999046325684,0,2.5999999046325684,3.442970991134644,0,0,0.8429710865020756,0.8429710865020756,1
An old man is talking to a leaf,A young man is talking to a leaf,3.9149999618530273,0,3.9149999618530273,3.5676190853118896,0,0,-0.3473808765411377,0.3473808765411377,1
A boy is talking to a leaf,A cat is jumping into a box,1.0,0,1.0,1.0464284420013428,0,0,0.04642844200134277,0.04642844200134277,1
An old man is talking to a leaf,A cat is jumping into a box,1.5,0,1.5,0.9983856678009032,0,0,-0.5016143321990968,0.5016143321990968,1
A cat is jumping into a container,A young man is talking to a leaf,1.0,0,1.0,0.9934487342834472,0,0,-0.006551265716552845,0.006551265716552845,1
A young man is talking to a leaf,A dog is jumping into a box,1.0,0,1.0,1.0245988368988037,0,0,0.02459883689880371,0.02459883689880371,1
There is no man cutting a fish,A man is cutting a fish,3.799999952316284,2,3.799999952316284,3.558540344238281,2,2,-0.24145960807800337,0.24145960807800337,1
A man is slicing a fish,A fish is being sliced by a man,4.900000095367432,1,4.900000095367432,5.187190055847168,1,1,0.28718996047973633,0.28718996047973633,1
A man is cutting a fish,A woman is slicing a fish,3.0,0,3.0,3.463303327560425,0,0,0.4633033275604248,0.4633033275604248,1
A man is slicing a fish,There is no man cutting a fish,2.799999952316284,2,2.799999952316284,3.4540510177612305,2,2,0.6540510654449463,0.6540510654449463,1
A man is slicing a fish,A man is cutting a fish,4.699999809265137,1,4.699999809265137,5.172021389007568,1,1,0.47202157974243164,0.47202157974243164,1
A person is not frying,A person is frying some food,4.0,2,4.0,3.54081392288208,2,2,-0.4591860771179199,0.4591860771179199,1
A person is peeling a potato,There is no person peeling a potato,4.199999809265137,2,4.199999809265137,3.5067451000213623,2,2,-0.6932547092437744,0.6932547092437744,1
There is no person peeling a potato,A person is frying some food,2.0,0,2.0,2.811199903488159,0,0,0.8111999034881592,0.8111999034881592,1
A person is cooking some food,A person is peeling a potato,2.9000000953674316,0,2.900000095367432,3.0506393909454346,0,0,0.15063929557800293,0.15063929557800293,1
A person is not frying,A person is peeling a potato,1.600000023841858,0,1.600000023841858,2.462714195251465,0,0,0.8627141714096069,0.8627141714096069,1
A person is frying some food,A person is peeling a potato,2.4000000953674316,0,2.400000095367432,3.1087803840637207,0,0,0.7087802886962891,0.7087802886962891,1
A man is rowing a boat,A woman is rowing a boat,2.799999952316284,0,2.799999952316284,3.746241569519043,0,0,0.9462416172027588,0.9462416172027588,1
A man is shooting with a gun,A man is shooting with a weapon,4.400000095367432,1,4.400000095367432,5.045847415924072,1,1,0.6458473205566406,0.6458473205566406,1
A man is shooting with a bow,A man is shooting with a gun,3.5999999046325684,2,3.5999999046325684,4.568604946136475,2,1,0.9686050415039062,0.9686050415039062,0
A man is rowing a boat,A man is shooting with a gun,1.600000023841858,0,1.600000023841858,1.0810341835021973,0,0,-0.5189658403396606,0.5189658403396606,1
A woman is dancing near a fire,A woman is dancing near a fireplace,4.199999809265137,0,4.199999809265137,5.063888549804688,0,1,0.8638887405395517,0.8638887405395517,0
A woman is dancing near a fire,There is no woman dancing near a fire,3.700000047683716,2,3.700000047683716,3.469225645065308,2,2,-0.23077440261840776,0.23077440261840776,1
A man is playing a guitar,A man is not playing a guitar,2.799999952316284,2,2.799999952316284,3.380976915359497,2,2,0.5809769630432129,0.5809769630432129,1
A guitar is being played by a girl,A man is playing a guitar,3.0999999046325684,0,3.0999999046325684,3.60550856590271,0,0,0.5055086612701416,0.5055086612701416,1
A man is playing a guitar,A boy is playing a guitar,3.299999952316284,0,3.299999952316284,3.8111941814422607,0,0,0.5111942291259766,0.5111942291259766,1
A man is playing a guitar,A girl is playing a guitar,3.299999952316284,0,3.299999952316284,3.611381053924561,0,0,0.3113811016082768,0.3113811016082768,1
A man is diving off a rock,A man is diving off a cliff,3.799999952316284,0,3.799999952316284,4.602885246276856,0,1,0.8028852939605722,0.8028852939605722,0
A motorcycle is being ridden by a man,A man is diving off a cliff,1.2999999523162842,0,1.2999999523162842,1.204017996788025,0,0,-0.09598195552825928,0.09598195552825928,1
A man is diving off a cliff,There is no man riding a motorcycle,1.899999976158142,0,1.899999976158142,1.183401584625244,0,0,-0.7165983915328982,0.7165983915328982,1
A man is riding a motorcycle,There is no man diving off a cliff,1.600000023841858,0,1.600000023841858,1.2494168281555176,0,0,-0.35058319568634033,0.35058319568634033,1
The woman is playing the guitar,The man is playing the guitar,3.299999952316284,0,3.299999952316284,3.732177495956421,0,0,0.4321775436401367,0.4321775436401367,1
The man is playing the guitar,The person is playing the guitar,4.5,1,4.5,5.075012683868408,1,1,0.5750126838684082,0.5750126838684082,1
The man is playing the guitar,The woman is playing the guitar,3.799999952316284,0,3.799999952316284,3.6213459968566895,0,0,-0.17865395545959473,0.17865395545959473,1
Someone is stirring noodles in the water,Nobody is stirring noodles in the water,4.099999904632568,2,4.099999904632568,3.471808910369873,2,2,-0.6281909942626953,0.6281909942626953,1
A woman is boiling noodles in water,Nobody is stirring noodles in the water,3.4000000953674316,0,3.400000095367432,3.496737241744995,0,0,0.09673714637756348,0.09673714637756348,1
Someone is stirring noodles in the water,A man is boiling noodles in water,4.0,0,4.0,4.01230525970459,0,0,0.012305259704589844,0.012305259704589844,1
Two women are dancing and singing in front of a crowd,Two women are dancing and singing in front of many people,4.699999809265137,1,4.699999809265137,4.81936502456665,1,1,0.11936521530151367,0.11936521530151367,1
Two women are dancing and singing in front of a crowd,Two men are dancing and singing in front of a crowd,4.099999904632568,0,4.099999904632568,3.586512565612793,0,0,-0.5134873390197754,0.5134873390197754,1
Two women are dancing and singing in front of a crowd,The persons are singing and dancing,4.400000095367432,1,4.400000095367432,4.533247470855713,1,1,0.13324737548828125,0.13324737548828125,1
Two women are dancing and singing in front of a crowd,The women are singing and dancing,4.400000095367432,1,4.400000095367432,4.650064468383789,1,1,0.2500643730163574,0.2500643730163574,1
A lemur is biting a person's finger,An animal is biting a person's finger,4.199999809265137,1,4.199999809265137,4.822905540466309,1,1,0.6229057312011719,0.6229057312011719,1
A lemur is licking a person's finger,A lemur is biting a person's finger,3.5999999046325684,0,3.5999999046325684,4.04383659362793,0,0,0.44383668899536133,0.44383668899536133,1
An animal is biting someone's finger,An animal is biting somebody's hand,4.5,1,4.5,4.890549182891846,1,1,0.3905491828918457,0.3905491828918457,1
A lemur is biting a person's finger,An animal is biting somebody's hand,4.400000095367432,0,4.400000095367432,4.237091064453125,0,1,-0.16290903091430664,0.16290903091430664,0
A lemur is biting a person's finger,An animal is biting someone's finger,4.699999809265137,1,4.699999809265137,4.732735633850098,1,1,0.03273582458496094,0.03273582458496094,1
A boy is skateboarding on a half pipe,A man is skateboarding on a half pipe,3.9000000953674316,0,3.900000095367432,4.021865367889404,0,0,0.12186527252197266,0.12186527252197266,1
A skateboarder is doing acrobatics on a half pipe,A skateboarder is doing tricks on a half pipe,4.599999904632568,1,4.599999904632568,5.100530624389648,1,1,0.5005307197570801,0.5005307197570801,1
A skateboarder is falling off a half pipe,A skateboarder is doing tricks on a half pipe,3.200000047683716,0,3.200000047683716,3.829007625579834,0,0,0.6290075778961182,0.6290075778961182,1
A skateboarder is doing tricks on a half pipe,A boy is skateboarding on a half pipe,4.099999904632568,0,4.099999904632568,4.559284210205078,0,1,0.45928430557250977,0.45928430557250977,0
A dog is sitting on the ground,A dog is running on the ground,4.0,0,4.0,3.479414224624634,0,0,-0.5205857753753662,0.5205857753753662,1
The girl is tapping her fingernails,A girl is tapping her fingernails,4.900000095367432,1,4.900000095367432,5.145020484924316,1,1,0.24502038955688477,0.24502038955688477,1
A dog is running on the ground,The girl is tapping her fingernails,1.0,0,1.0,1.064800500869751,0,0,0.06480050086975098,0.06480050086975098,1
A boy is tapping his fingernails,A dog is running on the ground,1.2000000476837158,0,1.2000000476837158,1.0446451902389526,0,0,-0.15535485744476318,0.15535485744476318,1
A girl is tapping her fingernails,A big dog is running on the ground,1.0,0,1.0,1.0186136960983276,0,0,0.018613696098327637,0.018613696098327637,1
A man and a woman are driving down the road in a car,A man and a woman are driving down the road in an open-air vehicle,4.300000190734863,0,4.300000190734863,4.212774753570557,0,0,-0.08722543716430664,0.08722543716430664,1
A man and a woman are driving down the road in an open-air vehicle,Two men are driving down the road in an open-air vehicle,3.7750000953674316,0,3.775000095367432,4.893475532531738,0,1,1.1184754371643066,1.1184754371643066,0
Two men are driving down the road in an open-air vehicle,A man and a woman are driving down the street in a jeep,3.5,0,3.5,3.819249868392944,0,0,0.3192498683929439,0.3192498683929439,1
The woman is not seasoning the oil,The woman is seasoning the oil,3.0999999046325684,2,3.0999999046325684,3.50281310081482,2,2,0.4028131961822514,0.4028131961822514,1
The woman is not seasoning the oil,A woman is pouring ingredients into a bowl,3.4000000953674316,0,3.400000095367432,3.2047243118286133,0,0,-0.19527578353881836,0.19527578353881836,1
The woman is seasoning the oil,There is no woman pouring ingredients into a bowl,3.200000047683716,0,3.200000047683716,3.0217273235321045,0,0,-0.17827272415161133,0.17827272415161133,1
A woman is pouring ingredients into a bowl,The woman is seasoning the oil,2.700000047683716,0,2.700000047683716,3.534207820892334,0,0,0.8342077732086182,0.8342077732086182,1
A person is riding a horse,A person is riding a motorbike,2.200000047683716,0,2.200000047683716,2.832236766815185,0,0,0.6322367191314693,0.6322367191314693,1
Potatoes are being sliced by a woman,A woman is slicing potatoes,4.900000095367432,1,4.900000095367432,5.298075199127197,1,1,0.3980751037597656,0.3980751037597656,1
There is no woman slicing potatoes,A woman is slicing potatoes,4.0,2,4.0,3.51079535484314,2,2,-0.4892046451568599,0.4892046451568599,1
A person is riding a motorbike,A woman is slicing potatoes,1.0,0,1.0,1.000240683555603,0,0,0.00024068355560302734,0.00024068355560302734,1
Two men are boxing,Two men are fighting,4.0,1,4.0,4.225727558135986,1,0,0.22572755813598633,0.22572755813598633,0
Two men are hugging,Two men are fighting,3.200000047683716,0,3.200000047683716,3.3015544414520264,0,0,0.10155439376831055,0.10155439376831055,1
The man is doing exercises,Two men are boxing,2.799999952316284,0,2.799999952316284,1.9863498210906985,0,0,-0.8136501312255857,0.8136501312255857,1
The man is training,Two men are fighting,1.7000000476837158,0,1.7000000476837158,2.53491759300232,0,0,0.834917545318604,0.834917545318604,1
A man is putting vegetables into a pot,Vegetables are being put into a pot by a man,4.699999809265137,1,4.699999809265137,5.229798316955566,1,1,0.5297985076904297,0.5297985076904297,1
A man is removing vegetables from a pot,A man is putting vegetables into a pot,3.299999952316284,0,3.299999952316284,3.628478765487671,0,0,0.3284788131713867,0.3284788131713867,1
Someone is pouring ingredients into a pot,Someone is adding ingredients to a pot,4.400000095367432,1,4.400000095367432,4.922364234924316,1,1,0.5223641395568848,0.5223641395568848,1
Nobody is pouring ingredients into a pot,Someone is pouring ingredients into a pot,3.5,2,3.5,3.5439274311065674,2,2,0.04392743110656738,0.04392743110656738,1
Someone is pouring ingredients into a pot,A man is removing vegetables from a pot,2.4000000953674316,0,2.400000095367432,3.18464732170105,0,0,0.7846472263336182,0.7846472263336182,1
A man is putting vegetables into a pot,Someone is pouring ingredients into a pot,4.199999809265137,1,4.199999809265137,4.860115051269531,1,1,0.6601152420043945,0.6601152420043945,1
The man is standing on a rocky mountain and gray clouds are in the background,The man is not standing on a rocky mountain and gray clouds are not in the background,3.4000000953674316,2,3.400000095367432,3.51572585105896,2,2,0.11572575569152832,0.11572575569152832,1
A black topless person is packing a pile of rocks and a front of clouds are in the background,A topless person with a back pack is in front of a pile of rocks and clouds are in the background,3.200000047683716,0,3.200000047683716,4.150999546051025,0,0,0.9509994983673096,0.9509994983673096,1
"A person with a back pack, who is topless, is in front of a pile of rocks and clouds are in the background",The man is standing on a rocky mountain and gray clouds are in the background,3.5999999046325684,0,3.5999999046325684,2.2086756229400635,0,0,-1.3913242816925049,1.3913242816925049,1
A topless person with a back pack is in front of a pile of rocks and clouds are in the background,"The man is standing on a mountain, which is rocky, and gray clouds are in the background",3.700000047683716,0,3.700000047683716,2.3657615184783936,0,0,-1.3342385292053223,1.3342385292053223,1
The man is not standing on a rocky mountain and gray clouds are not in the background,A topless person with a back pack is in front of a pile of rocks and clouds are in the background,2.299999952316284,0,2.299999952316284,2.3839001655578613,0,0,0.08390021324157715,0.08390021324157715,1
A topless person with a back pack is in front of a pile of rocks and clouds are in the background,The man is standing on a rocky mountain and gray clouds are in the background,3.0999999046325684,0,3.0999999046325684,2.382087469100952,0,0,-0.7179124355316162,0.7179124355316162,1
A dog is catching a ball,There is no dog catching a ball,2.9000000953674316,2,2.900000095367432,3.4173991680145264,2,2,0.5173990726470947,0.5173990726470947,1
A dog is furiously chasing a ball through dirt,A dog is chasing a ball through dirt,4.5,1,4.5,4.963945388793945,1,1,0.4639453887939453,0.4639453887939453,1
A dog is catching a ball,A dog is leaving a ball in the dirt,2.9000000953674316,0,2.900000095367432,3.392578363418579,0,0,0.49257826805114746,0.49257826805114746,1
A dog is chasing a ball through dirt,The dog is catching a ball,3.684999942779541,0,3.684999942779541,4.424570560455322,0,1,0.7395706176757812,0.7395706176757812,0
A dog is chasing a ball through dirt,There is no dog catching a ball,3.4149999618530273,0,3.414999961853028,3.443323135375977,0,2,0.028323173522949663,0.028323173522949663,0
A boy in a blue shirt has dirt on his face,A boy in a blue dyed shirt has dirt on his face,4.699999809265137,1,4.699999809265137,5.065358638763428,1,1,0.365358829498291,0.365358829498291,1
A topless boy has a clean face,A boy in a blue shirt has dirt on his face,2.4000000953674316,0,2.400000095367432,3.07285213470459,0,0,0.6728520393371582,0.6728520393371582,1
A boy has a blue face and dirt on the shirt,A boy in a blue shirt has dirt on his face,3.4000000953674316,0,3.400000095367432,4.679315567016602,0,1,1.27931547164917,1.27931547164917,0
A boy in a blue shirt has dirt on his face,There is no blond child holding a yellow bottle,1.7000000476837158,0,1.7000000476837158,1.5153286457061768,0,0,-0.18467140197753906,0.18467140197753906,1
A topless boy has a clean face,A blond child is holding a yellow bottle,1.7000000476837158,0,1.7000000476837158,1.4353234767913818,0,0,-0.264676570892334,0.264676570892334,1
A boy in a blue shirt has dirt on his face,A blond child is holding a yellow bottle,1.7999999523162842,0,1.7999999523162842,1.5760600566864014,0,0,-0.2239398956298828,0.2239398956298828,1
A man in a hat is pacing through a store,A man in a hat is walking through a store,4.300000190734863,1,4.300000190734863,4.760946273803711,1,1,0.46094608306884766,0.46094608306884766,1
A man in a hat is walking through a store,A man in a hat is walking past a store,4.099999904632568,0,4.099999904632568,4.716843128204346,0,1,0.6168432235717773,0.6168432235717773,0
A walker is in a hat store for men,A man in a hat is walking through a store,3.299999952316284,0,3.299999952316284,4.045571327209473,0,0,0.7455713748931885,0.7455713748931885,1
The man in a cowboy hat is walking through a market and is putting a hand in his pocket,A man in a hat is walking past a store,3.5,0,3.5,4.296413421630859,0,1,0.7964134216308594,0.7964134216308594,0
The man in a cowboy hat is walking through a market and is putting a hand in his pocket,A walker is in a hat store for men,1.899999976158142,0,1.899999976158142,3.367774248123169,0,0,1.4677742719650269,1.4677742719650269,1
A large white crane is flying far above the water,A large white crane is flying near the water,3.700000047683716,0,3.700000047683716,3.895330667495728,0,2,0.19533061981201216,0.19533061981201216,0
A white bird is landing swiftly in the water,The white bird is landing swiftly in the water,4.900000095367432,1,4.900000095367432,5.158663749694824,1,1,0.2586636543273926,0.2586636543273926,1
A white bird is landing swiftly in the water,A large white crane is flying near the water,3.5999999046325684,0,3.5999999046325684,3.799217462539673,0,0,0.1992175579071045,0.1992175579071045,1
A brown dog is calmly standing in the water,A brown dog is standing in the water,4.400000095367432,1,4.400000095367432,4.840292930603027,1,1,0.4402928352355957,0.4402928352355957,1
There is no brown dog standing in the water,A brown dog is standing in the water,3.799999952316284,2,3.799999952316284,3.587943315505981,2,2,-0.21205663681030318,0.21205663681030318,1
A dog with golden fur is in the water,A dog with golden fur is out of the water,3.700000047683716,2,3.700000047683716,3.562810182571411,2,2,-0.1371898651123047,0.1371898651123047,1
A dog with a golden coat is in the water,A brown dog is standing in the water,3.4000000953674316,0,3.400000095367432,3.774083137512207,0,0,0.3740830421447754,0.3740830421447754,1
A dog with golden fur is out of the water,A brown dog is standing in the water,3.4000000953674316,0,3.400000095367432,3.510768413543701,0,0,0.11076831817626953,0.11076831817626953,1
A dog with golden fur is in the water,A brown dog is standing in the water,3.799999952316284,0,3.799999952316284,3.908082008361816,0,0,0.10808205604553178,0.10808205604553178,1
"A girl in a blue shirt, who looks young, is walking on the sidewalk and holding up a pink sign",A young girl in a blue shirt is walking on the sidewalk and holding up a pink sign,4.900000095367432,1,4.900000095367432,5.091289520263672,1,1,0.19128942489624023,0.19128942489624023,1
A young girl in a blue shirt is walking on the sidewalk and holding up a pink sign,There is no young girl in a blue shirt walking on the sidewalk and holding up a pink sign,4.300000190734863,2,4.300000190734863,3.5071842670440674,2,2,-0.7928159236907959,0.7928159236907959,1
A young girl in a blue shirt is walking on the sidewalk and holding up a pink sign,The girl is carrying a sign and is being followed by a group of people,3.5,0,3.5,3.916007280349731,0,0,0.416007280349731,0.416007280349731,1
The girl is not carrying a sign and no group of people is following her,A young girl in a blue shirt is walking on the sidewalk and holding up a pink sign,2.5,2,2.5,2.9681336879730225,2,0,0.46813368797302246,0.46813368797302246,0
The girl is carrying a sign and a group of people is following her,"A girl in a blue shirt, who looks young, is walking on the sidewalk and holding up a pink sign",3.799999952316284,0,3.799999952316284,3.512320280075073,0,0,-0.2876796722412114,0.2876796722412114,1
The girl is carrying a sign and a group of people is following her,There is no young girl in a blue shirt walking on the sidewalk and holding up a pink sign,2.700000047683716,2,2.700000047683716,2.945056676864624,2,0,0.2450566291809082,0.2450566291809082,0
A young girl by a pink sign is holding up a blue shirt and is walking on the sidewalk,The girl is carrying a sign and a group of people is following her,3.5,0,3.5,3.638808488845825,0,0,0.1388084888458252,0.1388084888458252,1
The girl is carrying a sign and a group of people is following her,A young girl in a blue shirt is walking on the sidewalk and holding up a pink sign,3.5,0,3.5,3.532996892929077,0,0,0.03299689292907715,0.03299689292907715,1
A big city is begging for men and money holders,A man in a big city is holding a sign and begging for money,2.4000000953674316,0,2.400000095367432,4.102441787719727,0,0,1.702441692352295,1.702441692352295,1
A homeless man is holding up a sign and is begging for money,A homeless man is putting down a sign and refusing some charity,3.799999952316284,0,3.799999952316284,3.584311246871948,0,0,-0.21568870544433638,0.21568870544433638,1
A homeless man is holding up a sign and is pitifully begging for money,A man in a big city is holding a sign and begging for money,4.099999904632568,0,4.099999904632568,4.116247177124023,0,0,0.016247272491455078,0.016247272491455078,1
One man in a big city is holding up a sign and begging for money,A homeless man is holding up a sign and is begging for money,4.300000190734863,0,4.300000190734863,3.9467923641204834,0,0,-0.3532078266143799,0.3532078266143799,1
A big city is begging for men and money holders,A homeless man is holding up a sign and is begging for money,2.200000047683716,0,2.200000047683716,3.0289909839630127,0,0,0.8289909362792969,0.8289909362792969,1
A homeless man is holding up a sign and is begging for money,A man in a big city is holding a sign and begging for money,4.199999809265137,0,4.199999809265137,4.092357158660889,0,0,-0.10764265060424805,0.10764265060424805,1
A small dog is chasing a large brown cow,"A dog, which is small, is chasing a large brown cow",5.0,1,5.0,5.141509056091309,1,1,0.1415090560913086,0.1415090560913086,1
A small dog is chasing a large brown cow,There is no small dog chasing a large brown cow,3.299999952316284,2,3.299999952316284,3.44700026512146,2,2,0.14700031280517578,0.14700031280517578,1
A dog is chasing the tail of an animal in the grass,"A dog, which is small, is chasing a large brown cow",3.700000047683716,0,3.700000047683716,2.8408238887786865,0,0,-0.8591761589050293,0.8591761589050293,1
A dog is chasing the tail of an animal in the grass,A small dog is chasing a large brown cow,3.799999952316284,0,3.799999952316284,2.782188415527344,0,0,-1.01781153678894,1.01781153678894,1
The small child is walking through the water and is being guided by another person,The small child is wading through the water and is being guided by another person,4.599999904632568,1,4.599999904632568,4.666242599487305,1,1,0.06624269485473633,0.06624269485473633,1
A young child is splashing in the water,The young child is splashing in the water,4.900000095367432,1,4.900000095367432,5.073668479919434,1,1,0.17366838455200195,0.17366838455200195,1
The young child is splashing in the water,The small child is wading through the water and is being guided by another person,3.9000000953674316,0,3.900000095367432,3.3581974506378174,0,0,-0.5418026447296143,0.5418026447296143,1
The small child is wading through the water and is being guided by another person,There is no young child splashing in the water,3.0999999046325684,2,3.0999999046325684,3.175039052963257,2,0,0.07503914833068848,0.07503914833068848,0
A young child is splashing in the water,The small child is not wading through the water and is not being guided by another person,2.9000000953674316,0,2.900000095367432,3.3023922443389893,0,0,0.4023921489715576,0.4023921489715576,1
A woman is ignoring a man,A woman is looking curiously at a man,3.0,0,3.0,3.537524700164795,0,0,0.5375247001647949,0.5375247001647949,1
A man and a woman are outside and are wearing light colored shirts,"A man and a woman are in a beige room, wearing dark colored shirts and a monitor is in the background",3.0,0,3.0,3.0633394718170166,0,0,0.0633394718170166,0.0633394718170166,1
A woman is looking curiously at a man,"A man and a woman are in a room painted beige, wearing dark colored shirts and a monitor is in the background",2.299999952316284,0,2.299999952316284,2.729299068450928,0,0,0.429299116134644,0.429299116134644,1
The little dog is dropping the bedroom slipper from its mouth,The little dog is grabbing the bedroom slipper with its mouth,3.5999999046325684,0,3.5999999046325684,3.734966516494751,0,0,0.13496661186218262,0.13496661186218262,1
A brown dog is staring attentively at a brown and white dog,There is no brown dog staring attentively at a brown and white dog,3.5999999046325684,2,3.5999999046325684,3.4791300296783447,2,2,-0.12086987495422363,0.12086987495422363,1
A brown dog is looking closely at a brown and white dog,The little dog is grabbing the bedroom slipper with its mouth,2.0999999046325684,0,2.0999999046325684,2.3085525035858154,0,0,0.20855259895324707,0.20855259895324707,1
There is no brown dog staring attentively at a brown and white dog,The little dog is grabbing the bedroom slipper with its mouth,2.200000047683716,0,2.200000047683716,2.4823787212371826,0,0,0.2823786735534668,0.2823786735534668,1
The little dog is grabbing the bedroom slipper with its mouth,A brown dog is staring attentively at a brown and white dog,1.7000000476837158,0,1.7000000476837158,2.2218353748321533,0,0,0.5218353271484375,0.5218353271484375,1
The man is performing a large jump,A large jump is being performed by a man,4.900000095367432,1,4.900000095367432,5.142321586608887,1,1,0.24232149124145508,0.24232149124145508,1
The man is performing a large jump,The man is not performing a large jump,3.299999952316284,2,3.299999952316284,3.4251632690429688,2,2,0.12516331672668457,0.12516331672668457,1
A person in a blue jacket is jumping off of a tall cement wall,A person in a blue jacket is jumping onto a tall cement wall,4.099999904632568,0,4.099999904632568,4.334231853485107,0,2,0.23423194885253906,0.23423194885253906,0
A person is cementing a jacket in a blue tall wall and jumping,A person in a blue jacket is jumping off of a tall cement wall,2.799999952316284,0,2.799999952316284,3.537508964538574,0,0,0.73750901222229,0.73750901222229,1
The man is performing a large jump,A person in a blue jacket is jumping onto a tall cement wall,3.0999999046325684,0,3.0999999046325684,2.624996900558472,0,0,-0.47500300407409624,0.47500300407409624,1
A person is cementing a jacket in a blue tall wall and jumping,The man is performing a large jump,2.5999999046325684,0,2.5999999046325684,2.836864709854126,0,0,0.23686480522155762,0.23686480522155762,1
A person in a blue jacket is jumping off of a tall cement wall,A large jump is being performed by a man,4.0,0,4.0,3.40000581741333,0,0,-0.5999941825866699,0.5999941825866699,1
A person in a blue jacket is jumping off of a tall cement wall,The man is performing a large jump,3.4000000953674316,0,3.400000095367432,3.3656704425811768,0,0,-0.03432965278625488,0.03432965278625488,1
A woman in jeans is sitting on the saddle of a horse,The woman in jeans is sitting on the saddle of a horse,4.900000095367432,1,4.900000095367432,5.216157913208008,1,1,0.31615781784057617,0.31615781784057617,1
A person wearing jeans is sitting happily on the top of a horse saddle,A person wearing jeans is sitting on top of a horse saddle,4.599999904632568,1,4.599999904632568,4.958307266235352,1,1,0.3583073616027832,0.3583073616027832,1
A woman in jeans is sitting on the saddle of a horse,There is no person wearing jeans sitting on top of a horse saddle,3.9000000953674316,2,3.900000095367432,3.4570369720458984,2,2,-0.4429631233215332,0.4429631233215332,1
A person wearing jeans is sitting on top of a horse saddle,A woman in jeans is standing near a horse with a saddle,3.9000000953674316,0,3.900000095367432,3.7605173587799072,0,0,-0.13948273658752441,0.13948273658752441,1
The brown dogs are playfully fighting on the sandy shore,A brown dog and a red dog are frolicking on the beach,3.5999999046325684,0,3.5999999046325684,3.811532020568848,0,0,0.21153211593627974,0.21153211593627974,1
The brown dogs are playfully fighting on the sandy beach,The brown dog and the red dog are frolicking on the beach,3.700000047683716,0,3.700000047683716,3.8400919437408447,0,0,0.1400918960571289,0.1400918960571289,1
The brown dogs are playfully fighting on the sandy beach,A brown dog and a red dog are sitting sadly on the beach,3.4000000953674316,0,3.400000095367432,3.1383540630340576,0,0,-0.261646032333374,0.261646032333374,1
A brown dog and a red dog are frolicking on the beach,The brown dogs are playfully fighting on the sandy beach,3.5999999046325684,0,3.5999999046325684,3.733612298965454,0,0,0.13361239433288574,0.13361239433288574,1
A man is standing beside a birdcage which is large and colorful,A man is standing beside a large and colorful birdcage,4.800000190734863,1,4.800000190734863,5.217621803283691,1,1,0.4176216125488281,0.4176216125488281,1
There is no man standing beside a large and colorful birdcage,The man is standing next to a bird cage,3.0,0,3.0,3.8748624324798575,0,0,0.8748624324798575,0.8748624324798575,1
A man is standing beside a large and colorful birdcage,The man is standing next to a bird cage,4.199999809265137,1,4.199999809265137,4.822711944580078,1,1,0.6227121353149414,0.6227121353149414,1
A brown and black dog is running through the leaves,A brown and black dog is resting in the leaves,3.5,0,3.5,3.5049092769622803,0,0,0.0049092769622802734,0.0049092769622802734,1
A brown and black dog is running through the leaves,A dog in a colored coat is running swiftly across the yard,3.4000000953674316,0,3.400000095367432,3.724284410476685,0,0,0.3242843151092534,0.3242843151092534,1
One brown and black dog is running through the leaves,A dog in a colored coat is running across the yard,2.5,0,2.5,3.84487509727478,0,0,1.3448750972747798,1.3448750972747798,1
A dog in a colored coat is running across the yard,A brown and black dog is resting in the leaves,3.0999999046325684,0,3.0999999046325684,2.3933475017547607,0,0,-0.7066524028778076,0.7066524028778076,1
A dog in a colored coat is running across the yard,A brown and black dog is running through the leaves,3.0,0,3.0,3.549696683883667,0,0,0.549696683883667,0.549696683883667,1
A brown and white dog is holding a baseball in its mouth,"A dog, which has a brown and white coat, is holding a baseball in its mouth",4.900000095367432,1,4.900000095367432,4.613926410675049,1,1,-0.2860736846923828,0.2860736846923828,1
A brown and white dog is putting the baseball in its mouth down,A brown and white dog is holding a baseball in its mouth,4.199999809265137,0,4.199999809265137,3.9584248065948486,0,0,-0.24157500267028809,0.24157500267028809,1
A black and white dog is holding a baseball in its mouth,A baseball is being held in its mouth by a black and white dog,4.800000190734863,1,4.800000190734863,5.123673915863037,1,1,0.32367372512817383,0.32367372512817383,1
A brown and white dog is holding a baseball in its mouth,A baseball is being held in its mouth by a black and white dog,3.9000000953674316,1,3.900000095367432,4.046188831329346,1,0,0.14618873596191406,0.14618873596191406,0
A black and white dog is holding a baseball in its mouth,A brown and white dog is putting the baseball in its mouth down,3.0999999046325684,0,3.0999999046325684,3.606666803359986,0,0,0.5066668987274174,0.5066668987274174,1
A boy wearing red shorts is jumping into a paddling pool,There is no boy wearing red shorts jumping into a paddling pool,3.299999952316284,2,3.299999952316284,3.479790449142456,2,2,0.17979049682617188,0.17979049682617188,1
"A boy, who looks young and is wearing a red swimsuit, is jumping into a blue kiddies pool",A young boy wearing a red swimsuit is jumping into a blue kiddies pool,4.800000190734863,1,4.800000190734863,5.107087135314941,1,1,0.3070869445800781,0.3070869445800781,1
A young boy wearing a red swimsuit is jumping into a blue kiddies pool,A young boy wearing a red swimsuit is jumping out of a blue kiddies pool,3.799999952316284,2,3.799999952316284,3.818960666656494,2,0,0.01896071434020996,0.01896071434020996,0
A young boy wearing a red swimsuit is jumping into a blue kiddies pool,A kid wearing red shorts is jumping into a paddling pool,4.300000190734863,0,4.300000190734863,4.255123138427734,0,0,-0.044877052307128906,0.044877052307128906,1
There is no boy wearing red shorts jumping into a paddling pool,A young boy wearing a red swimsuit is jumping into a blue kiddies pool,2.200000047683716,0,2.200000047683716,3.200672149658203,0,0,1.0006721019744873,1.0006721019744873,1
A group of dogs are racing furiously and have muzzles on the noses,A group of dogs are racing and have muzzles on their noses,4.699999809265137,1,4.699999809265137,5.015815734863281,1,1,0.31581592559814453,0.31581592559814453,1
A group of racing dogs are nosing a muzzle,A group of dogs are racing and have muzzles on their noses,3.5999999046325684,0,3.5999999046325684,4.204172134399414,0,0,0.6041722297668457,0.6041722297668457,1
There is no group of racing dogs wearing striped uniforms and running down a track,A group of dogs are racing and have muzzles on their noses,3.4000000953674316,0,3.400000095367432,3.3224081993103027,0,0,-0.0775918960571289,0.0775918960571289,1
A group of racing dogs is wearing striped uniforms and is running down a track,A group of dogs are racing furiously and have muzzles on the noses,3.799999952316284,0,3.799999952316284,3.62067461013794,0,0,-0.17932534217834428,0.17932534217834428,1
A group of dogs are resting without muzzles,A group of racing dogs is wearing striped uniforms and is running down a track,2.799999952316284,0,2.799999952316284,2.57274866104126,0,0,-0.22725129127502397,0.22725129127502397,1
A group of racing dogs are nosing a muzzle,A group of racing dogs is wearing striped uniforms and is running down a track,3.200000047683716,0,3.200000047683716,2.9476478099823,0,0,-0.252352237701416,0.252352237701416,1
A group of racing dogs is wearing striped uniforms and is running down a track,A group of dogs are racing and have muzzles on their noses,3.9000000953674316,0,3.900000095367432,3.6982057094573975,0,0,-0.20179438591003418,0.20179438591003418,1
Two people are wading through the water,A couple or people are wading through the water,4.800000190734863,1,4.800000190734863,5.030963897705078,1,1,0.23096370697021484,0.23096370697021484,1
Nobody is standing in the ocean and watching the sunset,Two people are wading through the water,3.0999999046325684,0,3.0999999046325684,3.585374116897583,0,0,0.48537421226501465,0.48537421226501465,1
Two people are standing in the ocean and watching the sunset,A couple or people are wading through the water,3.799999952316284,0,3.799999952316284,4.44876766204834,0,1,0.6487677097320557,0.6487677097320557,0
Two people are standing in the ocean and watching the sunset,Two people are wading through the water,3.200000047683716,0,3.200000047683716,4.500472068786621,0,1,1.3004720211029053,1.3004720211029053,0
A race car driver is standing up and pointing his hand at the sky,A person in a blue jacket is wearing a colorful helmet,2.5,0,2.5,2.14237904548645,0,0,-0.3576209545135498,0.3576209545135498,1
A boy and a girl are naked,A boy and a girl in swimsuits are wearing arm floats,2.5999999046325684,2,2.5999999046325684,3.40386176109314,2,0,0.8038618564605717,0.8038618564605717,0
The boy and the girl are cheerfully playing and wearing arm floats,The boy and the girl are playing and wearing arm floats,4.599999904632568,1,4.599999904632568,4.85420036315918,1,1,0.25420045852661133,0.25420045852661133,1
The boy and the girl are cheerfully playing and wearing arm floats,A boy and a girl in swimsuits are wearing arm floats,4.0,0,4.0,4.303879261016846,0,0,0.3038792610168457,0.3038792610168457,1
The boy and the girl are not playing and wearing arm floats,A boy and a girl in swimsuits are wearing arm floats,3.5999999046325684,0,3.5999999046325684,3.5979762077331543,0,0,-0.0020236968994140625,0.0020236968994140625,1
A boy and a girl in swimsuits are wearing floats for their arms,The boy and the girl are playing and wearing arm floats,4.0,0,4.0,4.313671112060547,0,0,0.3136711120605469,0.3136711120605469,1
The boy and the girl are playing and wearing arm floats,A boy and a girl are naked,1.899999976158142,0,1.899999976158142,3.220224142074585,0,0,1.3202241659164429,1.3202241659164429,1
A woman in a yellow shirt is surfing on a pink surfboard,A woman in a pink shirt is surfing through yellow surfboards,3.5,0,3.5,4.458473205566406,0,0,0.9584732055664062,0.9584732055664062,1
The wave is being ridden by a surfer,A surfer is riding the wave,4.900000095367432,1,4.900000095367432,5.244685649871826,1,1,0.34468555450439453,0.34468555450439453,1
A surfer is falling off the wave,A woman in a yellow shirt is surfing on a pink surfboard,3.200000047683716,0,3.200000047683716,3.198411464691162,0,0,-0.001588582992553711,0.001588582992553711,1
A woman in a pink shirt is surfing through yellow surfboards,A surfer is riding the wave,2.700000047683716,0,2.700000047683716,4.377437591552734,0,1,1.6774375438690186,1.6774375438690186,0
A surfer is riding the wave,A woman in a yellow shirt is surfing on a pink surfboard,3.5999999046325684,0,3.5999999046325684,3.778308629989624,0,0,0.17830872535705566,0.17830872535705566,1
Four people are standing on a low cement ledge,Four people are sitting on a low cement ledge,3.700000047683716,0,3.700000047683716,3.759859800338745,0,0,0.0598597526550293,0.0598597526550293,1
Some people are sitting on a low cement ledge,The group of people is sitting on a rocky ledge and a scenic view is behind them,3.5999999046325684,0,3.5999999046325684,3.416762351989746,0,0,-0.18323755264282227,0.18323755264282227,1
Four people are standing on a low cement ledge,The group of people is sitting on a rocky ledge and a scenic view is behind them,2.4000000953674316,0,2.400000095367432,3.048991441726685,0,0,0.6489913463592534,0.6489913463592534,1
Two girls are laughing breathlessly and other girls are watching them,Two girls are laughing and other girls are watching them,4.400000095367432,1,4.400000095367432,4.86553955078125,1,1,0.46553945541381836,0.46553945541381836,1
Two girls are laughing and other girls are watching them,The group of Asian girls are standing together,2.299999952316284,0,2.299999952316284,2.5761659145355225,0,0,0.2761659622192383,0.2761659622192383,1
A bicyclist is holding a bike over his head in a group of people,A bike is being held over his head by a bicyclist in a group of people,4.599999904632568,1,4.599999904632568,5.187295913696289,1,1,0.5872960090637207,0.5872960090637207,1
A cold cyclist is celebrating,Something is being celebrated by a cold cyclist,4.599999904632568,1,4.599999904632568,5.066263198852539,1,1,0.4662632942199707,0.4662632942199707,1
A bicyclist is holding a bike over his head in a group of people,There is no cold cyclist celebrating,2.4000000953674316,0,2.400000095367432,2.9321482181549072,0,0,0.5321481227874756,0.5321481227874756,1
A cold cyclist is celebrating,A cyclist is being held over the heads of a group of people with the bike,3.5999999046325684,0,3.5999999046325684,2.986854791641236,0,0,-0.6131451129913326,0.6131451129913326,1
"A man is sitting on a boat in font of the sunset, near a flag",A man is on a ship in front of the sunset,3.799999952316284,1,3.799999952316284,4.598320007324219,1,1,0.7983200550079346,0.7983200550079346,1
There is no man on a boat in front of the sunset,"A man is sitting on a boat in font of the sunset, near a flag",3.200000047683716,2,3.200000047683716,3.369027853012085,2,0,0.16902780532836914,0.16902780532836914,0
"A man is sitting on a boat in font of the sunset, near a flag",A man is on a boat in front of the sunset,4.0,1,4.0,4.576981544494629,1,1,0.5769815444946289,0.5769815444946289,1
Some people at a drag race are looking at the flames that are coming out of the cars,People at a drag race are looking at the flames that are coming out of the cars,4.900000095367432,1,4.900000095367432,5.20612096786499,1,1,0.3061208724975586,0.3061208724975586,1
People at a drag race are looking at the flames that are coming out of the cars,People at a drag race are running away from the flames that are coming out of the cars,3.5,0,3.5,3.839155435562134,0,0,0.3391554355621338,0.3391554355621338,1
The crowd is watching two cars designed for racing that are leaving the starting line,The crowd is watching two racing cars that are leaving the starting line,4.699999809265137,1,4.699999809265137,5.015570163726807,1,1,0.3155703544616699,0.3155703544616699,1
People at a drag race are looking at the flames that are coming out of the cars,The crowd is not watching two racing cars that are leaving the starting line,3.5999999046325684,0,3.5999999046325684,3.4765779972076416,0,0,-0.12342190742492676,0.12342190742492676,1
The crowd is watching two racing cars that are leaving the starting line,Some people at a drag race are looking at the flames that are coming out of the cars,3.200000047683716,0,3.200000047683716,3.7914204597473145,0,0,0.5914204120635986,0.5914204120635986,1
The crowd is watching two racing cars that are leaving the starting line,People at a drag race are looking at the flames that are coming out of the cars,3.299999952316284,0,3.299999952316284,3.8214948177337646,0,0,0.5214948654174805,0.5214948654174805,1
Two dogs are cheerfully playing together on the grass,Two dogs are playing together on the grass,4.5,1,4.5,4.79657793045044,1,1,0.29657793045044034,0.29657793045044034,1
Two dogs are playing together on the grass,A big dog and a small white dog are walking past each other,3.0999999046325684,0,3.0999999046325684,2.9573795795440674,0,0,-0.14262032508850098,0.14262032508850098,1
A big dog and a small white dog are playing together,Two dogs are resting together in the grass,3.299999952316284,0,3.299999952316284,2.945523262023926,0,0,-0.3544766902923584,0.3544766902923584,1
A big dog and a small white dog are playing together,Two dogs are playing together on the grass,4.099999904632568,0,4.099999904632568,3.719390869140625,0,0,-0.38060903549194336,0.38060903549194336,1
A brown dog is jumping in the air,A brown dog is sitting down,2.5,0,2.5,3.2457516193389893,0,0,0.7457516193389893,0.7457516193389893,1
A brown dog is jumping in the air,A healthy looking dog is lying on the ground,2.799999952316284,0,2.799999952316284,2.554753541946411,0,0,-0.24524641036987305,0.24524641036987305,1
"A dog, which is brown, is jumping in the air",A malnourished looking dog is standing on its hind legs and preparing to jump,3.4000000953674316,0,3.400000095367432,3.190657377243042,0,0,-0.20934271812438965,0.20934271812438965,1
A brown dog is jumping in the air,A malnourished looking dog is standing on its hind legs and preparing to jump,3.4000000953674316,0,3.400000095367432,3.141251564025879,0,0,-0.25874853134155273,0.25874853134155273,1
A policeman is sitting on a motorcycle,A policeman is getting off of a motorcycle,2.700000047683716,2,2.700000047683716,3.645068645477295,2,2,0.9450685977935791,0.9450685977935791,1
A policeman is sitting on a motorcycle,A motorcyclist is sitting by a police man,3.5,0,3.5,4.5313801765441895,0,1,1.0313801765441895,1.0313801765441895,0
A policeman is getting off of a motorcycle,The cop is sitting on a police bike,3.299999952316284,0,3.299999952316284,3.6416501998901367,0,0,0.34165024757385254,0.34165024757385254,1
The cop is sitting on a police bike,A motorcyclist is sitting by a police man,2.799999952316284,0,2.799999952316284,3.830226421356201,0,0,1.030226469039917,1.030226469039917,1
The cop is sitting on a police bicycle,A policeman is sitting on a motorcycle,4.199999809265137,0,4.199999809265137,3.8864941596984863,0,0,-0.3135056495666504,0.3135056495666504,1
A policeman is sitting on a motorcycle,The cop is not sitting on a police bike,3.4000000953674316,2,3.400000095367432,3.4195234775543213,2,2,0.01952338218688965,0.01952338218688965,1
Two women are wearing bikinis on the sandy beach,There are no women wearing bikinis on the sandy beach,4.0,2,4.0,3.4972851276397705,2,2,-0.5027148723602295,0.5027148723602295,1
Two women are wearing bikinis and walking on the sand,Two women are wearing bikinis and are walking on the sand,5.0,1,5.0,5.043102264404297,1,1,0.043102264404296875,0.043102264404296875,1
Two women are naked and are standing on the sand,Two women are wearing bikinis and are walking on the sand,3.4000000953674316,0,3.400000095367432,3.5785880088806152,0,0,0.1785879135131836,0.1785879135131836,1
Two women are wearing bikinis on the sandy beach,Two women are naked and are standing on the sand,3.0,0,3.0,3.5599915981292725,0,0,0.5599915981292725,0.5599915981292725,1
Two women are wearing bikinis and are walking on the sand,Two women are wearing bikinis on the beach which is sandy,4.400000095367432,1,4.400000095367432,4.826860427856445,1,1,0.42686033248901367,0.42686033248901367,1
A dog is swimming in a lake and the sun is shining on him,The dog is swimming in a lake and the sun is shining on him,4.900000095367432,1,4.900000095367432,5.134615898132324,1,1,0.23461580276489258,0.23461580276489258,1
A dog is swimming in a lake and the sun is shining on him,There is no dog swimming in a lake with sunshine shining on him,3.5,2,3.5,3.495770215988159,2,2,-0.00422978401184082,0.00422978401184082,1
A dog with a golden coat is swimming clumsily through the water,A dog with a golden coat is swimming through the water,4.300000190734863,1,4.300000190734863,4.775057792663574,1,1,0.47505760192871094,0.47505760192871094,1
A dog with a golden coat is walking out of the water,A dog with a golden coat is swimming through the water,3.9000000953674316,0,3.900000095367432,3.698791742324829,0,0,-0.20120835304260254,0.20120835304260254,1
A dog is swimming in a lake and the sun is shining on him,A dog with a golden coat is walking out of the water,3.4000000953674316,0,3.400000095367432,3.047515153884888,0,0,-0.3524849414825435,0.3524849414825435,1
The dog is swimming in a lake and the sun is shining on him,A dog with a golden coat is swimming through the water,3.9000000953674316,0,3.900000095367432,4.007296562194824,0,0,0.10729646682739258,0.10729646682739258,1
A dog with a golden coat is swimming through the water,There is no dog swimming in a lake with sunshine shining on him,2.9000000953674316,0,2.900000095367432,3.157757043838501,0,0,0.25775694847106934,0.25775694847106934,1
A dog with a golden coat is swimming through the water,A dog is swimming in a lake and the sun is shining on him,3.700000047683716,0,3.700000047683716,3.4097659587860107,0,0,-0.2902340888977051,0.2902340888977051,1
"A dog, which has a black coat, is running in the grass and its tongue is hanging out",A black dog is running in the grass and its tongue is hanging out,4.800000190734863,1,4.800000190734863,4.994268894195557,1,1,0.19426870346069336,0.19426870346069336,1
A black dog is running in the grass and its tongue is hanging out,A black dog is hanging out in the grass and running with its tongue out,4.599999904632568,1,4.599999904632568,4.967368125915527,1,1,0.367368221282959,0.367368221282959,1
A black dog is running in the grass,A black dog is lying in the grass,3.4000000953674316,0,3.400000095367432,3.5846078395843506,0,0,0.18460774421691895,0.18460774421691895,1
A black dog is running in the grass and its tongue is hanging out,"A dog, which is black, is running in the grass",4.300000190734863,1,4.300000190734863,4.839199066162109,1,1,0.5391988754272461,0.5391988754272461,1
A black dog is running in the grass and its tongue is hanging out,A black dog is lying in the grass,3.5,0,3.5,3.5460145473480225,0,0,0.04601454734802246,0.04601454734802246,1
"A dog, which has a black coat, is running in the grass and its tongue is hanging out",A black dog is running in the grass,4.400000095367432,1,4.400000095367432,4.737659931182861,1,1,0.3376598358154297,0.3376598358154297,1
A black dog is sitting in the grass and keeping its mouth closed,A black dog is running in the grass,3.4000000953674316,0,3.400000095367432,3.564328908920288,0,0,0.16432881355285645,0.16432881355285645,1
"The cheerleaders are not parading and are not wearing black, pink and white uniforms","The cheerleaders are parading and wearing black, pink and white uniforms",3.4000000953674316,2,3.400000095367432,3.558711528778076,2,2,0.15871143341064453,0.15871143341064453,1
A large group of cheerleaders is walking in a parade,"The cheerleaders are parading and wearing uniforms which are black, pink and white",3.5,0,3.5,3.8790085315704346,0,0,0.37900853157043457,0.37900853157043457,1
A large group of cheerleaders is walking in a parade,"The cheerleaders are parading and wearing black, pink and white uniforms",3.200000047683716,0,3.200000047683716,3.832042694091797,0,0,0.632042646408081,0.632042646408081,1
The man is sitting indoors,The man is sitting outside under a purple umbrella,2.5999999046325684,0,2.5999999046325684,2.990522623062134,0,0,0.39052271842956543,0.39052271842956543,1
The man is sitting outdoors under a purple umbrella,A shoeless woman is sitting on a blanket under a lavender umbrella,2.799999952316284,0,2.799999952316284,2.471806049346924,0,0,-0.32819390296936035,0.32819390296936035,1
The man is sitting indoors,A shoeless woman is sitting on a blanket under a lavender umbrella,1.2000000476837158,0,1.2000000476837158,1.4688488245010376,0,0,0.2688487768173218,0.2688487768173218,1
The woman is playing with two young boys at a park,A woman is standing near three children,2.5,0,2.5,3.164182424545288,0,0,0.6641824245452881,0.6641824245452881,1
A woman is standing near three children,A woman is playing with two young boys at a park,2.799999952316284,0,2.799999952316284,3.010732412338257,0,0,0.21073246002197266,0.21073246002197266,1
A tan dog is resting in the snow,A yellow dog is running on white snow on a sunny day,3.0,0,3.0,3.1633193492889404,0,0,0.16331934928894043,0.16331934928894043,1
A tan dog is running through the snow,A yellow dog is stopping on white snow on a sunny day,2.765000104904175,0,2.765000104904175,3.293517827987671,0,0,0.5285177230834961,0.5285177230834961,1
A tan dog is running through the snow,A yellow dog is running on white snow on a sunny day,3.700000047683716,0,3.700000047683716,3.837331533432007,0,0,0.13733148574829102,0.13733148574829102,1
A girl is wearing jeans and a pink shirt and is cheerfully running,A girl is wearing jeans and a pink shirt and is running,4.400000095367432,1,4.400000095367432,4.857122898101807,1,1,0.457122802734375,0.457122802734375,1
A girl is wearing jeans and a pink shirt and is running,There is no girl wearing jeans and a pink shirt and running,4.199999809265137,2,4.199999809265137,3.446732759475708,2,2,-0.7532670497894287,0.7532670497894287,1
A little boy in a pink shirt is running under a tree in the desert,The little girl in a pink shirt is running under a tree in the desert,4.099999904632568,0,4.099999904632568,3.651247262954712,0,0,-0.44875264167785645,0.44875264167785645,1
A girl is wearing jeans and a pink shirt and is running,A little girl in a pink shirt is running under a tree in the desert,3.4000000953674316,0,3.400000095367432,3.730586290359497,0,0,0.33058619499206543,0.33058619499206543,1
A girl is wearing jeans and a pink shirt and is cheerfully running,The little girl in a pink shirt is running under a tree in the desert,3.700000047683716,0,3.700000047683716,3.6154978275299072,0,0,-0.0845022201538086,0.0845022201538086,1
The little girl in a pink shirt is running under a tree in the desert,There is no girl wearing jeans and a pink shirt and running,2.5,2,2.5,3.156797170639038,2,0,0.6567971706390381,0.6567971706390381,0
A white dog is wearing a Christmas reindeer headband and is playing with a brown dog in the grass,There is no white dog wearing a Christmas reindeer headband and playing with a brown dog in the grass,3.700000047683716,2,3.700000047683716,3.534095048904419,2,2,-0.16590499877929688,0.16590499877929688,1
A white dog is wearing a Christmas reindeer headband and is playing with a dog with a brown coat in the grass,The white dog wearing reindeer ears is near a brown dog,4.0,1,4.0,4.458172798156738,1,1,0.4581727981567383,0.4581727981567383,1
There is no white dog wearing a Christmas reindeer headband and playing with a brown dog in the grass,The white dog wearing reindeer ears is near a brown dog,3.0999999046325684,0,3.0999999046325684,3.534240484237671,0,2,0.43424057960510254,0.43424057960510254,0
A white dog is wearing a Christmas reindeer headband and is playing with a brown dog in the grass,The white dog is not wearing reindeer ears and isn't near a brown dog,3.4000000953674316,2,3.400000095367432,3.574119806289673,2,2,0.1741197109222412,0.1741197109222412,1
There is no young boy riding a dirt bike through the mud,A young child is riding a bike on a rough dirt path,3.5999999046325684,0,3.5999999046325684,3.5689351558685303,0,0,-0.031064748764038086,0.031064748764038086,1
"A child, who is young, is riding a bike on a rough dirt path",A young boy is riding a dirt bike through the mud,4.0,0,4.0,3.7907230854034415,0,0,-0.2092769145965585,0.2092769145965585,1
A young boy is riding a dirt bike through the mud,A young child is riding a bike on a rough dirt path,3.799999952316284,0,3.799999952316284,4.118738174438477,0,0,0.3187382221221924,0.3187382221221924,1
A woman in a red dress is playing an instrument,An instrument is being played by a woman in a red dress,4.900000095367432,1,4.900000095367432,5.135523319244385,1,1,0.23552322387695312,0.23552322387695312,1
A woman in a red dress is putting away an instrument,A woman in a red dress is playing an instrument,3.700000047683716,2,3.700000047683716,3.6806654930114746,2,0,-0.01933455467224121,0.01933455467224121,0
The woman in a red costume is leaning against a brick wall and playing an instrument,An instrument is being played by a woman in a red dress,3.799999952316284,0,3.799999952316284,4.5540876388549805,0,1,0.7540876865386963,0.7540876865386963,0
The child is delightedly playing with toys outdoors,The child is playing with toys outdoors,4.699999809265137,1,4.699999809265137,4.855432033538818,1,1,0.15543222427368164,0.15543222427368164,1
The child is playing with toys outdoors,The child is playing with toys indoors,3.5,0,3.5,5.065996170043945,0,1,1.5659961700439453,1.5659961700439453,0
There is no young child wearing a white coat and playing a game,A young child is wearing a white coat and playing a game,4.0,2,4.0,3.5912113189697266,2,2,-0.40878868103027344,0.40878868103027344,1
The child is playing with toys outdoors,"A child, who is young, is wearing a white coat and playing a game",3.299999952316284,0,3.299999952316284,3.4808900356292725,0,0,0.18089008331298828,0.18089008331298828,1
A young gamer is playing with a child wearing a white coat,The child is playing with toys outdoors,2.9000000953674316,0,2.900000095367432,2.57615065574646,0,0,-0.3238494396209717,0.3238494396209717,1
A young child is wearing a white coat and playing a game,The child is playing with toys outdoors,2.799999952316284,0,2.799999952316284,2.9804537296295166,0,0,0.18045377731323242,0.18045377731323242,1
The man is wearing a wetsuit and is riding a surfboard,The man is lying naked near a surfboard,2.9000000953674316,0,2.900000095367432,3.4165077209472656,0,0,0.516507625579834,0.516507625579834,1
A surfer is leaning on a surfboard,There is no surfer leaning on a surfboard,4.099999904632568,2,4.099999904632568,3.4769601821899414,2,2,-0.623039722442627,0.623039722442627,1
A surfer is leaning the surfboard against a wall,A surfer is leaning on a surfboard,3.5,0,3.5,4.509885787963867,0,1,1.0098857879638672,1.0098857879638672,0
The surfer is leaning on a surfboard,The man is wearing a wetsuit and is riding a surfboard,2.9000000953674316,0,2.900000095367432,3.483426332473755,0,0,0.5834262371063232,0.5834262371063232,1
A surfer is leaning on a surfboard,The person is wearing a wetsuit and is riding a surfboard,2.984999895095825,0,2.984999895095825,3.3866865634918213,0,0,0.4016866683959961,0.4016866683959961,1
The man is lying naked near a surfboard,A surfer is leaning on a surfboard,2.5999999046325684,0,2.5999999046325684,3.12661075592041,0,0,0.5266108512878418,0.5266108512878418,1
The people are walking on the road beside a beautiful waterfall,"The people are walking on the road beside a waterfall, which is beautiful",4.900000095367432,1,4.900000095367432,5.137510299682617,1,1,0.23751020431518555,0.23751020431518555,1
The people are walking on the road beside a beautiful waterfall,The people are not walking on the road beside a beautiful waterfall,3.0,2,3.0,3.45571231842041,2,2,0.45571231842041016,0.45571231842041016,1
A waterfall is flowing into a shallow pool,The people are not walking on the road beside a beautiful waterfall,2.0,0,2.0,2.4999754428863525,0,0,0.49997544288635254,0.49997544288635254,1
A waterfall is flowing out of a shallow pool,The people are walking on the road beside a beautiful waterfall,2.700000047683716,0,2.700000047683716,2.970818281173706,0,0,0.27081823348999023,0.27081823348999023,1
A sheepdog is dispersing a herd of sheep,A sheepdog is grouping a herd of sheep,4.0,0,4.0,3.977619647979736,0,0,-0.022380352020264116,0.022380352020264116,1
The sheepdog is grouping a herd of sheep,A dog is herding a pack of white sheep on a dusty farm,4.199999809265137,0,4.199999809265137,3.8220584392547607,0,0,-0.377941370010376,0.377941370010376,1
A dog is herding a pack of white sheep on a dusty farm,A sheepdog is dispersing a herd of sheep,4.400000095367432,0,4.400000095367432,3.7046165466308594,0,0,-0.6953835487365723,0.6953835487365723,1
A sheepdog is grouping a herd of sheep,A dog is herding a group of white sheep on a dusty farm,3.799999952316284,0,3.799999952316284,3.852290391921997,0,0,0.05229043960571289,0.05229043960571289,1
A sheepdog is grouping a herd of sheep,A dog is herding a pack of white sheep on a dusty farm,4.099999904632568,0,4.099999904632568,3.832277536392212,0,0,-0.26772236824035645,0.26772236824035645,1
A yellow palm is in front of a building and one dark skinned male is standing next to it,The dark skinned male is standing on one hand in front of a yellow building,3.200000047683716,0,3.200000047683716,4.233196258544922,0,0,1.033196210861206,1.033196210861206,1
A black man is break dancing on the pavement,A black man is walking on the pavement,3.299999952316284,0,3.299999952316284,3.814800977706909,0,0,0.514801025390625,0.514801025390625,1
The dark skinned male is standing on one hand in front of a yellow building,A black man is skillfully break dancing on the pavement,2.299999952316284,0,2.299999952316284,3.0416524410247803,0,0,0.7416524887084961,0.7416524887084961,1
A black man is walking on the pavement,The dark skinned male is standing on one hand in front of a yellow building,2.799999952316284,0,2.799999952316284,2.669093608856201,0,0,-0.130906343460083,0.130906343460083,1
A black man is break dancing on the pavement,A yellow palm is in front of a building and one dark skinned male is standing next to it,2.0,0,2.0,2.24702525138855,0,0,0.2470252513885498,0.2470252513885498,1
A black man is break dancing on the pavement,The dark skinned male is standing on one hand in front of a yellow building,3.9000000953674316,0,3.900000095367432,2.683051109313965,0,0,-1.2169489860534668,1.2169489860534668,1
A bike is being ridden by a person,A person is riding a bike,5.0,1,5.0,5.232429504394531,1,1,0.23242950439453125,0.23242950439453125,1
There is no person riding a bike,A person is riding a bike,3.700000047683716,2,3.700000047683716,3.555558919906616,2,2,-0.1444411277770996,0.1444411277770996,1
A bike rider in a black and red uniform is standing on a dirt bike,A bike rider in a black and red uniform is jumping down off a dirt bike,3.9000000953674316,0,3.900000095367432,3.7802622318267822,0,0,-0.11973786354064941,0.11973786354064941,1
A person is riding a bike,A black bike rider in a red bike uniform is standing in the dirt,2.700000047683716,0,2.700000047683716,2.900015592575073,0,0,0.20001554489135698,0.20001554489135698,1
A person is riding a bike,A bike rider in a black and red uniform is standing on a dirt bike,3.4000000953674316,0,3.400000095367432,3.552598237991333,0,0,0.15259814262390137,0.15259814262390137,1
A man in a purple suit is standing by a purple case and is playing a guitar,There is no man in a purple suit standing by a purple case and playing a guitar,3.5999999046325684,2,3.5999999046325684,3.544283866882324,2,2,-0.05571603775024414,0.05571603775024414,1
"The guitar is being played by the man, who has the guitar case open for donations",The man is playing the guitar and has the guitar case open for donations,5.0,1,5.0,5.178875923156738,1,1,0.17887592315673828,0.17887592315673828,1
The man is playing the guitar and has the guitar case open for donations,The man is opening the guitar for donations and plays with the case,2.700000047683716,0,2.700000047683716,4.819174289703369,0,1,2.1191742420196533,2.1191742420196533,0
"The guitar is being played by the man, who has the guitar case open for donations",A man in a purple suit is standing by a purple case and is playing a guitar,3.4000000953674316,0,3.400000095367432,3.706263780593872,0,0,0.30626368522644043,0.30626368522644043,1
A man in a purple suit is standing by a purple case and is playing a guitar,The man is opening the guitar for donations and plays with the case,3.0999999046325684,0,3.0999999046325684,3.506641149520874,0,0,0.40664124488830566,0.40664124488830566,1
The man is playing the guitar and has the guitar case open for donations,There is no man in a purple suit standing by a purple case and playing a guitar,3.4000000953674316,0,3.400000095367432,3.1865992546081543,0,0,-0.21340084075927734,0.21340084075927734,1
A man in a purple suit is standing by a purple case and is playing a guitar,The man is playing the guitar and has the guitar case open for donations,4.099999904632568,0,4.099999904632568,3.9269979000091553,0,0,-0.17300200462341309,0.17300200462341309,1
Two adults are sitting in the chairs and are watching the ocean,Some adults are sitting in the chairs and are watching the ocean,4.699999809265137,1,4.699999809265137,5.061278820037842,1,1,0.3612790107727051,0.3612790107727051,1
Nobody is sitting in the chairs and watching the ocean,Two adults are sitting in the chairs and are watching the ocean,4.099999904632568,2,4.099999904632568,3.540558099746704,2,2,-0.5594418048858643,0.5594418048858643,1
A couple is sitting on a patio and is staring at the ocean,A couple is sitting on a patio and looking at the ocean,4.699999809265137,1,4.699999809265137,5.113129615783691,1,1,0.4131298065185547,0.4131298065185547,1
A couple is standing on a patio and looking at the sky,A couple is sitting on a patio and looking at the ocean,3.0999999046325684,0,3.0999999046325684,3.731467247009277,0,0,0.6314673423767085,0.6314673423767085,1
A couple is sitting on a patio and is staring at the ocean,Two adults are sitting in the chairs and are watching the ocean,3.5,0,3.5,3.89687705039978,0,0,0.39687705039977983,0.39687705039977983,1
A couple is standing on a patio and looking at the sky,Two adults are sitting in the chairs and are watching the ocean,2.299999952316284,0,2.299999952316284,2.8762781620025635,0,0,0.5762782096862793,0.5762782096862793,1
A couple is sitting on a patio and looking at the ocean,Two adults are sitting in the chairs and are watching the ocean,3.5,0,3.5,3.864392518997192,0,0,0.36439251899719194,0.36439251899719194,1
"A small boy in a shirt, which is yellow, is laughing on the beach",A small boy in a yellow shirt is laughing on the beach,5.0,1,5.0,5.186102867126465,1,1,0.18610286712646484,0.18610286712646484,1
A little boy is wearing a yellow tank top and is laughing,A little boy is topless and is serious,2.700000047683716,0,2.700000047683716,2.894439935684204,0,0,0.19443988800048828,0.19443988800048828,1
A small boy in a yellow shirt is laughing on the beach,The little boy is wearing a yellow tank top and is laughing,3.799999952316284,0,3.799999952316284,4.6413421630859375,0,1,0.8413422107696533,0.8413422107696533,0
A small boy in a yellow shirt is laughing on the beach,A laughing boy is in a yellow tank and is wearing a top,3.0999999046325684,0,3.0999999046325684,3.41617751121521,0,0,0.3161776065826416,0.3161776065826416,1
A little boy is wearing a yellow tank top and is laughing,There is no small boy in a yellow shirt laughing on the beach,3.5999999046325684,0,3.5999999046325684,3.392565965652466,0,0,-0.20743393898010254,0.20743393898010254,1
A little boy is wearing a yellow tank top and is laughing,A small boy in a yellow shirt is laughing on the beach,4.099999904632568,0,4.099999904632568,4.036982536315918,0,0,-0.06301736831665039,0.06301736831665039,1
The orange rescue boat is rushing across the water,"The rescue boat, which is orange, is rushing across the water",5.0,1,5.0,5.192095756530762,1,1,0.19209575653076172,0.19209575653076172,1
Two men are riding an orange raft on the beach,Two men are riding an orange raft on the shore,4.329999923706055,0,4.329999923706055,5.167934894561768,0,1,0.8379349708557129,0.8379349708557129,0
Two men are riding an orange raft on the shore,Two men are rafting near a rider in orange on the shore,3.5999999046325684,0,3.5999999046325684,3.5170397758483887,0,0,-0.08296012878417969,0.08296012878417969,1
The orange rescue boat is rushing across the water,Two men are riding an orange raft on the beach,3.4000000953674316,0,3.400000095367432,3.22226357460022,0,0,-0.17773652076721147,0.17773652076721147,1
The orange rescue boat is rushing across the water,Two men are rafting near a rider in orange on the shore,2.5,0,2.5,3.09200119972229,0,0,0.59200119972229,0.59200119972229,1
Two men are riding an orange raft on the shore,"The rescue boat, which is orange, is rushing across the water",3.5,0,3.5,3.7219202518463135,0,0,0.22192025184631348,0.22192025184631348,1
Two men are riding an orange raft on the shore,The orange rescue boat is not rushing across the water,3.0,0,3.0,3.1912858486175537,0,0,0.1912858486175537,0.1912858486175537,1
The dog in the dyed red vest is running in the field,A dog with long hair and a red vest is running in the grass,4.0,0,4.0,3.929080009460449,0,0,-0.07091999053955078,0.07091999053955078,1
A dog with long hair and a red vest is running in the grass,The dog in the red vest is not running in the field,3.9000000953674316,0,3.900000095367432,3.7084343433380127,0,0,-0.19156575202941895,0.19156575202941895,1
A dog with really long hair and a red vest is running in the grass,The dog in the red vest is running in the field,4.300000190734863,1,4.300000190734863,4.413187026977539,1,1,0.11318683624267578,0.11318683624267578,1
The dog in the red vest is running in the field,A dog with long hair and a red vest is sitting in the grass,3.5999999046325684,0,3.5999999046325684,3.1185262203216557,0,0,-0.48147368431091264,0.48147368431091264,1
A dog with long hair and a red vest is running in the grass,The dog in the red vest is running in the field,4.300000190734863,1,4.300000190734863,4.455353736877441,1,1,0.15535354614257812,0.15535354614257812,1
The person is standing dangerously on white ice,The person is standing on white ice,4.300000190734863,1,4.300000190734863,4.879075050354004,1,1,0.5790748596191406,0.5790748596191406,1
The person is standing dangerously on white ice,A person is standing in a vast field of glacial ice,4.0,0,4.0,3.973211050033569,0,0,-0.026788949966431108,0.026788949966431108,1
One person is standing in a vast field of glacial ice,The person is standing on white ice,4.0,0,4.0,3.5125608444213867,0,0,-0.4874391555786133,0.4874391555786133,1
The person is standing on white ice,There is no person standing in a vast field of glacial ice,3.5999999046325684,0,3.5999999046325684,3.694860219955444,0,0,0.09486031532287553,0.09486031532287553,1
A person is standing in a vast field of glacial ice,The person is standing on white ice,4.400000095367432,1,4.400000095367432,3.4885499477386475,1,0,-0.9114501476287842,0.9114501476287842,0
A blond boy is sliding down a dune of sand on a skateboard,A blond boy is sliding down a sand dune on a skateboard,4.900000095367432,1,4.900000095367432,5.14723014831543,1,1,0.24723005294799805,0.24723005294799805,1
A blond boy is walking up a sand dune with a skateboard,A blond boy is sliding down a sand dune on a skateboard,3.5,0,3.5,3.764299154281616,0,0,0.2642991542816162,0.2642991542816162,1
A blond boy is sliding down a sand dune on a skateboard,A woman is swiftly snowboarding down an incline and another woman is standing behind her,1.600000023841858,0,1.600000023841858,1.981427550315857,0,0,0.381427526473999,0.381427526473999,1
A blond boy is sliding down a dune of sand on a skateboard,A woman is snowboarding down an incline and another woman is standing behind her,1.899999976158142,0,1.899999976158142,1.999425172805786,0,0,0.09942519664764382,0.09942519664764382,1
A woman is snowboarding down an incline and another woman is standing behind her,A blond boy is walking up a sand dune with a skateboard,1.2999999523162842,0,1.2999999523162842,2.341299295425415,0,0,1.0412993431091309,1.0412993431091309,1
A woman is snowboarding down an incline and another woman is standing behind her,A blond boy is sliding down a sand dune on a skateboard,1.100000023841858,0,1.100000023841858,2.3884947299957275,0,0,1.2884947061538696,1.2884947061538696,1
A man is putting down an electronic device,A man is holding up an electronic device,4.199999809265137,2,4.199999809265137,3.8623669147491455,2,0,-0.3376328945159912,0.3376328945159912,0
A man is putting down an electronic device,The man is taking a picture of himself and another guy,1.899999976158142,0,1.899999976158142,3.1658737659454346,0,0,1.2658737897872925,1.2658737897872925,1
The man is taking a picture of himself and another guy,An electronic man is held as a device,1.899999976158142,0,1.899999976158142,3.76949691772461,0,0,1.8694969415664677,1.8694969415664677,1
A picture of himself and another guy is being taken by the man,A man is holding up an electronic device,2.200000047683716,0,2.200000047683716,3.8757803440094,0,0,1.675780296325684,1.675780296325684,1
A man is holding up an electronic device,The man is not taking a picture of himself and another guy,2.184999942779541,0,2.184999942779541,2.921490430831909,0,0,0.7364904880523682,0.7364904880523682,1
The man is taking a picture of himself and another guy,A man is holding up an electronic device,3.4000000953674316,1,3.400000095367432,4.225212574005127,1,1,0.8252124786376953,0.8252124786376953,1
A little black dog is chasing a little brown dog,There is no little black dog chasing a little brown dog,4.199999809265137,2,4.199999809265137,3.4448208808898926,2,2,-0.7551789283752441,0.7551789283752441,1
A brown dog and a black dog are far from the grass,A brown dog and a black dog are in the grass,4.199999809265137,2,4.199999809265137,3.5262975692749023,2,2,-0.6737022399902344,0.6737022399902344,1
"A dog, which is little and black, is chasing a little brown dog",A brown dog and a black dog are in the grass,4.0,0,4.0,3.5165350437164307,0,0,-0.48346495628356934,0.48346495628356934,1
A girl in a brown dress is being surrounded by children and is closing her eyes,Children are surrounding a girl in a brown dress who is closing her eyes,4.800000190734863,1,4.800000190734863,5.140565395355225,1,1,0.34056520462036133,0.34056520462036133,1
A girl in a brown dress is being surrounded by children and is closing her eyes,There is no girl in a brown dress being surrounded by children and closing her eyes,3.700000047683716,2,3.700000047683716,3.521486759185791,2,2,-0.1785132884979248,0.1785132884979248,1
The sun is shining on the face of the girl who is in the dyed yellow dress,The sun is shining on the face of the girl who is in a yellow dress,4.800000190734863,1,4.800000190734863,5.107779026031494,1,1,0.30777883529663086,0.30777883529663086,1
The sun is not shining on the face of the girl who is in a yellow dress,The sun is shining on the face of the girl who is in a yellow dress,4.199999809265137,2,4.199999809265137,3.521161794662476,2,2,-0.6788380146026607,0.6788380146026607,1
A girl in a brown dress is being surrounded by children and is closing her eyes,The sun is shining on the face of the girl who is in the dyed yellow dress,2.700000047683716,0,2.700000047683716,2.415498971939087,0,0,-0.2845010757446289,0.2845010757446289,1
The sun is shining on the face of the girl who is in a yellow dress,Children are surrounding a girl in a brown dress who is closing her eyes,1.7999999523162842,0,1.7999999523162842,2.6456780433654785,0,0,0.8456780910491943,0.8456780910491943,1
The sun is shining on the face of the girl who is in a yellow dress,There is no girl in a brown dress being surrounded by children and closing her eyes,2.0999999046325684,0,2.0999999046325684,2.6112349033355717,0,0,0.5112349987030034,0.5112349987030034,1
The sun is shining on the face of the girl who is in a yellow dress,A girl is surrounding brown dressed children who are closing the eyes,1.899999976158142,0,1.899999976158142,2.58650803565979,0,0,0.686508059501648,0.686508059501648,1
The sun is shining on the face of the girl who is in a yellow dress,A girl in a brown dress is being surrounded by children and is closing her eyes,2.5,0,2.5,2.7718162536621094,0,0,0.2718162536621094,0.2718162536621094,1
Women are wearing bunny ears and race numbers and are curiously pointing at something in the distance,Women are wearing bunny ears and race numbers and are pointing at something in the distance,4.699999809265137,1,4.699999809265137,4.956091403961182,1,1,0.2560915946960449,0.2560915946960449,1
A group of women are wearing pink bunny ears and are pointing to the right,Several women are wearing pink bunny ears and are pointing to the right,4.900000095367432,1,4.900000095367432,5.159123420715332,1,1,0.2591233253479004,0.2591233253479004,1
Several women are wearing pink bunny ears and are pointing to the right,The women are wearing something right and pointing at several bunny ears,3.299999952316284,0,3.299999952316284,4.790046691894531,0,1,1.490046739578247,1.490046739578247,0
Women are wearing bunny ears and race numbers and are pointing at something in the distance,The women are wearing something right and pointing at several bunny ears,2.9149999618530273,0,2.914999961853028,4.232159614562988,0,0,1.317159652709961,1.317159652709961,1
Women are wearing bunny ears and race numbers and are curiously pointing at something in the distance,Several women are wearing pink bunny ears and are pointing to the right,3.799999952316284,1,3.799999952316284,3.998268842697144,1,0,0.19826889038085982,0.19826889038085982,0
The goal is being guarded by a hockey player in a yellow jersey,A hockey player in a yellow jersey is guarding the goal,4.900000095367432,1,4.900000095367432,5.268466949462891,1,1,0.368466854095459,0.368466854095459,1
A hockey player in a yellow jersey is guarding the goal,There is no hockey player in a yellow jersey guarding the goal,3.299999952316284,2,3.299999952316284,3.4988107681274414,2,2,0.19881081581115723,0.19881081581115723,1
The ice hockey goalkeeper is wearing a yellow jersey and is defending the goal,A hockey player in a yellow jersey is guarding the goal,4.534999847412109,1,4.534999847412109,5.004691123962402,1,1,0.46969127655029297,0.46969127655029297,1
The ice hockey goalkeeper is not wearing a yellow jersey and is not defending the goal,A hockey player in a yellow jersey is guarding the goal,4.099999904632568,2,4.099999904632568,3.4939165115356445,2,2,-0.6060833930969238,0.6060833930969238,1
There is no young child standing in front of some trees,A young child is standing in front of some trees,3.700000047683716,2,3.700000047683716,3.58430290222168,2,2,-0.11569714546203569,0.11569714546203569,1
A young child is standing in front of some trees,A small boy is sitting in the forest,2.799999952316284,0,2.799999952316284,2.8892157077789307,0,0,0.08921575546264648,0.08921575546264648,1
A small boy is standing in the forest,There is no young child standing in front of some trees,3.4000000953674316,0,3.400000095367432,3.497284412384033,0,0,0.09728431701660156,0.09728431701660156,1
Two people are looking at a gold statue,Two people are ignoring the nearby gold statue,3.5999999046325684,2,3.5999999046325684,3.4924635887146,2,2,-0.1075363159179683,0.1075363159179683,1
Two young men are sitting outside near a golden statue,Two people are looking at a gold statue,4.0,0,4.0,4.067471504211426,0,0,0.06747150421142578,0.06747150421142578,1
Two young men are playing outside near a golden statue,Two people are looking at a statue made of gold,3.5999999046325684,0,3.5999999046325684,3.4267799854278564,0,0,-0.17321991920471191,0.17321991920471191,1
Two young men are playing outside near a golden statue,Two people are ignoring the nearby gold statue,3.200000047683716,0,3.200000047683716,3.225715398788452,0,0,0.025715351104736328,0.025715351104736328,1
The bicyclist is speeding on a city street,The bicyclist is riding on a city street,3.9000000953674316,1,3.900000095367432,4.894325256347656,1,1,0.9943251609802246,0.9943251609802246,1
There is no woman wearing a blue helmet and riding a bicycle in a parking lot,The bicyclist is riding on a city street,2.75,0,2.75,2.60700798034668,0,0,-0.14299201965331987,0.14299201965331987,1
The bicyclist is riding on a city street,A woman is parking a blue bicycle and is wearing lots of riding helmets,2.4000000953674316,0,2.400000095367432,2.954031229019165,0,0,0.5540311336517334,0.5540311336517334,1
A woman is wearing a blue helmet and is riding a bicycle in a parking lot,The bicyclist is not riding on a city street,3.299999952316284,1,3.299999952316284,2.552628993988037,1,0,-0.7473709583282471,0.7473709583282471,0
A woman is wearing a blue helmet and is riding a bicycle in a parking lot,The bicyclist is riding on a city street,3.200000047683716,0,3.200000047683716,2.770742654800415,0,0,-0.4292573928833008,0.4292573928833008,1
The tan dog is watching a brown dog that is swimming in a pond,"A pet dog is standing on the bank and is looking at another dog, which is brown, in the pond",3.799999952316284,0,3.799999952316284,3.9412143230438232,0,0,0.14121437072753906,0.14121437072753906,1
A pet dog is standing on the bank and is looking at another brown dog in the pond,The tan dog is watching a brown dog that is swimming in a pond,3.5999999046325684,0,3.5999999046325684,3.637395858764648,0,0,0.037395954132079634,0.037395954132079634,1
A young girl is dancing,A young girl is standing still,3.0,0,3.0,3.223322868347168,0,0,0.22332286834716797,0.22332286834716797,1
A young girl is standing challengingly on one leg,A young girl is standing on one leg,4.199999809265137,1,4.199999809265137,4.776400566101074,1,1,0.5764007568359375,0.5764007568359375,1
A young girl is standing on one leg,A young girl is standing on both legs,4.0,2,4.0,4.479673385620117,2,0,0.4796733856201172,0.4796733856201172,0
A bee is taking off from a yellow flower,A bee is clinging to a yellow flower,3.4000000953674316,0,3.400000095367432,3.5259792804718018,0,0,0.12597918510437012,0.12597918510437012,1
A small bee is landing on a bunch of yellow flowers,There is no small bee landing on a bunch of yellow flowers,3.700000047683716,2,3.700000047683716,3.4700984954833984,2,2,-0.22990155220031738,0.22990155220031738,1
A small bee is landing on a bunch of yellow flowers,A bee is clinging to a yellow flower,3.984999895095825,0,3.984999895095825,3.861443519592285,0,0,-0.12355637550354004,0.12355637550354004,1
Some people are treading through the snow of the landscape which is beautiful and snowy,Some people are treading through the snow of the beautiful snowy landscape,5.0,1,5.0,5.018848419189453,1,1,0.018848419189453125,0.018848419189453125,1
Four people are walking across thick snow and the sun is setting,Some people are treading through the snow of the landscape which is beautiful and snowy,3.9000000953674316,0,3.900000095367432,3.8388419151306152,0,0,-0.061158180236816406,0.061158180236816406,1
Four people are walking across thick snow and the sun is setting,Nobody is treading through the snow of the beautiful snowy landscape,3.299999952316284,0,3.299999952316284,3.127662420272827,0,0,-0.17233753204345703,0.17233753204345703,1
The young boys are posing with a green soccer ball in a park,The young kids are posing with a green soccer ball in a park,4.199999809265137,1,4.199999809265137,5.161284446716309,1,1,0.9612846374511719,0.9612846374511719,1
The young boys are not posing with a green soccer ball in a park,The young boys are posing with a green soccer ball in a park,3.5,2,3.5,3.582986354827881,2,2,0.08298635482788086,0.08298635482788086,1
Four boys are kneeling next to each other in front of a ball,Some boys are kneeling next to each other in front of a ball,4.5,1,4.5,4.957753658294678,1,1,0.45775365829467773,0.45775365829467773,1
There are no boys kneeling next to each other in front of a ball,The young boys are posing with a green soccer ball in a park,2.9000000953674316,0,2.900000095367432,3.318153619766236,0,0,0.41815352439880416,0.41815352439880416,1
A tan dog is resting near a brush,A tan dog is running through the brush,4.0,0,4.0,3.359703779220581,0,0,-0.640296220779419,0.640296220779419,1
A white dog with beige spots is running through a field,A white dog with beige spots is speeding through a field,4.699999809265137,1,4.699999809265137,4.529369354248047,1,0,-0.17063045501708984,0.17063045501708984,0
There is no white dog with beige spots running through a field,A white dog with beige spots is running through a field,3.5999999046325684,2,3.5999999046325684,3.5749995708465576,2,2,-0.025000333786010742,0.025000333786010742,1
A tan dog is running through the brush,A white dog with beige spots is speeding through a field,3.0999999046325684,0,3.0999999046325684,2.9173409938812256,0,0,-0.18265891075134277,0.18265891075134277,1
A white dog with beige spots is running through a field,A tan dog is resting near a brush,3.0999999046325684,0,3.0999999046325684,2.7217369079589844,0,0,-0.378262996673584,0.378262996673584,1
A white dog with beige spots is running through a field,A tan dog is running through the brush,3.0,0,3.0,3.346515893936157,0,0,0.3465158939361568,0.3465158939361568,1
A horse and its rider are leaping quickly over a barrier,A horse and its rider are leaping over a barrier,4.400000095367432,1,4.400000095367432,4.958137512207031,1,1,0.5581374168395996,0.5581374168395996,1
A horse and its rider are leaping over a barrier,A horse and its rider are not leaping over a barrier,3.799999952316284,2,3.799999952316284,3.482973575592041,2,2,-0.31702637672424316,0.31702637672424316,1
A horse is leaping a hurdle and has a rider on its back,A horse with no rider is falling over a hurdle,2.799999952316284,0,2.799999952316284,3.384833812713623,0,0,0.5848338603973389,0.5848338603973389,1
A horse is leaping a hurdle and has a rider on its back,A horse and its rider are leaping quickly over a barrier,4.400000095367432,0,4.400000095367432,3.9999167919158936,0,0,-0.4000833034515381,0.4000833034515381,1
A horse and its rider are not leaping over a barrier,A horse is leaping a hurdle and has a rider on its back,4.599999904632568,2,4.599999904632568,3.608419179916382,2,0,-0.9915807247161865,0.9915807247161865,0
A horse is leaping a hurdle and has a rider on its back,A horse and its rider are leaping over a barrier,4.599999904632568,1,4.599999904632568,4.076048851013184,1,0,-0.5239510536193848,0.5239510536193848,0
Football players in red and white are jumping and hugging each other,There are no football players in red and white jumping and hugging each other,3.884999990463257,2,3.884999990463257,3.5131897926330566,2,2,-0.3718101978302002,0.3718101978302002,1
Two teammates are lifting a football player in a red and white uniform,A football player in a red and white uniform is being lifted by two teammates,4.900000095367432,1,4.900000095367432,5.2184247970581055,1,1,0.31842470169067383,0.31842470169067383,1
A football player in a red and white uniform is being lifted by two teammates,A football player in a red and white uniform is being pulled down by two teammates,3.200000047683716,2,3.200000047683716,4.148026466369629,2,0,0.9480264186859131,0.9480264186859131,0
Football players in red and white are jumping and hugging each other,A football player in a red and white uniform is being pulled down by two teammates,3.799999952316284,0,3.799999952316284,3.390159845352173,0,0,-0.40984010696411133,0.40984010696411133,1
Two teenage girls are wearing fancy dresses at an event,Two old ladies are wearing worn dresses at home,2.799999952316284,0,2.799999952316284,2.786015510559082,0,0,-0.013984441757202148,0.013984441757202148,1
A woman in a white dress and a woman in a blue dress are standing on a stage,A woman in white clothing and a woman in a blue dress are standing on a stage,4.900000095367432,1,4.900000095367432,5.128406047821045,1,1,0.22840595245361328,0.22840595245361328,1
A woman in a white dress and a woman in a blue dress are standing beside a stage,A woman in a white dress and a woman in a blue dress are standing on a stage,4.099999904632568,0,4.099999904632568,4.187877655029297,0,0,0.08787775039672852,0.08787775039672852,1
A white woman is standing on a woman dressed in blue on a stage,A woman in a white dress and a woman in a blue dress are standing on a stage,3.700000047683716,0,3.700000047683716,3.878209114074707,0,0,0.1782090663909912,0.1782090663909912,1
Two teenage girls are wearing fancy dresses at an event,A woman in white clothing and a woman in a blue dress are standing on a stage,2.1500000953674316,0,2.150000095367432,3.444591760635376,0,0,1.2945916652679443,1.2945916652679443,1
Two teenage girls are wearing fancy dresses at an event,A woman in a white dress and a woman in a blue dress are standing beside a stage,3.6500000953674316,0,3.650000095367432,3.3908748626708984,0,0,-0.2591252326965332,0.2591252326965332,1
Two women with black hair are standing steadily in front of a plywood wall,Two women with black hair are standing in front of a plywood wall,4.565000057220459,1,4.565000057220459,4.9972429275512695,1,1,0.43224287033081055,0.43224287033081055,1
There is no woman with black hair standing in front of a plywood wall,Two women with black hair are standing in front of a plywood wall,3.5999999046325684,2,3.5999999046325684,3.59264874458313,2,2,-0.0073511600494384766,0.0073511600494384766,1
"Two women with folded arms, who are young, are looking at the screen",Two young women with folded arms are looking at the screen,5.0,1,5.0,5.023919105529785,1,1,0.023919105529785156,0.023919105529785156,1
Two young women with folded arms are looking away from the screen,Two young women with folded arms are looking at the screen,3.700000047683716,2,3.700000047683716,3.8921244144439697,2,2,0.1921243667602539,0.1921243667602539,1
Two women with black hair are standing steadily in front of a plywood wall,Two young women with folded arms are looking at the screen,2.5,0,2.5,2.0745112895965576,0,0,-0.4254887104034424,0.4254887104034424,1
Two young women with folded arms are looking at the screen,There is no woman with black hair standing in front of a plywood wall,2.0999999046325684,0,2.0999999046325684,1.663780927658081,0,0,-0.4362189769744873,0.4362189769744873,1
Two young women with folded arms are looking at the screen,Two women with black hair are standing in front of a plywood wall,2.5999999046325684,0,2.5999999046325684,2.3097949028015137,0,0,-0.2902050018310547,0.2902050018310547,1
There is no classroom full of students looking in the same direction inside a bamboo structure,A classroom full of students is looking in the same direction inside a bamboo structure,3.5999999046325684,2,3.5999999046325684,3.654485702514648,2,2,0.054485797882079634,0.054485797882079634,1
A group of students in uniforms is ignoring the front of the class,A classroom full of students is looking in the same direction inside a bamboo structure,2.5999999046325684,0,2.5999999046325684,2.6881844997406006,0,0,0.08818459510803223,0.08818459510803223,1
A group of students in uniforms is listening attentively at the front of the class,A classroom full of students is looking in the same direction inside a bamboo structure,2.799999952316284,0,2.799999952316284,3.1720101833343506,0,0,0.3720102310180664,0.3720102310180664,1
A boy is jumping off a platform and two other boys are standing and watching,A boy is jumping on a platform and two other boys are sitting absentmindedly,4.0,0,4.0,3.907055616378784,0,0,-0.09294438362121582,0.09294438362121582,1
Three boys are jumping off a platform,Some boys are jumping off a platform,4.800000190734863,1,4.800000190734863,5.031403064727783,1,1,0.23140287399291992,0.23140287399291992,1
Three boys are jumping off a platform,Nobody is jumping off a platform,3.799999952316284,2,3.799999952316284,3.4566891193389893,2,2,-0.3433108329772949,0.3433108329772949,1
Some boys are jumping off a platform,A boy is jumping off a platform and two other boys are standing and watching,4.0,0,4.0,4.247582912445068,0,0,0.24758291244506836,0.24758291244506836,1
Three boys are jumping off a platform,A boy is jumping on a platform and two other boys are sitting absentmindedly,3.4649999141693115,0,3.4649999141693115,3.632418394088745,0,0,0.1674184799194336,0.1674184799194336,1
Three boys are jumping off a platform,A boy is jumping off a platform and two other boys are standing and watching,3.9000000953674316,0,3.900000095367432,4.3894548416137695,0,0,0.4894547462463379,0.4894547462463379,1
"Four middle eastern children, three girls and one boy, are climbing on the grotto with a pink interior","The grotto with a pink interior is being climbed by four middle eastern children, three girls and one boy",4.900000095367432,1,4.900000095367432,5.091181755065918,1,1,0.19118165969848633,0.19118165969848633,1
There is no one climbing on the grotto with a pink interior,"Four middle eastern children, three girls and one boy, are climbing on the grotto with a pink interior",3.0999999046325684,2,3.0999999046325684,3.460211753845215,2,2,0.3602118492126465,0.3602118492126465,1
"The grotto with a pink interior is being climbed by four middle eastern children, three girls and one boy",A group of kids is playing on a colorful structure,3.0,1,3.0,3.9563591480255127,1,0,0.9563591480255127,0.9563591480255127,0
"Four middle eastern children, three girls and one boy, are climbing on the grotto with a pink interior",A group of kids is playing on a structure which is colorful,3.7850000858306885,1,3.785000085830689,4.27961015701294,1,1,0.49461007118225186,0.49461007118225186,1
The group of people is sitting on the ground outside a monument,The group of people is not sitting on the ground outside a monument,2.799999952316284,2,2.799999952316284,3.469012498855591,2,2,0.6690125465393066,0.6690125465393066,1
A group of people is sitting relaxed on both sides of a red stone monument,The group of people is sitting on the ground outside a monument,4.099999904632568,0,4.099999904632568,3.830672025680542,0,0,-0.26932787895202637,0.26932787895202637,1
The group of people is sitting on the ground outside a monument,A group of people is standing on both sides of a red stone structure,3.5,0,3.5,2.983076333999634,0,0,-0.5169236660003662,0.5169236660003662,1
The group of people is sitting on the ground outside a monument,A group of people is sitting on both sides of a red stone structure,3.5999999046325684,0,3.5999999046325684,3.695005655288696,0,0,0.09500575065612749,0.09500575065612749,1
A small child is lying outdoors in a grassy area,A small child is outdoors climbing steps in a grassy area,3.5999999046325684,0,3.5999999046325684,3.365480899810791,0,0,-0.23451900482177734,0.23451900482177734,1
A little child in a pink sweater is climbing a concrete staircase,A small child in a pink sweater is climbing a concrete staircase,4.800000190734863,1,4.800000190734863,5.196610927581787,1,1,0.39661073684692383,0.39661073684692383,1
A small child in a pink sweater is climbing a concrete staircase,There is no small child in a pink sweater climbing a concrete staircase,3.0999999046325684,2,3.0999999046325684,3.475321054458618,2,2,0.3753211498260498,0.3753211498260498,1
A small child is outdoors climbing steps in a grassy area,There is no small child in a pink sweater climbing a concrete staircase,2.5999999046325684,0,2.5999999046325684,2.871774196624756,0,0,0.2717742919921875,0.2717742919921875,1
A small child in a pink sweater is climbing a concrete staircase,A small child is lying outdoors in a grassy area,2.200000047683716,0,2.200000047683716,2.2591774463653564,0,0,0.059177398681640625,0.059177398681640625,1
A small child in a pink sweater is climbing a concrete staircase,A small child is outdoors climbing steps in a grassy area,3.5999999046325684,0,3.5999999046325684,3.4279372692108154,0,0,-0.17206263542175293,0.17206263542175293,1
"A bird, which is black, is sitting on a dead tree",A black bird is sitting on a dead tree,5.0,1,5.0,5.1793365478515625,1,1,0.1793365478515625,0.1793365478515625,1
A dead bird is near a black man sitting on a tree,A black bird is sitting on a dead tree,2.0999999046325684,0,2.0999999046325684,4.220243453979492,0,1,2.120243549346924,2.120243549346924,0
The black bird is sitting in a leafless tree,"A bird, which is black, is sitting on a dead tree",4.300000190734863,0,4.300000190734863,3.4266958236694336,0,0,-0.8733043670654297,0.8733043670654297,1
A black bird is sitting on a dead tree,The black bird is sitting comfortably in a leafless tree,4.0,0,4.0,3.6835570335388175,0,0,-0.31644296646118253,0.31644296646118253,1
The black bird is sitting in a leafless tree,A black bird is sitting on a dead tree,4.5,0,4.5,3.5117924213409424,0,0,-0.9882075786590576,0.9882075786590576,1
There is no kid in orange playing outside with a snowball,A kid in orange is playing outside with a snowball,3.5,2,3.5,3.57972264289856,2,2,0.07972264289856001,0.07972264289856001,1
A child is making a snow ball,A snow ball is being made by a child,5.0,1,5.0,5.106797218322754,1,1,0.1067972183227539,0.1067972183227539,1
A child is smashing a snow ball,A kid in orange is playing outside with a snowball,3.9000000953674316,0,3.900000095367432,4.213609218597412,0,0,0.31360912322998047,0.31360912322998047,1
A child is making a snow ball,There is no kid in orange playing outside with a snowball,3.200000047683716,0,3.200000047683716,3.4329116344451904,0,0,0.2329115867614746,0.2329115867614746,1
Three people are sitting on a bench under some palm trees,A few people are sitting on a bench under some palm trees,4.434999942779541,1,4.434999942779541,5.051455497741699,1,1,0.6164555549621582,0.6164555549621582,1
The people are not sitting on a bench in front of a restaurant,The people are sitting on a bench in front of a restaurant,3.5,2,3.5,3.5932509899139404,2,2,0.09325098991394043,0.09325098991394043,1
Three people are sitting on a bench under some palm trees,The people are sitting aimlessly on a bench in front of a restaurant,3.365000009536743,0,3.365000009536743,3.2007949352264404,0,0,-0.16420507431030273,0.16420507431030273,1
Three people are sitting on a bench under some palm trees,The people are sitting in a restaurant in front of the beach,3.4000000953674316,0,3.400000095367432,2.705089807510376,0,0,-0.6949102878570557,0.6949102878570557,1
Three people are standing by a bench under some palm trees,The people are sitting on a bench in front of a restaurant,3.0999999046325684,0,3.0999999046325684,2.824015855789185,0,0,-0.27598404884338334,0.27598404884338334,1
Three people are sitting on a bench under some palm trees,The people are sitting on a bench in front of a restaurant,3.265000104904175,0,3.265000104904175,3.4937567710876465,0,0,0.22875666618347168,0.22875666618347168,1
Two people are sitting in lawn chairs and are reading books,Two people in two chairs are reading pleasantly,4.300000190734863,0,4.300000190734863,4.216354370117188,0,0,-0.0836458206176749,0.0836458206176749,1
Two people in two chairs are reading,Some people are sitting in lawn chairs and are reading books,3.934999942779541,0,3.934999942779541,4.224298000335693,0,0,0.28929805755615234,0.28929805755615234,1
Two people are sitting in lawn chairs and are reading books,Two people in two chairs are reading,4.5,1,4.5,4.5731282234191895,1,1,0.07312822341918945,0.07312822341918945,1
The brown dog is sniffing the back of a small black dog,The brown dog is not sniffing the back of a small black dog,3.5999999046325684,2,3.5999999046325684,3.455243825912476,2,2,-0.14475607872009233,0.14475607872009233,1
The brown dog is sniffing the back of a small black dog,There is no large brown dog and small grey dog standing on a rocky surface,3.299999952316284,0,3.299999952316284,2.4335806369781494,0,0,-0.8664193153381348,0.8664193153381348,1
Three boys are carefully walking on rocks along a river,Three boys are walking on rocks along a river,4.5,1,4.5,4.8973493576049805,1,1,0.39734935760498047,0.39734935760498047,1
The men in brown shorts are walking on the rocks beside a river,The men in brown shorts are not walking on the rocks beside a river,4.300000190734863,2,4.300000190734863,3.5004429817199707,2,2,-0.7995572090148926,0.7995572090148926,1
A dog is jumping for a Frisbee in the snow,The dog is jumping for a Frisbee in the snow,5.0,1,5.0,5.178869247436523,1,1,0.17886924743652344,0.17886924743652344,1
A black dog in the snow is jumping off the ground and catching a stick,A black dog in the snow is leaping off the ground and catching a stick,5.0,1,5.0,5.16119909286499,1,1,0.16119909286499023,0.16119909286499023,1
A dog is jumping for a Frisbee in the snow,A black dog in the snow is jumping onto the ground and missing a stick,2.9000000953674316,0,2.900000095367432,3.0615017414093018,0,0,0.16150164604187012,0.16150164604187012,1
The dog is jumping for a Frisbee in the snow,A black dog in the snow is jumping off the ground and catching a stick,2.799999952316284,0,2.799999952316284,3.460265636444092,0,0,0.6602656841278076,0.6602656841278076,1
A black dog in the snow is jumping off the ground and catching a stick,A dog is jumping for a Frisbee in the snow,3.0,0,3.0,3.025641918182373,0,0,0.025641918182373047,0.025641918182373047,1
A man elegantly dressed in black is wearing an elaborate black mask,A man dressed in black is wearing an elaborate black mask,4.699999809265137,1,4.699999809265137,5.011524677276611,1,1,0.3115248680114746,0.3115248680114746,1
A man is holding a mask in his raised hand,A mask is being held by a man in his raised hand,5.0,1,5.0,5.128495693206787,1,1,0.1284956932067871,0.1284956932067871,1
There is no man holding a mask in his raised hand,A man is holding a mask in his raised hand,3.5999999046325684,2,3.5999999046325684,3.6151530742645264,2,2,0.015153169631958008,0.015153169631958008,1
A man dressed in black is wearing an elaborate black mask,A mask is being held by a man in his raised hand,3.200000047683716,0,3.200000047683716,3.8677189350128174,0,0,0.6677188873291016,0.6677188873291016,1
A man dressed in black is wearing an elaborate black mask,There is no man holding a mask in his raised hand,2.799999952316284,0,2.799999952316284,3.2859649658203125,0,0,0.4859650135040283,0.4859650135040283,1
A man is holding a mask in his raised hand,There is no man dressed in black wearing an elaborate black mask,2.799999952316284,0,2.799999952316284,3.281691551208496,0,0,0.4816915988922119,0.4816915988922119,1
"Two children are peering over a ledge, which is rusty",Two children are peering over a rusty ledge,4.900000095367432,1,4.900000095367432,5.117517471313477,1,1,0.21751737594604492,0.21751737594604492,1
Two children are leaning on a rusty ledge,Two children are peering over a rusty ledge,3.799999952316284,1,3.799999952316284,4.237756252288818,1,0,0.4377562999725342,0.4377562999725342,0
Two children are crouching under some bars made of metal,Two children are crouching under some metal bars,5.0,1,5.0,5.055914402008057,1,1,0.05591440200805664,0.05591440200805664,1
Two children are crouching under some metal bars,Two children are stretching over some metal bars,3.4000000953674316,0,3.400000095367432,3.6389193534851074,0,0,0.23891925811767578,0.23891925811767578,1
Two children are peering over a rusty ledge,Two children are crouching under some bars made of metal,2.700000047683716,0,2.700000047683716,3.1678426265716557,0,0,0.4678425788879399,0.4678425788879399,1
Two children are stretching over some metal bars,Two children are peering over a rusty ledge,2.799999952316284,0,2.799999952316284,2.9535844326019287,0,0,0.15358448028564453,0.15358448028564453,1
Two children are crouching under some metal bars,"Two children are peering over a ledge, which is rusty",3.4000000953674316,0,3.400000095367432,2.327969789505005,0,0,-1.0720303058624268,1.0720303058624268,1
"The player in purple, white and black is playing near the end of the field","A player in purple, white and black is playing near the end of the field",5.0,1,5.0,5.164092540740967,1,1,0.1640925407409668,0.1640925407409668,1
"The player in purple, white and black is playing near the end of the field",The black player is making the white player a play near the end of a purple field,3.299999952316284,0,3.299999952316284,3.609105348587036,0,0,0.30910539627075195,0.30910539627075195,1
"The player in purple, white and black is playing near the end of the field",A sports uniform is being worn by a man who is running down the field,3.4000000953674316,0,3.400000095367432,2.966650009155273,0,0,-0.43335008621215865,0.43335008621215865,1
A man is naked and is lying in the field,"The player in purple, white and black is playing near the end of the field",2.0,0,2.0,2.25501036643982,0,0,0.2550103664398198,0.2550103664398198,1
"A player in purple, white and black is playing near the end of the field",A man is wearing a sports uniform and is running down the field,3.5999999046325684,0,3.5999999046325684,3.0316550731658936,0,0,-0.5683448314666748,0.5683448314666748,1
"The player in purple, white and black is not playing near the end of the field",A man is wearing a sports uniform and is running down the field,3.0,0,3.0,2.991807699203491,0,0,-0.008192300796508789,0.008192300796508789,1
A man is wearing a sports uniform and is running down the field,"The player in purple, white and black is playing near the end of the field",3.4000000953674316,0,3.400000095367432,3.1841554641723637,0,0,-0.21584463119506792,0.21584463119506792,1
A person is stopping the bicycle in the sand beside the ocean,A person is riding a bicycle in the sand beside the ocean,3.5999999046325684,0,3.5999999046325684,4.002616882324219,0,0,0.4026169776916504,0.4026169776916504,1
A man on a bicycle is riding on the beach,A person is stopping the bicycle in the sand beside the ocean,4.0,0,4.0,3.759653806686402,0,0,-0.2403461933135982,0.2403461933135982,1
A man on a bike is riding on the shore,A person is riding a bicycle in the sand beside the ocean,4.0,0,4.0,4.432037353515625,0,1,0.432037353515625,0.432037353515625,0
A man on a bicycle is riding on the beach,A person is riding a bicycle in the sand beside the ocean,4.5,1,4.5,4.4140472412109375,1,0,-0.0859527587890625,0.0859527587890625,0
A large duck is flying over a rocky stream,"A duck, which is large, is flying over a rocky stream",4.800000190734863,1,4.800000190734863,5.153016090393066,1,1,0.3530158996582031,0.3530158996582031,1
A large duck is flying over a rocky stream,"A large stream is full of rocks, ducks and flies",2.700000047683716,0,2.700000047683716,3.7265892028808594,0,0,1.0265891551971436,1.0265891551971436,1
A seabird is slowly flying over some rocks,A large duck is flying over a rocky stream,3.799999952316284,0,3.799999952316284,3.103224039077759,0,0,-0.6967759132385254,0.6967759132385254,1
A large duck is flying over a rocky stream,There is no seabird flying over some rocks,3.799999952316284,0,3.799999952316284,3.3206803798675537,0,0,-0.47931957244873047,0.47931957244873047,1
"A duck, which is large, is flying over a rocky stream",A seabird is flying over some rocks,4.0,1,4.0,4.2039995193481445,1,1,0.20399951934814453,0.20399951934814453,1
A seabird is flying over some rocks,A large duck is perching over a rocky stream,3.299999952316284,0,3.299999952316284,2.557462215423584,0,0,-0.7425377368927002,0.7425377368927002,1
A large duck is flying over a rocky stream,A seabird is flying over some rocks,3.799999952316284,0,3.799999952316284,4.15067195892334,0,1,0.35067200660705566,0.35067200660705566,0
The kids are chasing each other in the sand,The children are chasing each other in the sand,4.900000095367432,1,4.900000095367432,5.079689025878906,1,1,0.1796889305114746,0.1796889305114746,1
There is no little boy running on the ground and playing with a little girl,A little boy is running on the ground and playing with a little girl,3.9000000953674316,2,3.900000095367432,3.610699415206909,2,2,-0.28930068016052246,0.28930068016052246,1
The kids are chasing each other in the sand,The little boy is running on the ground and playing with a little girl,3.299999952316284,0,3.299999952316284,3.405109167098999,0,0,0.10510921478271484,0.10510921478271484,1
The kids are chasing each other in the sand,There is no little boy running on the ground and playing with a little girl,2.799999952316284,0,2.799999952316284,3.2193410396575928,0,0,0.4193410873413086,0.4193410873413086,1
The children are chasing each other in the sand,A little boy is running on the ground and playing with a little girl,3.4000000953674316,0,3.400000095367432,3.5293900966644287,0,0,0.12939000129699707,0.12939000129699707,1
The kids are not chasing each other in the sand,A little boy is running on the ground and playing with a little girl,2.5999999046325684,0,2.5999999046325684,3.176198720932007,0,0,0.5761988162994385,0.5761988162994385,1
Two small children are playing with a toy car in the street,"Two children, who are small, are playing with a toy car in the street",4.900000095367432,1,4.900000095367432,5.131493091583252,1,1,0.2314929962158203,0.2314929962158203,1
Two small children are playing with a toy car in the street,Two small children are idling in the street,3.5,0,3.5,3.053178548812866,0,0,-0.4468214511871338,0.4468214511871338,1
A father is pulling his daughter on a go-kart and another girl is looking away,A father is pushing his daughter on a go-kart and another girl is watching,3.5,0,3.5,4.728448867797852,0,1,1.2284488677978516,1.2284488677978516,0
A daughter is being pushed by her father on a go-kart and another girl is watching,Two small children are playing with a toy car in the street,2.299999952316284,0,2.299999952316284,2.7302072048187256,0,0,0.4302072525024414,0.4302072525024414,1
Two small children are playing with a toy car in the street,A girl is pushing a go-kart and a daughter is watching her father,2.9000000953674316,0,2.900000095367432,2.523557424545288,0,0,-0.37644267082214355,0.37644267082214355,1
Two small children are idling in the street,A father is pushing his daughter on a go-kart and another girl is watching,1.5,0,1.5,2.017707586288452,0,0,0.5177075862884521,0.5177075862884521,1
A dog is quickly running uphill,A dog is running uphill,4.400000095367432,1,4.400000095367432,4.888598442077637,1,1,0.4885983467102051,0.4885983467102051,1
A dog is running downhill,A dog is running uphill,3.200000047683716,0,3.200000047683716,4.98272705078125,0,1,1.7827270030975342,1.7827270030975342,0
A dog is running up a hill full of grass,A dog is running up a grassy hill,4.900000095367432,1,4.900000095367432,4.938197612762451,1,1,0.03819751739501953,0.03819751739501953,1
A dog is running up a hill full of grass,A dog is running uphill,4.199999809265137,1,4.199999809265137,4.464047908782959,1,1,0.26404809951782227,0.26404809951782227,1
A dog is running up a grassy hill,A dog is quickly running uphill,4.0,0,4.0,4.314059257507324,0,1,0.3140592575073242,0.3140592575073242,0
A dog is running downhill,A dog is running up a grassy hill,3.0,0,3.0,3.381700277328491,0,0,0.3817002773284912,0.3817002773284912,1
A dog is running up a grassy hill,A dog is running uphill,4.400000095367432,1,4.400000095367432,4.357589244842529,1,1,-0.042410850524902344,0.042410850524902344,1
A golden dog is running through a field of tall grass,The golden dog is running through a field of tall grass,4.900000095367432,1,4.900000095367432,5.071135520935059,1,1,0.17113542556762695,0.17113542556762695,1
There is no brown dog running through tall green grass,A brown dog is running through tall green grass,3.9000000953674316,2,3.900000095367432,3.5560638904571533,2,2,-0.3439362049102783,0.3439362049102783,1
The golden dog is running through a field of tall grass,A brown dog is running through tall green grass,3.700000047683716,0,3.700000047683716,4.13665771484375,0,0,0.4366576671600342,0.4366576671600342,1
Two dogs are playing on the beach,Two dogs are resting on the beach,3.700000047683716,0,3.700000047683716,3.639155149459839,0,0,-0.06084489822387695,0.06084489822387695,1
A couple of white dogs are running and jumping along a beach,Two white dogs are running and jumping along a beach,4.900000095367432,1,4.900000095367432,5.065767765045166,1,1,0.16576766967773438,0.16576766967773438,1
There are no white dogs running and jumping along a beach,Two white dogs are running and jumping along a beach,3.9000000953674316,2,3.900000095367432,3.599072933197021,2,2,-0.3009271621704106,0.3009271621704106,1
A couple of white dogs are running and jumping along a beach,Two dogs are playing on the beach,4.400000095367432,1,4.400000095367432,4.037210464477539,1,0,-0.3627896308898926,0.3627896308898926,0
Two white dogs are running and jumping along a beach,Two dogs are cheerfully playing on the beach,3.9000000953674316,0,3.900000095367432,4.057161808013916,0,0,0.15716171264648438,0.15716171264648438,1
Two white dogs are running and jumping along a beach,Two dogs are playing on the beach,4.184999942779541,1,4.184999942779541,3.9344944953918457,1,0,-0.2505054473876953,0.2505054473876953,0
A dog is running alongside a fence on a dirt track,A dog is running alongside a fence on a track full of dirt,4.900000095367432,1,4.900000095367432,5.036893844604492,1,1,0.13689374923706055,0.13689374923706055,1
A dog is running alongside a fence on a dirt track,A dog is sitting by a fence on a dirt track,3.799999952316284,0,3.799999952316284,3.553139925003052,0,0,-0.24686002731323198,0.24686002731323198,1
A dog is running alongside a fence on a track full of dirt,The large brown dog is running outside in the dirt,4.0,0,4.0,3.845076084136963,0,0,-0.1549239158630371,0.1549239158630371,1
The large brown dog is not running outside in the dirt,A dog is running alongside a fence on a dirt track,3.200000047683716,0,3.200000047683716,3.2092173099517822,0,0,0.009217262268066406,0.009217262268066406,1
A young girl in a coat made for winter is jumping off a boulder into the sand at a beach,A young girl in a winter coat is jumping off a boulder into the sand at a beach,4.800000190734863,1,4.800000190734863,5.061414241790772,1,1,0.2614140510559091,0.2614140510559091,1
There is no young girl in a winter coat jumping off a boulder into the sand at a beach,A young girl in a winter coat is jumping off a boulder into the sand at a beach,3.4000000953674316,2,3.400000095367432,3.644991159439087,2,2,0.24499106407165527,0.24499106407165527,1
A girl is jumping off a rock and another is standing on it,A girl is jumping on a rock and another is sitting on it,3.799999952316284,0,3.799999952316284,3.993974924087525,0,0,0.19397497177124068,0.19397497177124068,1
One girl is jumping off a rock and another is standing on it,A young girl in a winter coat is jumping off a boulder into the sand at a beach,2.799999952316284,0,2.799999952316284,3.3199634552001958,0,0,0.5199635028839116,0.5199635028839116,1
A young girl in a winter coat is jumping off a boulder into the sand at a beach,A girl is jumping on a rock and another is sitting on it,3.0,0,3.0,3.425457000732422,0,0,0.4254570007324219,0.4254570007324219,1
There is no young girl in a winter coat jumping off a boulder into the sand at a beach,A girl is jumping off a rock and another is standing on it,2.9000000953674316,0,2.900000095367432,3.201599597930908,0,0,0.30159950256347656,0.30159950256347656,1
The man with brown hair is not wearing sunglasses and is not sitting at a table with cans of soda and other drinks,The man with brown hair is wearing sunglasses and is sitting at a table with cans of soda and other drinks,3.299999952316284,2,3.299999952316284,3.557966947555542,2,2,0.2579669952392578,0.2579669952392578,1
A young man with brown hair and sunglasses is sitting in front of some cans of soda,There is no young man with brown hair and sunglasses sitting in front of some cans of soda,3.200000047683716,2,3.200000047683716,3.535468339920044,2,2,0.3354682922363281,0.3354682922363281,1
The man with brown hair is not wearing sunglasses and is not sitting at a table with cans of soda and other drinks,A young man with brown hair and sunglasses is sitting in front of some cans of soda,4.0,0,4.0,3.5748369693756104,0,0,-0.42516303062438965,0.42516303062438965,1
A woman wearing a blue and white uniform with a white and blue hat is keeping her mouth open and is near others dressed in the same fashion,The woman wearing the blue and white uniform with a white and blue hat is keeping her mouth open and is near others who are dressed in the same fashion,5.0,1,5.0,5.063437461853027,1,1,0.06343746185302734,0.06343746185302734,1
"A woman is wearing a shirt, which is blue, with a white vest and a white cap and is talking and marching",A woman is wearing a blue shirt with a white vest and a white cap and is talking and marching,4.699999809265137,1,4.699999809265137,5.029410362243652,1,1,0.3294105529785156,0.3294105529785156,1
A woman is wearing a blue shirt with a white vest and a white cap and is talking and marching,"There is no woman wearing a blue shirt with a white vest and a white cap, talking and marching",4.300000190734863,2,4.300000190734863,3.5347647666931152,2,2,-0.765235424041748,0.765235424041748,1
"A woman is wearing a shirt, which is blue, with a white vest and a white cap and is talking and marching",A woman wearing a blue and white uniform with a white and blue hat is keeping her mouth open and is near others dressed in the same fashion,3.4000000953674316,0,3.400000095367432,3.320768117904663,0,0,-0.07923197746276855,0.07923197746276855,1
A woman wearing a blue and white uniform with a white and blue hat is keeping her mouth open and is near others dressed in the same fashion,"There is no woman wearing a blue shirt with a white vest and a white cap, talking and marching",2.9000000953674316,0,2.900000095367432,2.968632936477661,0,0,0.06863284111022949,0.06863284111022949,1
A man is uninterestedly holding a sign and is seeking money,A man is holding a sign and is seeking money,4.400000095367432,1,4.400000095367432,4.822482585906982,1,1,0.4224824905395508,0.4224824905395508,1
There is no man holding a sign and seeking money,A man is holding a sign and is seeking money,3.0999999046325684,2,3.0999999046325684,3.5913519859313965,2,2,0.4913520812988281,0.4913520812988281,1
A man is holding a sign and is seeking money,A man is seeking a sign and is holding some money,3.0,0,3.0,5.06004810333252,0,1,2.0600481033325204,2.0600481033325204,0
A bearded man is standing by a shopping cart and is holding a cardboard sign,A man is holding a sign and is seeking money,3.4000000953674316,0,3.400000095367432,3.892280340194702,0,0,0.4922802448272705,0.4922802448272705,1
The snowboarder is doing a flip over a mound of snow,A snowboarder is doing a flip over a mound of snow,4.900000095367432,1,4.900000095367432,5.158457279205322,1,1,0.2584571838378906,0.2584571838378906,1
Somebody is leaping in the air on a board,Somebody is jumping in the air on a board,4.900000095367432,1,4.900000095367432,5.1279802322387695,1,1,0.2279801368713379,0.2279801368713379,1
There is nobody jumping in the air on a board,Somebody is jumping in the air on a board,3.5,2,3.5,3.586233377456665,2,2,0.08623337745666504,0.08623337745666504,1
A snowboarder is doing a flip over a mound of snow,Somebody is leaping in the air on a board,3.5999999046325684,1,3.5999999046325684,4.0815863609313965,1,0,0.4815864562988281,0.4815864562988281,0
There is no snowboarder doing a flip over a mound of snow,Somebody is jumping in the air on a board,3.0999999046325684,0,3.0999999046325684,3.5583724975585938,0,0,0.4583725929260254,0.4583725929260254,1
A large crowd in warm clothing is posing for a camera,"A crowd, which is large, in warm clothing is posing for a camera",4.900000095367432,1,4.900000095367432,5.170046806335449,1,1,0.2700467109680176,0.2700467109680176,1
A large crowd in warm clothing is walking away from a camera,A large crowd in warm clothing is posing for a camera,3.9000000953674316,0,3.900000095367432,3.728012561798096,0,0,-0.1719875335693355,0.1719875335693355,1
A large crowd in warm clothing is posing for a camera,A crowd is posing for a large camera man in heavy clothing,4.300000190734863,0,4.300000190734863,3.774761915206909,0,0,-0.5252382755279541,0.5252382755279541,1
"Two men, a woman, and two young boys are standing aimlessly in front of a large gathering of people outside a building","Two men, a woman, and two young boys are standing in front of a large gathering of people outside a building",4.5,1,4.5,4.656991958618164,1,1,0.15699195861816406,0.15699195861816406,1
"Two men, a woman, and two young boys are sitting in front of a large gathering of people outside a building","Two men, a woman, and two young boys are standing in front of a large gathering of people outside a building",3.799999952316284,0,3.799999952316284,3.977513074874878,0,0,0.17751312255859375,0.17751312255859375,1
"Two men, a woman, and two young boys are sitting in front of a large gathering of people outside a building",A large crowd in warm clothing is posing for a camera,1.899999976158142,0,1.899999976158142,2.3313679695129395,0,0,0.43136799335479736,0.43136799335479736,1
A large crowd in warm clothing is walking away from a camera,"Two men, a woman, and two young boys are standing in front of a large gathering of people outside a building",1.5,0,1.5,2.422767877578736,0,0,0.9227678775787358,0.9227678775787358,1
"Two men, a woman, and two young boys are standing in front of a large gathering of people outside a building",A crowd is posing for a large camera man in heavy clothing,2.200000047683716,0,2.200000047683716,2.4969613552093506,0,0,0.29696130752563477,0.29696130752563477,1
A blonde boy in green is sitting on a swing,A blonde boy in green is standing on a swing,4.300000190734863,2,4.300000190734863,4.103294849395752,2,0,-0.19670534133911133,0.19670534133911133,0
A little girl with blond hair is smiling and sitting on a swing,A blond kid in green is sitting on a swing,3.700000047683716,0,3.700000047683716,4.170411586761475,0,0,0.4704115390777588,0.4704115390777588,1
A blonde boy in green is standing on a swing,A little girl with blond hair is smiling and sitting on a swing,2.700000047683716,0,2.700000047683716,3.28098464012146,0,0,0.5809845924377441,0.5809845924377441,1
A blonde in green is sitting by a swinging boy,A little girl with blond hair is smiling and sitting on a swing,3.0,0,3.0,3.235673189163208,0,0,0.235673189163208,0.235673189163208,1
"A girl, who is little, with blond hair is smiling and sitting on a swing",A blonde boy in green is sitting on a swing,3.299999952316284,0,3.299999952316284,3.186027765274048,0,0,-0.11397218704223633,0.11397218704223633,1
A blonde boy in green is sitting on a swing,A little girl with blond hair is smiling and sitting on a swing,3.4000000953674316,0,3.400000095367432,3.3880598545074463,0,0,-0.011940240859985352,0.011940240859985352,1
The man in the white hat is playing guitar on stage,A man in a white hat is playing guitar on stage,4.900000095367432,1,4.900000095367432,5.178366661071777,1,1,0.2783665657043457,0.2783665657043457,1
A man in a white hat is playing guitar on stage,A man in a white hat is getting off stage,3.9000000953674316,0,3.900000095367432,3.403247356414795,0,0,-0.4967527389526367,0.4967527389526367,1
The man in the white hat is playing guitar on stage,Four people are performing music outdoors,2.700000047683716,0,2.700000047683716,3.2439210414886475,0,0,0.5439209938049316,0.5439209938049316,1
A man in a white hat is getting off stage,Four people are performing music outdoors,1.5,0,1.5,2.424175500869751,0,0,0.924175500869751,0.924175500869751,1
A man in a white hat is playing guitar on stage,Music is being performed by four people outdoors,2.799999952316284,0,2.799999952316284,3.254689931869507,0,0,0.45468997955322266,0.45468997955322266,1
A man in a white hat is playing guitar on stage,Four people are performing music outdoors,2.4000000953674316,0,2.400000095367432,3.2659051418304443,0,0,0.8659050464630127,0.8659050464630127,1
A man in a red uniform is making a jump in a dirt bike race,A man in a red uniform is racing and making a jump over a bike in the dirt,3.700000047683716,0,3.700000047683716,4.061686992645264,0,0,0.36168694496154785,0.36168694496154785,1
A man in a red uniform is swiftly making a jump in a dirt bike race,A man is participating in a bmx race,4.099999904632568,1,4.099999904632568,3.153602123260498,1,0,-0.9463977813720703,0.9463977813720703,0
A man in a red uniform is making a jump in a dirt bike race,A man is participating in a race for bmxs,3.9000000953674316,0,3.900000095367432,3.083446979522705,0,0,-0.8165531158447266,0.8165531158447266,1
A man is not participating in a bmx race,A man in a red uniform is making a jump in a dirt bike race,3.0,2,3.0,2.9640510082244877,2,0,-0.03594899177551225,0.03594899177551225,0
There is no family posing by the mantel and the Christmas tree,A happy family is posing by the fireplace,3.9000000953674316,2,3.900000095367432,3.2062556743621826,2,0,-0.693744421005249,0.693744421005249,0
"A family, which looks happy, is posing by the fireplace",A family is posing by the mantel and the Christmas tree,3.799999952316284,0,3.799999952316284,3.761795282363892,0,0,-0.038204669952392134,0.038204669952392134,1
A family is posing by the mantel and the Christmas tree,A sad family is posing by the fireplace,4.0,0,4.0,4.019634246826172,0,0,0.019634246826171875,0.019634246826171875,1
Two twin preteen boys are dueling with sticks,Two twin preteen kids are dueling with sticks,4.599999904632568,1,4.599999904632568,5.145681858062744,1,1,0.5456819534301758,0.5456819534301758,1
Two twin preteen boys are dueling with sticks,Two twin preteen boys are playing with cards,2.9000000953674316,0,2.900000095367432,3.4436936378479004,0,0,0.5436935424804688,0.5436935424804688,1
Two boys are wearing brown shirts and are enthusiastically tugging at a rope on a wooden platform,Two boys are wearing brown shirts and are tugging at a rope on a wooden platform,4.699999809265137,1,4.699999809265137,5.015464782714844,1,1,0.31546497344970703,0.31546497344970703,1
Some people playing rugby are tackling each other,Rugby players are tackling each other,4.800000190734863,1,4.800000190734863,4.880007743835449,1,1,0.08000755310058594,0.08000755310058594,1
Rugby players are tackling each other,An opponent is tackling a soccer player,2.9000000953674316,0,2.900000095367432,2.466170072555542,0,0,-0.43383002281188965,0.43383002281188965,1
A white dog is standing on fallen leaves,One white dog is standing on the leaves on the ground,4.5,1,4.5,4.519281387329102,1,0,0.019281387329101562,0.019281387329101562,0
A white dog is standing on fallen leaves,There is no white dog standing on the leaves on the ground,2.9000000953674316,2,2.900000095367432,3.571905374526977,2,2,0.6719052791595455,0.6719052791595455,1
A white dog is standing on the leaves on the ground,"A dog, which is white, is standing on fallen leaves",4.800000190734863,1,4.800000190734863,4.8596673011779785,1,1,0.059667110443115234,0.059667110443115234,1
A white dog is standing on the leaves on the ground,A white dog is standing on fallen leaves,4.699999809265137,1,4.699999809265137,4.881022930145264,1,1,0.18102312088012695,0.18102312088012695,1
Two girls are happily playing inside a jumper house,Two girls are playing inside a jumper house,4.599999904632568,1,4.599999904632568,4.9210076332092285,1,1,0.32100772857666016,0.32100772857666016,1
Two girls are jumping inside a playing house,Two girls are playing inside a jumper house,4.400000095367432,0,4.400000095367432,4.374089241027832,0,0,-0.02591085433959961,0.02591085433959961,1
A child in light colored clothing is standing with his arms extended outward,Two girls are not playing inside the jumper house,1.7999999523162842,0,1.7999999523162842,1.8048677444458008,0,0,0.0048677921295166016,0.0048677921295166016,1
Two girls are jumping inside a playing house,A child in light colored clothing is standing with his arms extended outward,1.600000023841858,0,1.600000023841858,1.3180084228515625,0,0,-0.2819916009902954,0.2819916009902954,1
Some children are playing on a playground,Some children are not playing on a playground,3.5999999046325684,2,3.5999999046325684,3.449932098388672,2,2,-0.15006780624389648,0.15006780624389648,1
The boy and girl are playing on the outdoor gym,Some kids are playing on a playground,4.099999904632568,0,4.099999904632568,4.013598918914795,0,0,-0.08640098571777344,0.08640098571777344,1
Some children are not playing on a playground,The boy and girl are playing on the outdoor gym,2.9000000953674316,0,2.900000095367432,3.21000075340271,0,0,0.3100006580352783,0.3100006580352783,1
A boy and a girl are playing on the outdoor gym,Some children are playing on a playground,3.799999952316284,1,3.799999952316284,3.665224075317383,1,0,-0.13477587699890137,0.13477587699890137,0
Some children are playing on a playground,The boy and girl are not playing on a playground,3.4000000953674316,0,3.400000095367432,3.572345972061157,0,2,0.17234587669372514,0.17234587669372514,0
The boy and girl are playing on the outdoor gym,Some children are playing on a playground,3.9000000953674316,0,3.900000095367432,3.709315538406372,0,0,-0.19068455696105957,0.19068455696105957,1
The motocross rider is wearing blue and black pants,The motocross rider is standing naked,2.6649999618530273,0,2.664999961853028,3.5085577964782715,0,0,0.8435578346252441,0.8435578346252441,1
The rider on the blue and black motocross bike is not wearing the pants,The motocross rider is wearing blue and black pants,3.765000104904175,0,3.765000104904175,3.698989152908325,0,2,-0.06601095199584961,0.06601095199584961,0
"A biker with a blue jacket, black pants and a white helmet is driving recklessly on dirt and people watch","A biker with a blue jacket, black pants and a white helmet is driving on dirt and people are watching",4.400000095367432,1,4.400000095367432,4.973822593688965,1,1,0.5738224983215332,0.5738224983215332,1
"A biker with a blue jacket, black pants and a white helmet is parking on dirt and people are not watching","A biker with a blue jacket, black pants and a white helmet is driving on dirt and people are watching",3.9000000953674316,2,3.900000095367432,3.9187726974487305,2,0,0.018772602081298828,0.018772602081298828,0
The motocross rider is wearing blue and black pants,"A biker with a blue jacket, black pants and a white helmet is parking on dirt and people are not watching",3.5,0,3.5,3.13761830329895,0,0,-0.3623816967010498,0.3623816967010498,1
"A biker with a blue jacket, black pants and a white helmet is driving on dirt and people are watching",Blue and black pants are being worn by the motocross rider,3.9000000953674316,1,3.900000095367432,3.840360641479492,1,0,-0.05963945388793945,0.05963945388793945,0
A young Asian woman with pink gloves is standing in the snow,"A woman, who is young and Asian, with gloves colored in pink, is standing in the snow",4.800000190734863,1,4.800000190734863,5.088559150695801,1,1,0.2885589599609375,0.2885589599609375,1
There is no young Asian woman with pink gloves standing in the snow,A young Asian woman with pink gloves is standing in the snow,3.4000000953674316,2,3.400000095367432,3.6179139614105225,2,2,0.21791386604309082,0.21791386604309082,1
A female wearing pink gloves and a brown jacket is smiling in the snow,The female wearing pink gloves and a brown jacket is smiling in the snow,5.0,1,5.0,5.190890312194824,1,1,0.19089031219482422,0.19089031219482422,1
A female wearing pink gloves and a brown jacket is not smiling in the snow,A female wearing pink gloves and a brown jacket is smiling in the snow,3.799999952316284,2,3.799999952316284,3.52624249458313,2,2,-0.2737574577331543,0.2737574577331543,1
The female wearing pink gloves and a brown jacket is smiling in the snow,A young Asian woman with pink gloves is standing in the snow,4.0,0,4.0,3.640100955963135,0,0,-0.3598990440368648,0.3598990440368648,1
A young Asian woman with pink gloves is standing in the snow,A female wearing pink gloves and a brown jacket is not smiling in the snow,3.615000009536743,0,3.615000009536743,3.276051521301269,0,0,-0.3389484882354741,0.3389484882354741,1
"A woman, who is young and Asian, with gloves colored in pink, is standing in the snow",A female wearing pink gloves and a brown jacket is smiling in the snow,3.9000000953674316,0,3.900000095367432,3.5921905040740967,0,0,-0.30780959129333496,0.30780959129333496,1
A female wearing pink gloves and a brown jacket is smiling in the snow,There is no young Asian woman with pink gloves standing in the snow,2.5,0,2.5,3.209388017654419,0,0,0.709388017654419,0.709388017654419,1
A man is drinking orange juice and walking,A person is drinking orange juice and walking,4.5,1,4.5,5.042338848114014,1,1,0.5423388481140137,0.5423388481140137,1
Orange juice is being drunk by a man who is walking on a sunny day,A man is drinking orange juice and walking on a sunny day,5.0,1,5.0,5.136958122253418,1,1,0.13695812225341797,0.13695812225341797,1
Orange juice is being drunk by a man who is walking on a sunny day,A man is drinking orange juice and walking,4.400000095367432,1,4.400000095367432,4.62413215637207,1,1,0.22413206100463867,0.22413206100463867,1
A man is spilling orange juice and standing still,A man is drinking orange juice and walking on a sunny day,2.5999999046325684,0,2.5999999046325684,3.292994737625122,0,0,0.6929948329925537,0.6929948329925537,1
The rollerblader is not performing a trick on a ramp,A rollerblader is performing a trick on a ramp,3.200000047683716,2,3.200000047683716,3.5308432579040527,2,2,0.3308432102203369,0.3308432102203369,1
A man on inline skates is skating at a skate park,A man on inline skates is resting at a skate park,3.6500000953674316,0,3.650000095367432,3.685383558273315,0,0,0.035383462905883345,0.035383462905883345,1
A rollerblader is performing a trick on a ramp,A man on inline skates is skating at a park built for skating,3.9149999618530273,0,3.9149999618530273,2.59441876411438,0,0,-1.3205811977386475,1.3205811977386475,1
A rollerblader is performing a trick on a ramp,A man on inline skates is resting at a skate park,3.0,0,3.0,2.0130057334899902,0,0,-0.9869942665100098,0.9869942665100098,1
The rollerblader is not performing a trick on a ramp,A man on inline skates is skating at a skate park,3.0999999046325684,0,3.0999999046325684,2.425339937210083,0,0,-0.6746599674224854,0.6746599674224854,1
A rollerblader is performing a trick on a ramp,A man on inline skates is skating at a skate park,3.700000047683716,0,3.700000047683716,2.984593391418457,0,0,-0.7154066562652588,0.7154066562652588,1
A dog with a black coat is standing in shallow water,A black dog is standing in shallow water,4.800000190734863,1,4.800000190734863,4.9395928382873535,1,1,0.13959264755249023,0.13959264755249023,1
A black dog with a red collar is amusedly putting its face in the water,A black dog with a red collar is putting its face in the water,4.199999809265137,1,4.199999809265137,5.014416694641113,1,1,0.8144168853759766,0.8144168853759766,1
A black dog with a red collar is putting its face in the water,There is no black dog with a red collar putting its face in the water,3.799999952316284,2,3.799999952316284,3.506425142288208,2,2,-0.29357481002807617,0.29357481002807617,1
A black dog is standing in shallow water,There is no black dog with a red collar putting its face in the water,3.0999999046325684,0,3.0999999046325684,3.035557508468628,0,0,-0.06444239616394043,0.06444239616394043,1
A black dog with a red collar is putting its face in the water,A dog with a black coat is standing in shallow water,2.799999952316284,0,2.799999952316284,3.7421231269836426,0,0,0.9421231746673584,0.9421231746673584,1
A black dog with a red collar is putting its face in the water,A black dog is standing in deep water,3.5999999046325684,0,3.5999999046325684,3.735646963119507,0,0,0.13564705848693848,0.13564705848693848,1
A group of football players is running in the field,A football game is being watched by the crowd,3.299999952316284,0,3.299999952316284,3.640416860580444,0,0,0.3404169082641597,0.3404169082641597,1
A group of football players is running in the field,The crowd is watching the football at the game,2.700000047683716,0,2.700000047683716,3.117835283279419,0,0,0.4178352355957031,0.4178352355957031,1
An oriental man and two women are in front of a camera,An oriental man and two women are facing a camera,4.400000095367432,0,4.400000095367432,4.9260454177856445,0,1,0.5260453224182129,0.5260453224182129,0
An oriental man and two women are turning their backs to the camera,An oriental man and two women are facing a camera,3.200000047683716,2,3.200000047683716,4.857307434082031,2,1,1.6573073863983154,1.6573073863983154,0
An oriental man and two women are in front of a camera,A group of people is standing together and looking at the camera,4.0,0,4.0,4.308178901672363,0,1,0.3081789016723633,0.3081789016723633,0
An oriental man and two women are turning their backs to the camera,A group of people is standing together and looking at the camera,3.4000000953674316,0,3.400000095367432,4.209495544433594,0,1,0.8094954490661621,0.8094954490661621,0
A child is sitting in a red and yellow toy car,A child is sitting in a toy car colored in red and yellow,4.800000190734863,1,4.800000190734863,5.16561222076416,1,1,0.3656120300292969,0.3656120300292969,1
A small girl is riding in a toy car,A small toy girl is in a riding car,2.700000047683716,0,2.700000047683716,5.103034973144531,0,1,2.4030349254608154,2.4030349254608154,0
A child is sitting in a red and yellow toy car,The small girl is riding in the toy car,4.199999809265137,0,4.199999809265137,3.50665545463562,0,0,-0.6933443546295166,0.6933443546295166,1
A small toy girl is in a riding car,A child is sitting in a red and yellow toy car,2.5999999046325684,0,2.5999999046325684,3.625511407852173,0,0,1.0255115032196045,1.0255115032196045,1
A small girl is riding in a toy car,There is no child sitting in a red and yellow toy car,3.9000000953674316,2,3.900000095367432,3.3209879398345947,2,0,-0.5790121555328369,0.5790121555328369,0
A child is sitting in a red and yellow toy car,A small girl is riding in a toy car,3.799999952316284,0,3.799999952316284,3.6774866580963135,0,0,-0.1225132942199707,0.1225132942199707,1
A child in a red outfit is dangerously jumping on a trampoline,A child in a red outfit is jumping on a trampoline,4.300000190734863,1,4.300000190734863,4.93292236328125,1,1,0.6329221725463867,0.6329221725463867,1
A child in a red outfit is jumping on a trampoline,There is no child in a red outfit jumping on a trampoline,3.200000047683716,2,3.200000047683716,3.4719078540802,2,2,0.2719078063964844,0.2719078063964844,1
A little boy in clothes dyed in red is jumping into the air,A little boy in red clothes is jumping into the air,4.599999904632568,1,4.599999904632568,5.054398059844971,1,1,0.45439815521240234,0.45439815521240234,1
A child in a red outfit is jumping on a trampoline,A little boy in clothes dyed in red is jumping into the air,3.700000047683716,0,3.700000047683716,4.655788898468018,0,1,0.9557888507843018,0.9557888507843018,0
The black dog is playing with the brown dog on the sand,A black dog is playing with a brown dog on the sand,4.800000190734863,1,4.800000190734863,5.1690778732299805,1,1,0.3690776824951172,0.3690776824951172,1
A brown dog and a black dog are playing in the sand,The black dog is playing with the brown dog on the sand,5.0,1,5.0,4.648832321166992,1,1,-0.3511676788330078,0.3511676788330078,1
A brown dog and a black dog are playing in the sand,A black dog is attacking a brown dog on the sand,3.4649999141693115,0,3.4649999141693115,3.562221050262451,0,0,0.09722113609313965,0.09722113609313965,1
A brown dog and a black dog are playing in the sand,A black dog is playing with a brown dog on the sand,5.0,1,5.0,4.770193099975586,1,1,-0.22980690002441406,0.22980690002441406,1
A woman and three men are posing motionlessly for a photo,A woman and three men are posing for a photo,4.800000190734863,1,4.800000190734863,4.784797668457031,1,1,-0.015202522277832031,0.015202522277832031,1
A woman and three men are posing for a photo,A woman and three men are denying a photo,3.5,0,3.5,3.634618043899536,0,0,0.13461804389953613,0.13461804389953613,1
Three men and a woman are standing still for a picture,Three men and a woman are posing for a picture,4.550000190734863,1,4.550000190734863,3.8264238834381104,1,0,-0.7235763072967529,0.7235763072967529,0
Three men and a woman are running away from a picture,Three men and a woman are posing for a picture,3.0999999046325684,0,3.0999999046325684,3.7899999618530273,0,0,0.690000057220459,0.690000057220459,1
Three men and a woman are standing still for a picture,A woman and three men are posing for a photo,4.400000095367432,1,4.400000095367432,3.818023920059204,1,0,-0.5819761753082275,0.5819761753082275,0
A woman and three men are posing for a photo,Three men and a woman are running away from a picture,3.0,2,3.0,3.548824548721313,2,0,0.548824548721313,0.548824548721313,0
Three men and a woman are posing for a picture,A woman is posing for three men for a photo,3.700000047683716,0,3.700000047683716,3.8988072872161865,0,0,0.1988072395324707,0.1988072395324707,1
Three men and a woman are posing for a picture,A woman and three men are posing for a photo,5.0,1,5.0,4.920002460479736,1,1,-0.07999753952026367,0.07999753952026367,1
A young boy covered in grass is jumping near a wooden fence,A young boy covered in grass is jumping near a fence made of wood,4.900000095367432,1,4.900000095367432,5.138383865356445,1,1,0.23838376998901367,0.23838376998901367,1
A wet boy is standing still on dirty and wet grass,A wet boy is jumping around on dirty and wet grass,2.9000000953674316,0,2.900000095367432,3.689355134963989,0,0,0.7893550395965572,0.7893550395965572,1
A wet boy is cheerfully jumping around on dirty and wet grass,A young boy covered in grass is jumping near a wooden fence,3.0999999046325684,0,3.0999999046325684,3.146157503128052,0,0,0.04615759849548384,0.04615759849548384,1
A wet boy is standing still on dirty and wet grass,A young boy covered in grass is jumping near a wooden fence,2.5,0,2.5,2.767167806625366,0,0,0.2671678066253662,0.2671678066253662,1
A wet boy is jumping around on dirty and wet grass,A young boy covered in grass is jumping near a fence made of wood,3.0,0,3.0,2.963149070739746,0,0,-0.036850929260253906,0.036850929260253906,1
A wet boy is jumping around on dirty and wet grass,A young boy is jumping and covering nearby wooden fence with grass,3.200000047683716,0,3.200000047683716,3.2647507190704346,0,0,0.06475067138671875,0.06475067138671875,1
A young boy covered in grass is jumping near a wooden fence,A wet boy is jumping around on dirty and wet grass,3.0,0,3.0,3.1605875492095947,0,0,0.16058754920959473,0.16058754920959473,1
The black dog is walking through the tall grass,The black dog is not walking through the tall grass,3.5999999046325684,2,3.5999999046325684,3.432403326034546,2,2,-0.16759657859802246,0.16759657859802246,1
The black dog is sprinting through the grass,The black dog is walking through the tall grass,3.700000047683716,0,3.700000047683716,3.914592027664185,0,0,0.2145919799804692,0.2145919799804692,1
The black dog is walking through the tall grass,The black dog is not running through the grass,4.400000095367432,1,4.400000095367432,3.8350632190704346,1,0,-0.5649368762969971,0.5649368762969971,0
A black dog is walking through some tall grass,The black dog is running through the grass,3.799999952316284,0,3.799999952316284,3.7180581092834473,0,0,-0.08194184303283691,0.08194184303283691,1
The black dog is not walking through the tall grass,The black dog is running through the grass,3.4000000953674316,0,3.400000095367432,3.777854681015015,0,0,0.37785458564758345,0.37785458564758345,1
The black dog is climbing on a rock,A rock is being climbed by the black dog,4.900000095367432,1,4.900000095367432,4.993621826171875,1,1,0.09362173080444336,0.09362173080444336,1
The black dog is climbing on a rock,The black dog is not climbing on a rock,3.700000047683716,2,3.700000047683716,3.45391058921814,2,2,-0.24608945846557573,0.24608945846557573,1
The black dog is climbing on a rock,The dog is standing with its two front paws on a rock in the field,3.0,0,3.0,3.6844403743743896,0,0,0.6844403743743896,0.6844403743743896,1
The black dog is climbing on a rock,There is no dog standing with its two front paws on a rock in the field,2.9000000953674316,0,2.900000095367432,3.411771774291992,0,0,0.5117716789245605,0.5117716789245605,1
A dog is standing with its two front paws on a rock in a field,A rock is being climbed by the black dog,3.5,0,3.5,3.629469633102417,0,0,0.129469633102417,0.129469633102417,1
A dog is standing with its two front paws on a rock in a field,The black dog is not climbing on a rock,3.0,0,3.0,3.1170475482940674,0,0,0.11704754829406738,0.11704754829406738,1
A dog is standing with its two front paws on a rock in a field,A black climber is rocking a dog,2.4000000953674316,0,2.400000095367432,2.085395574569702,0,0,-0.3146045207977295,0.3146045207977295,1
A dog is standing with its two front paws on a rock in a field,The black dog is climbing on a rock,2.799999952316284,0,2.799999952316284,3.648707151412964,0,0,0.8487071990966797,0.8487071990966797,1
A young child with hair of black color is taking a picture with a camera,A young child with black hair is taking a picture with a camera,4.900000095367432,1,4.900000095367432,5.092503070831299,1,1,0.1925029754638672,0.1925029754638672,1
A young child with black hair is deleting a picture from the camera,A young child with black hair is taking a picture with a camera,3.9000000953674316,0,3.900000095367432,3.831181764602661,0,0,-0.06881833076477051,0.06881833076477051,1
A child is holding a camera in front of his face,A camera is being held in front of the face of a child,4.099999904632568,1,4.099999904632568,5.024153709411621,1,1,0.9241538047790527,0.9241538047790527,1
A child is holding a camera in front of his face,There is no child holding a camera in front of his face,3.700000047683716,2,3.700000047683716,3.462027311325073,2,2,-0.23797273635864302,0.23797273635864302,1
A young child with black hair is taking a picture with a camera,A camera is being held in front of the face of a child,3.5,0,3.5,3.7589285373687744,0,0,0.2589285373687744,0.2589285373687744,1
A young child with black hair is taking a picture with a camera,There is no child holding a camera in front of his face,2.799999952316284,0,2.799999952316284,3.334089517593384,0,0,0.5340895652770996,0.5340895652770996,1
A child is holding a camera in front of his face,A young child with hair of black color is taking a picture with a camera,3.9000000953674316,0,3.900000095367432,3.6403634548187256,0,0,-0.25963664054870605,0.25963664054870605,1
A child is holding a camera in front of his face,A young child with black hair is deleting a picture from the camera,3.0999999046325684,0,3.0999999046325684,2.987705945968628,0,0,-0.11229395866394043,0.11229395866394043,1
A child is holding a camera in front of his face,A young child with black hair is taking a picture with a camera,3.700000047683716,0,3.700000047683716,3.78067946434021,0,0,0.08067941665649414,0.08067941665649414,1
Two little boys are wearing tuxedos,Two little kids are wearing tuxedos,4.199999809265137,1,4.199999809265137,5.048103332519531,1,1,0.8481035232543945,0.8481035232543945,1
Two little boys are not wearing tuxedos,Two little boys are wearing tuxedos,2.799999952316284,2,2.799999952316284,3.558300495147705,2,2,0.7583005428314209,0.7583005428314209,1
"Two boys, who look small, dressed in tuxedos are sitting on a red carpeted floor",Two small boys dressed in tuxedos are sitting on a red carpeted floor,4.800000190734863,1,4.800000190734863,5.082320690155029,1,1,0.282320499420166,0.282320499420166,1
"Two boys, who look small, dressed in tuxedos are sitting on a red carpeted floor",Two little boys are wearing tuxedos,4.199999809265137,1,4.199999809265137,4.19968843460083,1,0,-0.0003113746643066406,0.0003113746643066406,0
Two small boys dressed in tuxedos are standing on a red carpeted floor,Two little boys are wearing tuxedos,4.400000095367432,1,4.400000095367432,4.526611804962158,1,1,0.12661170959472656,0.12661170959472656,1
Two small boys dressed in tuxedos are sitting on a red carpeted floor,Two little kids are wearing tuxedos,4.5,1,4.5,4.438857078552246,1,1,-0.061142921447753906,0.061142921447753906,1
Two small boys dressed in tuxedos are sitting on a red carpeted floor,Two little boys are not wearing tuxedos,2.799999952316284,2,2.799999952316284,3.440812826156616,2,2,0.640812873840332,0.640812873840332,1
Two small boys dressed in tuxedos are sitting on a red carpeted floor,Two little boys are wearing tuxedos,4.400000095367432,1,4.400000095367432,4.468172073364258,1,1,0.06817197799682617,0.06817197799682617,1
A man is standing tiredly next to a bus,A man is standing next to a bus,4.199999809265137,1,4.199999809265137,4.757689952850342,1,1,0.5576901435852051,0.5576901435852051,1
There is no man standing next to a bus,A man is standing next to a bus,4.099999904632568,2,4.099999904632568,3.6004974842071533,2,2,-0.49950242042541504,0.49950242042541504,1
The man is standing on the sidewalk,A man is standing on a sidewalk,5.0,1,5.0,5.040935039520264,1,1,0.04093503952026367,0.04093503952026367,1
A man is standing next to a bus,The man is standing on the sidewalk,2.9000000953674316,0,2.900000095367432,2.829342842102051,0,0,-0.07065725326538086,0.07065725326538086,1
A man is sitting on a sidewalk,A man is standing next to a bus,2.700000047683716,0,2.700000047683716,1.7734744548797607,0,0,-0.9265255928039551,0.9265255928039551,1
A man is standing on a sidewalk,A man is standing tiredly next to a bus,3.799999952316284,0,3.799999952316284,2.322633981704712,0,0,-1.4773659706115723,1.4773659706115723,1
A man is standing next to a bus,A man is standing on a sidewalk,3.4000000953674316,0,3.400000095367432,2.8575236797332764,0,0,-0.5424764156341553,0.5424764156341553,1
A dog with a blanket dyed in blue is running through the grass,A dog with a blue blanket is running through the grass,4.699999809265137,1,4.699999809265137,5.0809173583984375,1,1,0.3809175491333008,0.3809175491333008,1
A dog with a blue blanket is running through the grass,There is no dog with a blue blanket running through the grass,3.5999999046325684,2,3.5999999046325684,3.4730632305145264,2,2,-0.126936674118042,0.126936674118042,1
A dog with a muzzle and a blue jacket is running around the yard,A dog with a blue muzzle is running around the yard with a jacket,3.799999952316284,0,3.799999952316284,5.078943729400635,0,1,1.2789437770843506,1.2789437770843506,0
A dog with a blue blanket is running through the grass,A dog with a muzzle and a blue jacket is running around the court,3.200000047683716,0,3.200000047683716,2.9340691566467285,0,0,-0.2659308910369873,0.2659308910369873,1
A dog with a muzzle and a blue jacket is running around the yard,A dog with a blue blanket is running through the grass,3.700000047683716,1,3.700000047683716,3.2678394317626958,1,0,-0.43216061592102006,0.43216061592102006,0
A colored toy is being carried by a brown dog in the grass,A brown dog is carrying a colored toy in the grass,4.699999809265137,1,4.699999809265137,5.214259147644043,1,1,0.5142593383789062,0.5142593383789062,1
A brown dog is carrying a colored toy in the grass,A brown dog is dropping a colored toy from its mouth,3.700000047683716,0,3.700000047683716,3.654000759124756,0,0,-0.04599928855895996,0.04599928855895996,1
There is no brown dog running across the yard with a toy in its mouth,A brown dog is carrying a colored toy in the grass,3.5999999046325684,0,3.5999999046325684,3.644435167312622,0,0,0.04443526268005371,0.04443526268005371,1
A person with a green shirt is jumping onto the grass,A person with a green shirt is jumping high over the grass,4.199999809265137,0,4.199999809265137,4.121207237243652,0,0,-0.07879257202148438,0.07879257202148438,1
A young boy is jumping in the air with his knees bent and arms spread,"A boy, who is young, is jumping in the air with his knees bent and arms spread",4.900000095367432,1,4.900000095367432,5.076509952545166,1,1,0.17650985717773438,0.17650985717773438,1
"A boy, who is young, is jumping in the air with his knees bent and arms spread",A person with a green shirt is jumping high over the grass,3.0,0,3.0,2.554630756378174,0,0,-0.44536924362182617,0.44536924362182617,1
A person without shirt is jumping high over the green grass,A young boy is jumping in the air with his knees bent and arms spread,3.200000047683716,0,3.200000047683716,3.216616630554199,0,0,0.0166165828704834,0.0166165828704834,1
A person with a green shirt is jumping high over the grass,A young boy is jumping in the air with his knees bent and arms spread,2.9000000953674316,0,2.900000095367432,3.255662679672241,0,0,0.35566258430480957,0.35566258430480957,1
A ball is being caught by a dog in mid air,A dog is catching a ball in mid air,4.900000095367432,1,4.900000095367432,5.334836959838867,1,1,0.43483686447143555,0.43483686447143555,1
A brown and white dog is leaping in the air with a tennis ball in its mouth,A brown and white dog is jumping in the air with a tennis ball in its mouth,5.0,1,5.0,5.155226707458496,1,1,0.1552267074584961,0.1552267074584961,1
A dog is catching a ball in mid air,A brown and white dog is leaping in the air with a tennis ball in its mouth,4.400000095367432,0,4.400000095367432,3.729792356491089,0,0,-0.6702077388763428,0.6702077388763428,1
A brown and white dog is jumping in the air with a tennis ball in its mouth,A dog is catching a ball in mid air,3.9000000953674316,0,3.900000095367432,3.8890187740325928,0,0,-0.010981321334838867,0.010981321334838867,1
A woman in a shirt dyed in black is sitting next to a fluorescent green bag,A woman in a black shirt is sitting next to a fluorescent green bag,4.900000095367432,1,4.900000095367432,5.135464668273926,1,1,0.23546457290649414,0.23546457290649414,1
A woman in a black shirt is sitting next to a fluorescent green bag,A woman in a black shirt is standing next to a fluorescent green bag,3.5999999046325684,0,3.5999999046325684,4.193367958068848,0,0,0.5933680534362793,0.5933680534362793,1
A woman is speaking on her cell phone and is keeping a purse and a yellow bag on the near ledge,A woman is silent and is leaving a purse and a yellow bag on the near ledge,3.299999952316284,0,3.299999952316284,3.5837836265563965,0,0,0.2837836742401123,0.2837836742401123,1
A woman is speaking on her cell phone and is keeping a purse and a yellow bag on the near ledge,A woman is speaking from a ledge and is keeping her cell phone inside a purse that is inside a yellow bag,3.299999952316284,0,3.299999952316284,3.813319206237793,0,0,0.5133192539215088,0.5133192539215088,1
A woman in a black shirt is sitting next to a fluorescent green bag,A woman is speaking loudly on her cell phone and is keeping a purse and a yellow bag on the near ledge,2.734999895095825,0,2.734999895095825,3.084186792373657,0,0,0.3491868972778316,0.3491868972778316,1
A woman in a black shirt is sitting next to a fluorescent green bag,A woman is silent and is leaving a purse and a yellow bag on the near ledge,2.4000000953674316,0,2.400000095367432,3.0402944087982178,0,0,0.6402943134307861,0.6402943134307861,1
A woman in a black shirt is sitting next to a fluorescent green bag,A woman is speaking from a ledge and is keeping her cell phone inside a purse that is inside a yellow bag,2.4000000953674316,0,2.400000095367432,2.9250876903533936,0,0,0.5250875949859619,0.5250875949859619,1
A woman is speaking on her cell phone and is keeping a purse and a yellow bag on the near ledge,A woman in a black shirt is standing next to a fluorescent green bag,2.0999999046325684,0,2.0999999046325684,2.7770931720733643,0,0,0.6770932674407959,0.6770932674407959,1
A woman is speaking on her cell phone and is keeping a purse and a yellow bag on the near ledge,A woman in a black shirt is sitting next to a fluorescent green bag,2.4000000953674316,0,2.400000095367432,2.71837854385376,0,0,0.31837844848632857,0.31837844848632857,1
One man is doing a wheelie on the mountain bike,The man is doing a wheelie on a mountain bike,4.699999809265137,1,4.699999809265137,5.120642185211182,1,1,0.4206423759460449,0.4206423759460449,1
The man is doing a wheelie on a mountain bike,The man is not doing a wheelie on a mountain bike,4.099999904632568,2,4.099999904632568,3.4790000915527344,2,2,-0.620999813079834,0.620999813079834,1
A man on a bicycle is riding on one wheel only,A person on a bike is riding on one wheel only,4.599999904632568,1,4.599999904632568,5.11454963684082,1,1,0.514549732208252,0.514549732208252,1
A man on a bicycle is riding on one wheel only,There is no man on a bicycle riding on one wheel only,2.9000000953674316,2,2.900000095367432,3.518221139907837,2,2,0.6182210445404053,0.6182210445404053,1
A man is riding on a bicycle with one wheel only,A man on a bicycle is riding on one wheel only,4.800000190734863,1,4.800000190734863,5.187669277191162,1,1,0.38766908645629883,0.38766908645629883,1
The man is doing a wheelie on a mountain bike,A person on a bike is riding on one wheel only,4.5,1,4.5,3.970837354660034,1,0,-0.5291626453399658,0.5291626453399658,0
The man is doing a wheelie on a mountain bike,There is no man on a bicycle riding on one wheel only,4.099999904632568,2,4.099999904632568,3.48087477684021,2,2,-0.6191251277923584,0.6191251277923584,1
One man is doing a wheelie on the mountain bike,A man on a bicycle is riding on one wheel only,4.699999809265137,1,4.699999809265137,3.952069044113159,1,0,-0.7479307651519775,0.7479307651519775,0
The man is not doing a wheelie on a mountain bike,A man on a bicycle is riding on one wheel only,4.0,0,4.0,3.63920783996582,0,0,-0.36079216003418013,0.36079216003418013,1
The man is doing a wheelie on a mountain bike,A man on a bicycle is riding on one wheel only,4.400000095367432,1,4.400000095367432,4.010111331939697,1,0,-0.3898887634277344,0.3898887634277344,0
A duck with brown feathers and a green head is flapping its wings in the water,A brown duck with a green head is flapping its wings in the water,4.699999809265137,1,4.699999809265137,5.062977313995361,1,1,0.3629775047302246,0.3629775047302246,1
A duck with brown feathers and a green head is flapping its wings in the water,A bird is flapping its wings on the water,4.400000095367432,1,4.400000095367432,4.66096830368042,1,1,0.2609682083129883,0.2609682083129883,1
There is no brown duck with a green head flapping its wings in the water,A bird is flapping its wings on the water,2.5999999046325684,0,2.5999999046325684,3.7610366344451904,0,0,1.161036729812622,1.161036729812622,1
The dog with the brown coat is playing outdoors,The brown dog is playing outdoors,4.800000190734863,1,4.800000190734863,4.975471496582031,1,1,0.17547130584716797,0.17547130584716797,1
The furry brown dog is running through the grassy area,The furry brown dog is not running through the grassy area,4.199999809265137,2,4.199999809265137,3.440626621246338,2,2,-0.7593731880187988,0.7593731880187988,1
A furry brown dog is running through the grassy area,The brown dog is playing outdoors,3.799999952316284,1,3.799999952316284,4.012870788574219,1,0,0.21287083625793457,0.21287083625793457,0
The brown dog is not playing outdoors,The furry brown dog is running through the grassy area,2.5,0,2.5,3.552151918411255,0,0,1.0521519184112549,1.0521519184112549,1
The brown dog is playing outdoors,The furry brown dog is running through the grassy area,3.549999952316284,0,3.549999952316284,3.750613689422608,0,0,0.2006137371063237,0.2006137371063237,1
A woman in a fur hat and fur coat is standing outside a building,A lady in a fur hat and fur coat is standing outside a building,4.800000190734863,1,4.800000190734863,5.13349723815918,1,1,0.3334970474243164,0.3334970474243164,1
A woman in a fur hat and fur coat is sitting outside a building,A woman in a fur hat and fur coat is standing outside a building,3.5,2,3.5,4.110795974731445,2,0,0.6107959747314453,0.6107959747314453,0
The elderly lady is anxiously waiting on the sidewalk,The elderly lady is waiting on the sidewalk,4.699999809265137,1,4.699999809265137,4.949321746826172,1,1,0.24932193756103516,0.24932193756103516,1
The elderly lady is waiting on the sidewalk,The elderly person is waiting a lady on the sidewalk,3.5999999046325684,0,3.5999999046325684,5.120701789855957,0,1,1.5207018852233887,1.5207018852233887,0
The elderly lady is anxiously waiting on the sidewalk,A woman in a fur hat and fur coat is standing outside a building,2.799999952316284,0,2.799999952316284,3.352595090866089,0,0,0.5525951385498047,0.5525951385498047,1
The elderly lady is not waiting on the sidewalk,A woman in a fur hat and fur coat is standing outside a building,2.200000047683716,0,2.200000047683716,2.7114827632904053,0,0,0.5114827156066895,0.5114827156066895,1
A young child is running down a gravel road that is covered with dead leaves,A young child is running down a road made of gravel that is covered with dead leaves,4.800000190734863,1,4.800000190734863,5.116529941558838,1,1,0.3165297508239746,0.3165297508239746,1
A young child is running down a gravel road that is covered with dead leaves,A young child is lying down on a gravel road that is covered with dead leaves,3.5999999046325684,0,3.5999999046325684,3.7097361087799072,0,0,0.10973620414733887,0.10973620414733887,1
One young child is running outside over some fallen leaves,A young child is running outside over the fallen leaves,4.599999904632568,1,4.599999904632568,5.0814619064331055,1,1,0.4814620018005371,0.4814620018005371,1
One young child is running outside over some fallen leaves,A young child is running down a gravel road that is covered with dead leaves,4.0,0,4.0,3.714021444320679,0,0,-0.28597855567932084,0.28597855567932084,1
A young child is running down a road made of gravel that is covered with dead leaves,A young child is running outside over the fallen leaves,3.799999952316284,1,3.799999952316284,4.223867893218994,1,0,0.42386794090270996,0.42386794090270996,0
A young child is running down a gravel road that is covered with dead leaves,A young child is running outside over the fallen leaves,4.099999904632568,1,4.099999904632568,4.277890205383301,1,1,0.17789030075073242,0.17789030075073242,1
The man in the straw hat is not smoking a cigarette,The man in the straw hat is smoking a cigarette,4.099999904632568,2,4.099999904632568,3.537064790725708,2,2,-0.5629351139068604,0.5629351139068604,1
A man is wearing a straw hat and smoking a cigarette,A person is wearing a straw hat and smoking a cigarette,4.699999809265137,1,4.699999809265137,5.104578018188477,1,1,0.40457820892333984,0.40457820892333984,1
There is no man wearing a straw hat who is smoking a cigarette,A man is wearing a straw hat and smoking a cigarette,3.9000000953674316,2,3.900000095367432,3.4982664585113525,2,2,-0.4017336368560791,0.4017336368560791,1
There is no man wearing a straw hat who is smoking a cigarette,The man in the straw hat is smoking a cigarette,3.5,2,3.5,3.499128818511963,2,2,-0.0008711814880371094,0.0008711814880371094,1
The man in the straw hat is not smoking a cigarette,A man is wearing a straw hat and smoking a cigarette,4.300000190734863,2,4.300000190734863,3.532190084457397,2,2,-0.7678101062774663,0.7678101062774663,1
A man is wearing a long sleeved blue shirt and jeans and is riding a unicycle down a street,A man is wearing a blue shirt which has long sleeves and jeans and is riding a unicycle down a street,4.900000095367432,1,4.900000095367432,5.055525302886963,1,1,0.15552520751953125,0.15552520751953125,1
There is no man wearing a long sleeved blue shirt and jeans and riding a unicycle down a street,A man is wearing a long sleeved blue shirt and jeans and is riding a unicycle down a street,3.799999952316284,2,3.799999952316284,3.657004833221436,2,2,-0.1429951190948482,0.1429951190948482,1
A man is wearing a long sleeved blue shirt and jeans and is riding a unicycle down a street,A man is wearing a blue checkered shirt and cheerfully riding a unicycle in the street,4.0,0,4.0,4.3359785079956055,0,0,0.33597850799560547,0.33597850799560547,1
A man is wearing a long sleeved blue shirt and jeans and is riding a unicycle down a street,A man is wearing a blue checkered shirt and riding a unicycle in the street,3.9000000953674316,0,3.900000095367432,4.474565982818604,0,1,0.5745658874511728,0.5745658874511728,0
Three men are staring at the big green hills in the distance,Some men are staring at the big green hills in the distance,4.5,1,4.5,4.989870071411133,1,1,0.4898700714111328,0.4898700714111328,1
Three men are staring at the big green hills in the distance,Three men are not staring at the big green hills in the distance,3.5,2,3.5,3.4758505821228027,2,2,-0.024149417877197266,0.024149417877197266,1
Some men in the distance are staring at three big hills,Three men are staring at the big green hills in the distance,4.599999904632568,0,4.599999904632568,4.283052444458008,0,0,-0.31694746017456055,0.31694746017456055,1
Three men are looking absent mindedly into the distance,Three men are looking into the distance,4.5,1,4.5,4.622412204742432,1,1,0.12241220474243164,0.12241220474243164,1
Three men are looking into the distance,Three men are looking at something nearby,3.4000000953674316,0,3.400000095367432,4.615157127380371,0,1,1.2151570320129395,1.2151570320129395,0
Three men are looking absent mindedly into the distance,Three men are staring at the big green hills in the distance,4.300000190734863,0,4.300000190734863,3.5536463260650635,0,0,-0.7463538646697998,0.7463538646697998,1
Three men are staring at the big green hills in the distance,Three men are looking at something nearby,3.4000000953674316,0,3.400000095367432,4.376550197601318,0,1,0.9765501022338867,0.9765501022338867,0
Some men are staring at the big green hills in the distance,Three men are looking into the distance,4.0,0,4.0,4.313527584075928,0,1,0.31352758407592773,0.31352758407592773,0
Three men are looking into the distance,Some men in the distance are staring at three big hills,3.200000047683716,0,3.200000047683716,3.803515672683716,0,0,0.603515625,0.603515625,1
The men are not climbing a mountain,The men are climbing a mountain,3.9000000953674316,2,3.900000095367432,3.5206422805786133,2,2,-0.37935781478881836,0.37935781478881836,1
One man is climbing a rock wall and another man is holding a rope,One man is climbing a wall made of rock and another man is holding a rope,4.900000095367432,1,4.900000095367432,5.065305709838867,1,1,0.16530561447143555,0.16530561447143555,1
One man is jumping off a rock wall and another man is dropping a rope,One man is climbing a rock wall and another man is holding a rope,3.799999952316284,0,3.799999952316284,3.811439752578736,0,0,0.011439800262451616,0.011439800262451616,1
One man is climbing a rock wall and another man is holding a rope,One climber is holding a rock and another man is roping a wall,3.5999999046325684,0,3.5999999046325684,4.202961444854736,0,0,0.602961540222168,0.602961540222168,1
One man is jumping off a rock wall and another man is dropping a rope,The men are climbing a mountain,2.5999999046325684,0,2.5999999046325684,2.241628170013428,0,0,-0.3583717346191402,0.3583717346191402,1
The men are climbing a mountain,One climber is holding a rock and another man is roping a wall,3.700000047683716,0,3.700000047683716,3.058384656906128,0,0,-0.6416153907775879,0.6416153907775879,1
One man is climbing a rock wall and another man is holding a rope,The men are climbing a mountain,2.9000000953674316,0,2.900000095367432,3.576621055603028,0,0,0.6766209602355961,0.6766209602355961,1
Small kids are climbing a statue in a park,Small children are climbing a statue in a park,4.900000095367432,1,4.900000095367432,5.131255149841309,1,1,0.23125505447387695,0.23125505447387695,1
Two children are playing on a statue,Small kids are climbing a statue in a park,4.199999809265137,1,4.199999809265137,3.7107083797454834,1,0,-0.4892914295196533,0.4892914295196533,0
Small children are climbing a statue in a park,Some children are playing on a statue,4.400000095367432,1,4.400000095367432,3.654171705245972,1,0,-0.7458283901214595,0.7458283901214595,0
There are no children playing on a statue,Small children are climbing a statue in a park,3.700000047683716,2,3.700000047683716,3.3768677711486816,2,0,-0.3231322765350342,0.3231322765350342,0
A tower is being looked at by a blonde lady,A blonde lady is looking at a tower,5.0,1,5.0,5.253157615661621,1,1,0.2531576156616211,0.2531576156616211,1
A woman is turning her back from the view of a city,A woman is looking at the view of a city,3.75,2,3.75,3.3177504539489746,2,0,-0.4322495460510254,0.4322495460510254,0
A blonde lady is looking at a tower,The woman is looking at the view of a city,3.299999952316284,0,3.299999952316284,3.087387800216675,0,0,-0.21261215209960938,0.21261215209960938,1
A person is standing on a mountain top,Somebody is standing on a mountain top,4.900000095367432,1,4.900000095367432,5.0815839767456055,1,1,0.18158388137817383,0.18158388137817383,1
A man is standing on the top of the rocks with clouds behind them,A person is lying on the top of the rocks with clouds behind them,4.099999904632568,0,4.099999904632568,3.780935049057007,0,0,-0.3190648555755615,0.3190648555755615,1
A man is standing behind the rocks with clouds on top of them,A person is standing on a mountain top,3.4000000953674316,0,3.400000095367432,2.4161276817321777,0,0,-0.9838724136352539,0.9838724136352539,1
A man is standing on the top of the rocks with clouds behind them,A person is standing on a mountain top,3.5,0,3.5,3.321017265319824,0,0,-0.17898273468017578,0.17898273468017578,1
The smiling boy in winter clothes is waving his mittened hands outside the building in the snow,A smiling boy in winter clothes is waving his mittened hands outside a building in the snow,5.0,1,5.0,5.143287658691406,1,1,0.14328765869140625,0.14328765869140625,1
A smiling boy in summer clothes is standing still outside a building,A smiling boy in winter clothes is waving his mittened hands outside a building in the snow,3.4000000953674316,0,3.400000095367432,3.2681801319122314,0,0,-0.1318199634552002,0.1318199634552002,1
"A child, who is young, dressed for cold weather, is standing outside",A young child dressed for cold weather is standing outside,5.0,1,5.0,5.152539253234863,1,1,0.15253925323486328,0.15253925323486328,1
There is no young child dressed for cold weather standing outside,A young child dressed for cold weather is standing outside,3.700000047683716,2,3.700000047683716,3.590513229370117,2,2,-0.10948681831359863,0.10948681831359863,1
There is no young child dressed for cold weather standing outside,A smiling boy in winter clothes is waving his mittened hands outside a building in the snow,2.4000000953674316,2,2.400000095367432,2.8211047649383545,2,0,0.42110466957092285,0.42110466957092285,0
A smiling boy in summer clothes is standing still outside a building,A young child dressed for cold weather is standing outside,2.9000000953674316,0,2.900000095367432,3.9082324504852295,0,0,1.0082323551177979,1.0082323551177979,1
A smiling boy in winter clothes is waving his mittened hands outside a building in the snow,A young child dressed for cold weather is standing outside,4.099999904632568,1,4.099999904632568,3.858128309249878,1,0,-0.24187159538269043,0.24187159538269043,0
A child is looking seriously at the camera and getting out of a pool,A child is smiling at the camera and swimming underwater,3.700000047683716,0,3.700000047683716,4.057304382324219,0,0,0.35730433464050293,0.35730433464050293,1
A child is looking seriously at the camera and getting out of a pool,A child is swimming underwater in a pool,3.4000000953674316,0,3.400000095367432,3.5038111209869385,0,0,0.10381102561950684,0.10381102561950684,1
A man and a child are kayaking through gentle waters,The man and the child are kayaking through gentle waters,5.0,1,5.0,5.08737850189209,1,1,0.08737850189208984,0.08737850189208984,1
A man and a child are kayaking through gentle waters,There is no man and child kayaking through gentle waters,3.0999999046325684,2,3.0999999046325684,3.488926887512207,2,2,0.38892698287963867,0.38892698287963867,1
A man and a young boy are jumping off of a yellow kayak,A man and a child are kayaking through gentle waters,3.700000047683716,0,3.700000047683716,3.4720683097839355,0,0,-0.22793173789978027,0.22793173789978027,1
The man and the child are kayaking through gentle waters,A man and a young boy are riding in a yellow kayak,3.799999952316284,0,3.799999952316284,4.015033721923828,0,0,0.21503376960754395,0.21503376960754395,1
A man and a child are kayaking through gentle waters,A man and a young boy are riding in a yellow kayak,4.400000095367432,0,4.400000095367432,3.9870975017547607,0,0,-0.4129025936126709,0.4129025936126709,1
The American footballer is not wearing a red and white strip,The American footballer is wearing a red and white strip,4.0,2,4.0,3.5068726539611816,2,2,-0.49312734603881836,0.49312734603881836,1
A person playing football is wearing black armbands,A football player is wearing black armbands,4.400000095367432,1,4.400000095367432,5.052781105041504,1,1,0.6527810096740723,0.6527810096740723,1
A football player is wearing black armbands,A football player is taking off black armbands,3.9000000953674316,0,3.900000095367432,3.6074509620666495,0,2,-0.29254913330078214,0.29254913330078214,0
A person playing football is wearing black armbands,The American footballer is wearing a red and white strip,3.0999999046325684,0,3.0999999046325684,3.570629596710205,0,0,0.4706296920776367,0.4706296920776367,1
The American footballer is wearing a red and white strip,A football player is taking off black armbands,2.5999999046325684,0,2.5999999046325684,3.259263277053833,0,0,0.6592633724212646,0.6592633724212646,1
The American footballer is wearing a red and white strip,A football player is wearing black armbands,3.200000047683716,0,3.200000047683716,3.7027299404144287,0,0,0.5027298927307129,0.5027298927307129,1
A dog is running after a ball in the grass,A dog is chasing a ball in the grass,4.699999809265137,1,4.699999809265137,4.982852935791016,1,1,0.2828531265258789,0.2828531265258789,1
A dog is chasing a ball in the grass,A dog with a ball is being chased in the grass,3.0999999046325684,0,3.0999999046325684,4.774129867553711,0,1,1.6741299629211426,1.6741299629211426,0
A dog is chasing a ball on the grass,There is no dog chasing a ball in the grass,3.4000000953674316,2,3.400000095367432,3.47078013420105,2,2,0.07078003883361816,0.07078003883361816,1
A red dog is excitedly jumping up and catching a tennis ball in its mouth,A red dog is jumping and catching a tennis ball in its mouth,4.800000190734863,1,4.800000190734863,4.960243225097656,1,1,0.16024303436279297,0.16024303436279297,1
A red dog is sitting and dropping a tennis ball from its mouth,A red dog is jumping and catching a tennis ball in its mouth,4.099999904632568,0,4.099999904632568,3.856660842895508,0,0,-0.24333906173706055,0.24333906173706055,1
A tan dog is jumping up and catching a tennis ball,A dog with a tan coat is jumping up and catching a tennis ball,4.900000095367432,1,4.900000095367432,4.893665313720703,1,1,-0.006334781646728516,0.006334781646728516,1
There is no tan dog jumping up and catching a tennis ball,A red dog is jumping and catching a tennis ball in its mouth,3.4000000953674316,0,3.400000095367432,3.319321393966675,0,0,-0.08067870140075684,0.08067870140075684,1
A red dog is excitedly jumping up and catching a tennis ball in its mouth,A tan dog is jumping up and catching a tennis ball,4.0,0,4.0,3.936830759048462,0,0,-0.06316924095153809,0.06316924095153809,1
A tan dog is jumping up and catching a tennis ball,A red dog is sitting and dropping a tennis ball from its mouth,3.0999999046325684,0,3.0999999046325684,3.379056930541992,0,0,0.27905702590942383,0.27905702590942383,1
A man is sitting on a train and resting his hand against his face,The man is sitting on the train and resting his hand against his face,4.900000095367432,1,4.900000095367432,5.027456283569336,1,1,0.1274561882019043,0.1274561882019043,1
The bearded man is sitting on a train,The hairy man is sitting on a train,4.0,0,4.0,4.18990421295166,0,0,0.18990421295166016,0.18990421295166016,1
The bearded man is not sitting on a train,The bearded man is sitting on a train,3.299999952316284,2,3.299999952316284,3.536308526992798,2,2,0.23630857467651367,0.23630857467651367,1
The bearded man is sitting on a train,The man is sitting on the train and resting his hand against his face,3.299999952316284,0,3.299999952316284,3.3294918537139893,0,0,0.029491901397705078,0.029491901397705078,1
A man is standing on a train and resting his hand on his lap,The bearded man is sitting on a train,3.0,0,3.0,2.972419261932373,0,0,-0.027580738067626953,0.027580738067626953,1
A small child is showing excitement on a swing set at the park,A small child is showing excitement on a set of swings at the park,4.800000190734863,1,4.800000190734863,5.206360816955566,1,1,0.4063606262207031,0.4063606262207031,1
A small child is showing excitement on a swing set at the park,A small child is showing boredom on a swing set at the park,3.799999952316284,0,3.799999952316284,3.978741884231568,0,0,0.17874193191528365,0.17874193191528365,1
The little girl is swinging and the woman is standing behind her,The girl is standing behind the little woman who is swinging,3.4000000953674316,2,3.400000095367432,4.92292594909668,2,1,1.522925853729248,1.522925853729248,0
A small child is showing excitement on a swing set at the park,The little girl is not swinging and the woman is not standing behind her,3.5999999046325684,0,3.5999999046325684,2.9887192249298096,0,0,-0.6112806797027588,0.6112806797027588,1
A small child is showing excitement on a swing set at the park,The girl is standing behind the little woman who is swinging,2.5,0,2.5,3.255232095718384,0,0,0.7552320957183838,0.7552320957183838,1
The show for the small child is being set on an exciting swing at the park,The little girl is swinging and the woman is standing behind her,3.299999952316284,0,3.299999952316284,2.901772975921631,0,0,-0.3982269763946533,0.3982269763946533,1
A man is falling off a surfboard in the water,A man is performing a trick on a surfboard in the water,3.5999999046325684,0,3.5999999046325684,3.760653734207153,0,0,0.16065382957458452,0.16065382957458452,1
There is no surfer riding the wave,A surfer is riding the wave,3.799999952316284,2,3.799999952316284,3.5705406665802,2,2,-0.22945928573608398,0.22945928573608398,1
A man is performing a trick on a surfboard in the water,The wave is being ridden by a surfer,3.9000000953674316,0,3.900000095367432,4.443937301635742,0,1,0.5439372062683105,0.5439372062683105,0
A person is performing a trick on a surfboard in the water,A surfer is riding the wave,3.700000047683716,0,3.700000047683716,4.162743091583252,0,0,0.46274304389953613,0.46274304389953613,1
A surfer is riding the wave,A man is performing a trick on a surfboard in the water,3.5999999046325684,0,3.5999999046325684,4.013943672180176,0,0,0.4139437675476074,0.4139437675476074,1
The group of people is not sitting in a dim room,The group of people is sitting in a dim room,3.700000047683716,2,3.700000047683716,3.546040773391724,2,2,-0.15395927429199174,0.15395927429199174,1
A man and two women in a dark room are sitting at a table with candles,A man and two women in a darkened room are sitting at a table with candles,4.900000095367432,1,4.900000095367432,5.153892993927002,1,1,0.2538928985595703,0.2538928985595703,1
A man and two women in a darkened room are sitting at a table with candles,The group of people is sitting in a room which is dim,4.5,1,4.5,4.389291763305664,1,1,-0.11070823669433594,0.11070823669433594,1
A man in a white shirt and sunglasses and a man in a black shirt and sunglasses are sitting at a table with four beer bottles,There are no men sitting at the table with four beer bottles,2.799999952316284,2,2.799999952316284,3.6028144359588623,2,2,0.8028144836425781,0.8028144836425781,1
Two guys are standing by a table and putting some beers down on it,Two guys are sitting around a table and holding beers in their hands,3.700000047683716,0,3.700000047683716,3.622479677200317,0,0,-0.07752037048339888,0.07752037048339888,1
A man in a white shirt and sunglasses and a man in a black shirt and sunglasses are sitting at a table with four beer bottles,Two guys are standing by a table and putting some beers down on it,3.4000000953674316,0,3.400000095367432,3.6799917221069336,0,0,0.27999162673950195,0.27999162673950195,1
Two guys are sitting around a table and holding beers in their hands,There are no men sitting at the table with four beer bottles,3.0,2,3.0,3.700814723968506,2,0,0.7008147239685059,0.7008147239685059,0
A blue ball is being caught by the dog,The dog is catching a blue ball,4.900000095367432,1,4.900000095367432,5.366588592529297,1,1,0.46658849716186523,0.46658849716186523,1
The dog is catching a blue ball,The dog is not catching a blue ball,3.815000057220459,2,3.815000057220459,3.404069185256958,2,2,-0.410930871963501,0.410930871963501,1
A dog is chasing a ball,A blue ball is being caught by the dog,3.700000047683716,0,3.700000047683716,3.5962016582489014,0,0,-0.10379838943481445,0.10379838943481445,1
The dog is catching a blue ball,A dog is chasing a ball,3.9000000953674316,0,3.900000095367432,4.07211971282959,0,0,0.1721196174621582,0.1721196174621582,1
A person is wearing a red jacket and carefully holding a beer,A person is wearing a red jacket and holding a beer,4.599999904632568,1,4.599999904632568,4.983933448791504,1,1,0.38393354415893555,0.38393354415893555,1
The woman is wearing a red jacket and holding a glass in front of the man in a white t-shirt,The woman is not wearing a red jacket and is not holding a glass in front of the man in a white t-shirt,4.0,2,4.0,3.4977591037750244,2,2,-0.5022408962249756,0.5022408962249756,1
A person is wearing a red jacket and holding a beer,"The woman is wearing a red jacket and holding a glass in front of the man in a t-shirt, which is white",3.299999952316284,0,3.299999952316284,3.306225538253784,0,0,0.0062255859375,0.0062255859375,1
The woman is holding a white jacket and a red glass in front of the man wearing a t-shirt,A person is wearing a red jacket and holding a beer,2.799999952316284,0,2.799999952316284,3.327361822128296,0,0,0.5273618698120117,0.5273618698120117,1
Two dogs are battling for a frisbee in a lake,Two brown dogs are playing with a frisbee in the water,4.400000095367432,1,4.400000095367432,4.0780415534973145,1,0,-0.3219585418701172,0.3219585418701172,0
Two brown dogs are playing with the frisbee in the water,Two dogs are fighting for a frisbee in a lake,4.099999904632568,0,4.099999904632568,3.7698779106140137,0,0,-0.3301219940185547,0.3301219940185547,1
Two dogs are fighting for a frisbee in a lake,Two brown dogs are leaving a frisbee in the water,3.5,0,3.5,3.772552967071533,0,0,0.2725529670715332,0.2725529670715332,1
Two dogs are fighting for a frisbee in a lake,Two brown dogs are playing with a frisbee in the water,4.5,0,4.5,4.077696800231934,0,0,-0.4223031997680664,0.4223031997680664,1
A girl in pink is twirling a ribbon,A ribbon is being twirled by a girl in pink,4.800000190734863,1,4.800000190734863,5.12598180770874,1,1,0.32598161697387695,0.32598161697387695,1
"The girl is wearing a shirt colored in white with a pink skirt, and is standing in front of a house","The girl is wearing a white shirt and a pink skirt, and is standing in front of a house",4.800000190734863,1,4.800000190734863,4.838067531585693,1,1,0.03806734085083008,0.03806734085083008,1
"The girl is not wearing a white shirt and a pink skirt, and is not standing in front of a house","The girl is wearing a white shirt and a pink skirt, and is standing in front of a house",4.199999809265137,2,4.199999809265137,3.522495985031128,2,2,-0.6775038242340088,0.6775038242340088,1
"The girl is wearing a shirt colored in white with a pink skirt, and is standing in front of a house",A girl in pink is twirling a ribbon,2.5999999046325684,0,2.5999999046325684,2.503427267074585,0,0,-0.0965726375579834,0.0965726375579834,1
A girl in pink is twirling a ribbon,"The girl is not wearing a white shirt and a pink skirt, and is not standing in front of a house",2.0999999046325684,0,2.0999999046325684,2.184509038925171,0,0,0.08450913429260254,0.08450913429260254,1
"The girl is wearing a white shirt and a pink skirt, and is standing in front of a house",A ribbon is being twirled by a girl in pink,2.4000000953674316,0,2.400000095367432,2.1414477825164795,0,0,-0.25855231285095215,0.25855231285095215,1
A girl in pink is twirling a ribbon,"The girl is wearing a white shirt and a pink skirt, and is standing in front of a house",2.9000000953674316,0,2.900000095367432,2.3153111934661865,0,0,-0.5846889019012451,0.5846889019012451,1
The child is playing with the water spout outdoors and the rest of his family is watching,A child is playing with a water spout outdoors and the rest of his family is watching,4.900000095367432,1,4.900000095367432,5.201709747314453,1,1,0.3017096519470215,0.3017096519470215,1
A boy is laying down a hose next to a man and another boy is running away,A boy is holding a hose next to a man and another boy is watching,3.299999952316284,0,3.299999952316284,3.9600014686584473,0,0,0.6600015163421631,0.6600015163421631,1
A child is playing with a water spout outdoors and the rest of his family is watching,A hose is being held by a boy next to a man and another boy is watching,2.799999952316284,0,2.799999952316284,3.7652862071990967,0,0,0.9652862548828125,0.9652862548828125,1
A child is playing with a water spout outdoors and the rest of his family is watching,A boy is laying down a hose next to a man and another boy is running away,2.700000047683716,0,2.700000047683716,2.985017776489258,0,0,0.285017728805542,0.285017728805542,1
The child is playing with the water spout outdoors and the rest of his family is watching,A boy is holding a hose next to a man and another boy is watching,3.5999999046325684,0,3.5999999046325684,3.521817684173584,0,0,-0.07818222045898438,0.07818222045898438,1
A football player is running past an official carrying a football,A person playing football is running past an official carrying a football,4.5,1,4.5,5.011414527893066,1,1,0.5114145278930664,0.5114145278930664,1
A football player is running into an official carrying a football,A football player is running past an official carrying a football,4.0,0,4.0,4.022353172302246,0,0,0.022353172302246094,0.022353172302246094,1
A football player in a purple jersey is breathlessly running with the ball for a touchdown,A football player in a purple jersey is running with the ball for a touchdown,4.5,1,4.5,4.964035987854004,1,1,0.4640359878540039,0.4640359878540039,1
A football player in a purple jersey is breathlessly running with the ball for a touchdown,A football player is running past an official carrying a football,3.5,0,3.5,3.959446907043457,0,0,0.45944690704345703,0.45944690704345703,1
A young girl in a leotard colored in blue is jumping in the air,A young girl in blue is jumping in the air,4.5,1,4.5,4.729551315307617,1,1,0.2295513153076172,0.2295513153076172,1
"A boy, who is little, is sitting in a green tunnel with a smile on his face",A little boy is sitting in a green tunnel with a smile on his face,4.800000190734863,1,4.800000190734863,5.1300458908081055,1,1,0.3300457000732422,0.3300457000732422,1
A little boy is sitting in a green tunnel with a smile on his face,A little boy in a striped shirt is sliding out of a green tube,3.299999952316284,0,3.299999952316284,3.3892390727996826,0,0,0.08923912048339844,0.08923912048339844,1
A little boy is sitting in a green tunnel with a smile on his face,A small boy in a green shirt is striping a sliding tube,3.0999999046325684,0,3.0999999046325684,3.1308376789093018,0,0,0.0308377742767334,0.0308377742767334,1
A small boy in a striped shirt is sliding out of a green tube,A little boy is sitting in a green tunnel with a smile on his face,3.299999952316284,0,3.299999952316284,3.3081865310668945,0,0,0.008186578750610352,0.008186578750610352,1
The person is flying through the air on a bicycle,The person is flying through the air on the bicycle,4.800000190734863,1,4.800000190734863,5.120040893554688,1,1,0.3200407028198251,0.3200407028198251,1
A person on a bike is jumping through the air and the sun is flaring beautifully through the bike frame,A person on a bike is jumping through the air and the sun is flaring through the bike frame,4.5,1,4.5,5.027690887451172,1,1,0.5276908874511719,0.5276908874511719,1
A person on a bike is jumping through the air and the sun is flaring beautifully through the bike frame,The person is flying through the air on a bicycle,3.5,1,3.5,4.101483345031738,1,1,0.6014833450317383,0.6014833450317383,1
The person is flying through the air on a bicycle,There is no person on a bike jumping through the air with the sun flaring through the bike frame,3.700000047683716,0,3.700000047683716,3.3329551219940186,0,0,-0.36704492568969727,0.36704492568969727,1
A person on a bike is jumping through the air and the sun is flaring through the bike frame,The person is flying through the air on a bicycle,4.199999809265137,1,4.199999809265137,4.150402069091797,1,1,-0.049597740173339844,0.049597740173339844,1
The bunch of men are playing rugby on a muddy field,The bunch of men are playing rugby on a field full of mud,4.800000190734863,1,4.800000190734863,5.044054985046387,1,1,0.24405479431152344,0.24405479431152344,1
Rugby is being played by some men,Some men are playing rugby,5.0,1,5.0,5.259101867675781,1,1,0.25910186767578125,0.25910186767578125,1
Some men are idling,Some men are playing rugby,2.5,0,2.5,2.212637186050415,0,0,-0.28736281394958496,0.28736281394958496,1
Some men are playing rugby,The bunch of men are playing with the mud on a rugby field,3.799999952316284,0,3.799999952316284,3.378443717956543,0,0,-0.4215562343597412,0.4215562343597412,1
The bunch of men are playing rugby on a muddy field,Some men are playing rugby,4.400000095367432,1,4.400000095367432,4.495907783508301,1,1,0.09590768814086914,0.09590768814086914,1
The person who rides bikes is looking at an accident of another bike rider,The bike rider is looking at an accident of another bike rider,4.599999904632568,1,4.599999904632568,5.03518009185791,1,1,0.4351801872253418,0.4351801872253418,1
A person is ignoring the motocross bike that is lying on its side and there is no one is racing by,A person is looking at a motocross bike that is lying on its side and another is racing by,3.5,2,3.5,3.5626368522644043,2,2,0.0626368522644043,0.0626368522644043,1
The bike rider is looking at an accident of another bike rider,A person is ignoring the motocross bike that is lying on its side and there is no one is racing by,2.799999952316284,0,2.799999952316284,2.8218605518341064,0,0,0.021860599517822266,0.021860599517822266,1
The person who rides bikes is looking at an accident of another bike rider,A person is looking at a motocross bike that is lying on its side and another is racing by,3.0999999046325684,0,3.0999999046325684,3.6030216217041016,0,0,0.5030217170715332,0.5030217170715332,1
A person is looking at a motocross bike that is lying on its side and another is racing by,The bike rider is not looking at the accident of another bike rider,3.4000000953674316,0,3.400000095367432,3.079087495803833,0,0,-0.32091259956359863,0.32091259956359863,1
Two dogs are frolicking in the snow,Two dogs are playing in the snow,4.699999809265137,1,4.699999809265137,4.860345840454102,1,1,0.16034603118896484,0.16034603118896484,1
There are no dogs playing in the snow,Two dogs are playing in the snow,3.5999999046325684,2,3.5999999046325684,3.5856521129608154,2,2,-0.01434779167175293,0.01434779167175293,1
It is snowing on two playing dogs,Two dogs are playing in the snow,4.0,1,4.0,4.311434268951416,1,1,0.311434268951416,0.311434268951416,1
A brown dog and a gray dog are playing in the snow,The brown dog and the gray dog are playing in the snow,5.0,1,5.0,5.158956527709961,1,1,0.15895652770996094,0.15895652770996094,1
The brown dog and the gray dog are playing in the snow,Two dogs are playing in the snow,4.300000190734863,1,4.300000190734863,4.6952996253967285,1,1,0.39529943466186523,0.39529943466186523,1
A brown dog and a grey dog are fighting in the snow,Two dogs are playing in the snow,3.5,0,3.5,3.865748643875122,0,0,0.36574864387512207,0.36574864387512207,1
Two dogs are frolicking in the snow,A brown dog and a gray dog are playing in the snow,4.400000095367432,0,4.400000095367432,4.529592514038086,0,1,0.1295924186706543,0.1295924186706543,0
It is snowing on two playing dogs,A brown dog and a gray dog are playing in the snow,3.5999999046325684,0,3.5999999046325684,4.083283424377441,0,0,0.48328351974487305,0.48328351974487305,1
A brown dog and a gray dog are playing in the snow,Two dogs are playing in the snow,4.599999904632568,1,4.599999904632568,4.694498062133789,1,1,0.0944981575012207,0.0944981575012207,1
A girl is getting a tattoo removed from her hand,A girl is getting a tattoo on her hand,3.2850000858306885,2,3.2850000858306885,3.950878381729126,2,0,0.6658782958984375,0.6658782958984375,0
A girl is getting a tattoo on her hand,A tattoo is being drawn by the woman in the white sweater on the hand of a teenager,3.700000047683716,0,3.700000047683716,3.3595011234283447,0,0,-0.3404989242553711,0.3404989242553711,1
The woman in the white sweater is drawing a tattoo on the hand of a teenager,A girl is getting a tattoo on her hand,3.4000000953674316,0,3.400000095367432,3.8850951194763184,0,0,0.4850950241088867,0.4850950241088867,1
A woman in a purple top is walking a bicycle between two stone columns,A woman in a top which is purple is walking a bicycle between two stone columns,5.0,1,5.0,5.174596309661865,1,1,0.17459630966186523,0.17459630966186523,1
A woman in a purple top is walking a bicycle between two stone columns,"A stone woman and bicycle are on top of two purple columns, between which people are walking",2.299999952316284,0,2.299999952316284,3.846729040145874,0,0,1.5467290878295898,1.5467290878295898,1
A woman in a purple top is walking a bicycle between two stone columns,A girl dressed in purple and blue is slowly walking beside her bike at night,3.5,0,3.5,3.711047887802124,0,0,0.21104788780212402,0.21104788780212402,1
A woman in a purple top is walking a bicycle between two stone columns,A naked girl is walking beside her bike at night,2.5999999046325684,0,2.5999999046325684,2.938193082809448,0,0,0.33819317817687944,0.33819317817687944,1
A girl dressed in purple and blue is walking beside her bike at night,There is no woman in a purple top walking a bicycle between two stone columns,2.0999999046325684,0,2.0999999046325684,3.110659599304199,0,0,1.0106596946716309,1.0106596946716309,1
A girl dressed in purple and blue is walking beside her bike at night,"A stone woman and bicycle are on top of two purple columns, between which people are walking",1.7999999523162842,0,1.7999999523162842,3.019719362258911,0,0,1.219719409942627,1.219719409942627,1
A man in a red jacket is standing next to a yellow kayak on some rocks by the ocean,The man in the red jacket is standing next to the yellow kayak on some rocks by the ocean,4.800000190734863,1,4.800000190734863,5.20206356048584,1,1,0.40206336975097656,0.40206336975097656,1
A man in a red jacket is standing next to a yellow kayak on some rocks by the ocean,There is no man in a red jacket standing next to a yellow kayak on some rocks by the ocean,4.0,2,4.0,3.5647363662719727,2,2,-0.43526363372802734,0.43526363372802734,1
A man is wearing a red jacket and standing beside a yellow canoe on some rocks with water in the background,A man is wearing a red jacket and standing beside a yellow canoe on some boulders with water in the background,4.900000095367432,1,4.900000095367432,4.891517162322998,1,1,-0.008482933044433594,0.008482933044433594,1
A man in a red jacket is standing next to a yellow kayak on some rocks by the ocean,A man is standing bare-chested beside a yellow canoe on some rocks with water in the background,3.5,0,3.5,3.6721463203430176,0,0,0.17214632034301758,0.17214632034301758,1
A man is wearing a red jacket and standing beside a yellow canoe on some rocks with water in the background,The man in the red jacket is standing next to the yellow kayak on some rocks by the ocean,3.9000000953674316,1,3.900000095367432,4.3361005783081055,1,0,0.43610048294067383,0.43610048294067383,0
A man is wearing a red jacket and standing beside a yellow canoe on some rocks with water in the background,There is no man in a red jacket standing next to a yellow kayak on some rocks by the ocean,3.799999952316284,0,3.799999952316284,3.5103678703308105,0,2,-0.28963208198547363,0.28963208198547363,0
The dog with the black coat is walking along a tree trunk bridge over water,The black dog is walking along a tree trunk bridge over water,4.900000095367432,1,4.900000095367432,4.961782455444336,1,1,0.0617823600769043,0.0617823600769043,1
A river is being crossed by a dog on a bridge made from a fallen tree,A dog is crossing a river on a bridge made from a fallen tree,5.0,1,5.0,5.240043640136719,1,1,0.24004364013671875,0.24004364013671875,1
The black dog is walking along a tree trunk bridge over water,A river is being crossed by a dog on a bridge made from a fallen tree,4.199999809265137,1,4.199999809265137,4.257182598114014,1,1,0.05718278884887695,0.05718278884887695,1
The black dog is not walking along a tree trunk bridge over water,A dog is crossing a river on a bridge made from a fallen tree,2.5999999046325684,0,2.5999999046325684,3.5603957176208496,0,0,0.9603958129882812,0.9603958129882812,1
The black dog is walking along a tree trunk bridge over water,A dog is crossing a river on a bridge made from a fallen tree,4.400000095367432,0,4.400000095367432,4.410683631896973,0,1,0.010683536529541016,0.010683536529541016,0
A child in a green and white sports uniform is running over the grass,A child in a green and white uniform for sports is running over the grass,4.900000095367432,1,4.900000095367432,5.128499984741211,1,1,0.2284998893737793,0.2284998893737793,1
A little boy is proudly wearing a green soccer strip and is running on the grass,A child in a green and white sports uniform is running over the grass,4.284999847412109,1,4.284999847412109,4.256728172302246,1,0,-0.02827167510986328,0.02827167510986328,0
The girl in the black hat is wearing a bikini at the beach,A girl in a black hat is wearing a bikini at the beach,4.900000095367432,1,4.900000095367432,5.115762710571289,1,1,0.21576261520385742,0.21576261520385742,1
A girl in a black hat is standing topless at the beach,A girl in a black hat is wearing a bikini at the beach,3.799999952316284,0,3.799999952316284,3.7338075637817374,0,0,-0.06619238853454679,0.06619238853454679,1
A young lady in a bikini is standing on the beach,A girl in a black hat is wearing a bikini at the beach,4.0,0,4.0,4.128963470458984,0,0,0.12896347045898438,0.12896347045898438,1
A girl in a black hat is standing topless at the beach,A young lady in a bikini is lying on the beach,3.0,0,3.0,3.3268325328826904,0,0,0.32683253288269043,0.32683253288269043,1
A young lady in a bikini is lying on the beach,A black girl with no bikini is wearing a hat at the beach,3.5,0,3.5,3.032754421234131,0,0,-0.46724557876586914,0.46724557876586914,1
A man is sitting on the beach,The man is doing a handstand on the wet sand at the edge of the water at the beach,3.0,0,3.0,3.270008087158203,0,0,0.2700080871582031,0.2700080871582031,1
A man is performing a handstand on the beach,The man at the beach is not doing a handstand on the wet sand at the edge of the water,4.300000190734863,0,4.300000190734863,3.869798421859741,0,0,-0.43020176887512207,0.43020176887512207,1
The man is doing a handstand on the wet sand at the edge of the water at the beach,A man is performing a handstand on the beach,4.099999904632568,1,4.099999904632568,4.728094577789307,1,1,0.6280946731567383,0.6280946731567383,1
A young boy is playing in the park with his mother,There is no young boy playing in the park with his mother,2.5999999046325684,2,2.5999999046325684,3.446832656860352,2,2,0.8468327522277836,0.8468327522277836,1
A boy in blue is running away from a woman in blue,A boy in blue is running towards a woman in blue,3.700000047683716,0,3.700000047683716,4.896579742431641,0,1,1.1965796947479248,1.1965796947479248,0
A boy in blue is running away from a woman in blue,There is no young boy playing in the park with his mother,2.9000000953674316,0,2.900000095367432,2.088226795196533,0,0,-0.8117733001708984,0.8117733001708984,1
A boy in blue is running away from a woman in blue,A young mother is playing with her boy in the park,2.5999999046325684,0,2.5999999046325684,2.020638227462769,0,0,-0.5793616771697994,0.5793616771697994,1
A young boy is playing in the park with his mother,A boy in blue is running away from a woman in blue,2.5,0,2.5,2.8802731037139893,0,0,0.38027310371398926,0.38027310371398926,1
One little boy with brown hair is jumping off of the brown chair onto the floor,A little boy with brown hair is jumping off of a brown chair onto the floor,4.699999809265137,1,4.699999809265137,5.2115325927734375,1,1,0.5115327835083008,0.5115327835083008,1
A little boy with brown hair is jumping off of a brown chair onto the floor,A young boy is quickly jumping off a chair,4.099999904632568,1,4.099999904632568,4.563420295715332,1,1,0.46342039108276367,0.46342039108276367,1
A little boy with brown hair is jumping off of a brown chair onto the floor,A young boy is jumping onto a chair,3.5,0,3.5,4.58616828918457,0,1,1.0861682891845703,1.0861682891845703,0
A young boy is jumping off a chair,There is no little boy with brown hair jumping off of a brown chair onto the floor,3.5,0,3.5,3.1098289489746094,0,0,-0.3901710510253906,0.3901710510253906,1
A little boy with brown hair is jumping off of a brown chair onto the floor,A young boy is jumping off a chair,4.199999809265137,1,4.199999809265137,4.627828598022461,1,1,0.4278287887573242,0.4278287887573242,1
Two children are bouncing on colorful balls,Two kids are bouncing on colorful balls,4.800000190734863,1,4.800000190734863,5.135636329650879,1,1,0.3356361389160156,0.3356361389160156,1
Two kids are sitting on colorful balls,Two kids are bouncing on colorful balls,3.799999952316284,0,3.799999952316284,3.670676469802856,0,0,-0.12932348251342818,0.12932348251342818,1
The children are wearing black tights and hopping,Some children are wearing black tights and hopping,4.900000095367432,1,4.900000095367432,5.118690490722656,1,1,0.2186903953552246,0.2186903953552246,1
The children are wearing black tights and hopping,Two balls are bouncing against some colorful kids,1.7999999523162842,0,1.7999999523162842,1.8992992639541624,0,0,0.0992993116378782,0.0992993116378782,1
The children are wearing black tights and hopping,Two kids are bouncing on colorful balls,2.0999999046325684,0,2.0999999046325684,2.280327081680298,0,0,0.1803271770477295,0.1803271770477295,1
A little girl is smiling and wearing a fake nose and glasses,The little girl is smiling and wearing a fake nose and glasses,4.900000095367432,1,4.900000095367432,5.1349639892578125,1,1,0.23496389389038086,0.23496389389038086,1
The blonde girl with the pink top is smiling and wearing funny glasses with a large nose attached,The blonde girl with the pink top is happily smiling and wearing funny glasses with a large nose attached,4.800000190734863,1,4.800000190734863,5.059808731079102,1,1,0.2598085403442383,0.2598085403442383,1
The blonde girl with the pink top is smiling and wearing funny glasses with a large nose attached,The blonde girl with the pink top is not smiling and not wearing funny glasses with a large nose attached,3.299999952316284,2,3.299999952316284,3.5035219192504883,2,2,0.2035219669342041,0.2035219669342041,1
The blonde girl with the pink top is happily smiling and wearing funny glasses with a large nose attached,A little girl is smiling and wearing a fake nose and glasses,4.099999904632568,0,4.099999904632568,4.570237159729004,0,1,0.47023725509643555,0.47023725509643555,0
The blonde girl with the pink top is smiling and wearing funny glasses with a large nose attached,A little girl is frowning and taking off a fake nose and glasses,3.5999999046325684,0,3.5999999046325684,3.4590628147125244,0,0,-0.14093708992004395,0.14093708992004395,1
Water is being squirted by a man into the mouth of a white dog with a squirt gun,A man is squirting water into the mouth of a white dog with a squirt gun,4.800000190734863,1,4.800000190734863,5.239048480987549,1,1,0.43904829025268555,0.43904829025268555,1
A man is spraying a super soaker into the mouth of a dog,The man is spraying a super soaker into the mouth of the dog,4.900000095367432,1,4.900000095367432,5.243861198425293,1,1,0.34386110305786133,0.34386110305786133,1
Water is being squirted by a man into the mouth of a white dog with a squirt gun,A man is spraying a super soaker into the mouth of a dog,4.199999809265137,0,4.199999809265137,4.388931274414063,0,0,0.18893146514892667,0.18893146514892667,1
A boy under an umbrella is being let go by his father who is wearing a blue coat,A boy under an umbrella is being held by his father who is wearing a blue coat,3.5,0,3.5,4.721284866333008,0,1,1.2212848663330078,1.2212848663330078,0
A child is amazedly experiencing a new world,A child is experiencing a new world,4.5,1,4.5,4.805879592895508,1,1,0.3058795928955078,0.3058795928955078,1
A child is falling asleep,A boy under an umbrella is being held by his father who is wearing a blue coat,1.600000023841858,0,1.600000023841858,1.544954776763916,0,0,-0.055045247077941895,0.055045247077941895,1
A dog is walking along the snowdrift,A dog is walking along a snowdrift,5.0,1,5.0,5.079334735870361,1,1,0.07933473587036133,0.07933473587036133,1
There is no dog walking along a snowdrift,A dog is walking along a snowdrift,4.300000190734863,2,4.300000190734863,3.609166145324707,2,2,-0.6908340454101562,0.6908340454101562,1
A dog is playing alone on a beach covered by snow,A dog is playing alone on the shore covered by snow,4.300000190734863,1,4.300000190734863,5.109315395355225,1,1,0.8093152046203613,0.8093152046203613,1
A dog is playing alone on a beach covered by snow,A dog is sleeping on a beach covered by snow,2.9000000953674316,0,2.900000095367432,3.6230292320251465,0,0,0.7230291366577148,0.7230291366577148,1
A light brown dog is running up a street,There is no light brown dog running up a street,3.5999999046325684,2,3.5999999046325684,3.471374034881592,2,2,-0.12862586975097656,0.12862586975097656,1
A great dog is climbing a steep hill,A great dog is getting down a steep hill,3.5999999046325684,2,3.5999999046325684,3.804585695266724,2,0,0.20458579063415572,0.20458579063415572,0
A great dog is wildly climbing a steep hill,A light brown dog is running up a street,2.799999952316284,0,2.799999952316284,2.894495248794556,0,0,0.09449529647827193,0.09449529647827193,1
A light brown dog is running up a street,A great dog is getting down a steep hill,2.700000047683716,0,2.700000047683716,2.6096832752227783,0,0,-0.0903167724609375,0.0903167724609375,1
A man and a woman are walking down a city street,A man and a woman are idling in a city street,3.8499999046325684,0,3.849999904632568,3.564771890640259,0,0,-0.28522801399230957,0.28522801399230957,1
People are not walking through a crowded street,People are walking through a crowded street,4.300000190734863,2,4.300000190734863,3.536875009536743,2,2,-0.7631251811981201,0.7631251811981201,1
People are walking through a crowd in the street,People are walking through a crowded street,4.599999904632568,1,4.599999904632568,4.691001892089844,1,1,0.09100198745727539,0.09100198745727539,1
A man and a woman are walking down a city street,People are not walking through a crowded street,3.5,0,3.5,3.5206570625305176,0,0,0.020657062530517578,0.020657062530517578,1
People are walking through a crowd in the street,A man and a woman are walking down a city street,3.9000000953674316,0,3.900000095367432,3.815708875656128,0,0,-0.08429121971130371,0.08429121971130371,1
People are walking through a crowded street,A man and a woman are walking down a city street,3.299999952316284,0,3.299999952316284,4.140281677246094,0,0,0.8402817249298096,0.8402817249298096,1
A surfer is riding a big wave across dark green water,A big wave is being ridden by a surfer across dark green water,4.800000190734863,1,4.800000190734863,5.180386543273926,1,1,0.3803863525390625,0.3803863525390625,1
A surfer is riding a big wave across dark green water,No surfer is riding a big wave across dark green water,3.0,2,3.0,3.494537115097046,2,2,0.4945371150970459,0.4945371150970459,1
The big surfer is riding and waving,The surfer is riding a big wave,3.299999952316284,0,3.299999952316284,4.867862701416016,0,1,1.5678627490997314,1.5678627490997314,0
A surfer is riding a big wave across dark green water,The big surfer is riding and waving,3.700000047683716,0,3.700000047683716,4.5029497146606445,0,1,0.8029496669769287,0.8029496669769287,0
A big wave is being ridden by a surfer across dark green water,The surfer is riding a big wave,4.599999904632568,1,4.599999904632568,4.7071685791015625,1,1,0.10716867446899414,0.10716867446899414,1
No surfer is riding a big wave across dark green water,The surfer is riding a big wave,4.0,1,4.0,3.588203430175781,1,2,-0.4117965698242192,0.4117965698242192,0
The shirtless man in striped shorts and sunglasses is standing near a person in a white shirt and sunglasses,The muscular black man is dancing and the man behind him is wearing green beads,1.899999976158142,0,1.899999976158142,2.4406349658966064,0,0,0.5406349897384644,0.5406349897384644,1
A person wearing grey pants is airborne on a snowboard,A person is wearing grey pants on a snowboard,4.300000190734863,1,4.300000190734863,4.9061198234558105,1,1,0.6061196327209473,0.6061196327209473,1
A snowboarding man is jumping through the air,A snowboarder is jumping through the air,4.599999904632568,1,4.599999904632568,5.022643089294434,1,1,0.42264318466186523,0.42264318466186523,1
A snowboarding woman is jumping through the air,A snowboarding man is jumping through the air,3.9000000953674316,0,3.900000095367432,3.572238683700561,0,0,-0.32776141166687056,0.32776141166687056,1
A snowboarding woman is jumping through the air,A person wearing grey pants is airborne on a snowboard,3.700000047683716,0,3.700000047683716,4.158377170562744,0,0,0.4583771228790283,0.4583771228790283,1
There is no tennis player lunging to the left,A tennis player is lunging to the left,3.4000000953674316,2,3.400000095367432,3.601827383041382,2,2,0.2018272876739502,0.2018272876739502,1
A tennis player with a green headband is hitting the ball,The tennis player with a green headband is hitting the ball,5.0,1,5.0,5.238624572753906,1,1,0.23862457275390625,0.23862457275390625,1
A tennis player is lunging to the left,The tennis player with a green headband is hitting the ball,3.5999999046325684,0,3.5999999046325684,2.899218797683716,0,0,-0.7007811069488525,0.7007811069488525,1
A tennis player with a green headband is missing the ball,A tennis player is lunging to the left,3.0,0,3.0,3.242725610733032,0,0,0.24272561073303178,0.24272561073303178,1
A tennis player with a green headband is hitting the ball,A tennis player is jumping to the left,3.299999952316284,0,3.299999952316284,3.470031976699829,0,0,0.17003202438354492,0.17003202438354492,1
There is no tennis player lunging to the left,A tennis player with a green headband is hitting the ball,3.4000000953674316,0,3.400000095367432,2.8726346492767334,0,0,-0.5273654460906982,0.5273654460906982,1
A tennis player with a green headband is hitting the ball,A tennis player is lunging to the left,3.5999999046325684,0,3.5999999046325684,3.5754191875457764,0,0,-0.024580717086791992,0.024580717086791992,1
A man is squatting in brush and taking a photograph,A man is squatting in brush and taking a photo,4.914999961853027,1,4.914999961853027,5.140594005584717,1,1,0.22559404373168945,0.22559404373168945,1
There is no man squatting in brush and taking a photograph,A man is crouching and holding a camera,3.200000047683716,0,3.200000047683716,3.8660149574279785,0,0,0.6660149097442627,0.6660149097442627,1
A man is squatting in brush and taking a photograph,A man is crouching and holding a camera,4.300000190734863,1,4.300000190734863,4.584115028381348,1,1,0.2841148376464844,0.2841148376464844,1
Some dogs are not playing in a stream,Some dogs are playing in a stream,3.4000000953674316,2,3.400000095367432,3.5373880863189697,2,2,0.13738799095153809,0.13738799095153809,1
Two dogs are looking at something that is moving in the water,Two dogs are looking at something that is splashing in the water,4.599999904632568,1,4.599999904632568,4.08466911315918,1,0,-0.5153307914733887,0.5153307914733887,0
Two dogs are looking at something that is splashing in the water,Two cats are looking at something that is splashing in the water,3.9000000953674316,0,3.900000095367432,3.6197760105133057,0,0,-0.280224084854126,0.280224084854126,1
Some dogs are playing in a stream,Two cats are looking at something that is splashing in the water,1.899999976158142,0,1.899999976158142,2.2023885250091557,0,0,0.3023885488510136,0.3023885488510136,1
A black dog is jumping from n hay ball to another hay ball,A black dog is leaping from a hay ball to another hay ball,4.800000190734863,1,4.800000190734863,5.014747142791748,1,1,0.21474695205688477,0.21474695205688477,1
A black cat is jumping from a hay ball to another hay ball,A black dog is jumping from n hay ball to another hay ball,3.200000047683716,0,3.200000047683716,2.925182342529297,0,0,-0.27481770515441895,0.27481770515441895,1
A black dog is leaping from a hay ball to another hay ball,A black dog is leaping from a cylindrical hay bale,4.099999904632568,0,4.099999904632568,4.3739213943481445,0,0,0.27392148971557617,0.27392148971557617,1
A black dog is leaping from a cylindrical hay bale,A black cat is jumping from a hay ball to another hay ball,3.5,0,3.5,2.674884080886841,0,0,-0.8251159191131592,0.8251159191131592,1
A black dog is jumping from n hay ball to another hay ball,A black dog is jumping from a cylindrical hay bale,4.199999809265137,0,4.199999809265137,4.211195945739746,0,0,0.011196136474609375,0.011196136474609375,1
A black dog is jumping from n hay ball to another hay ball,A white dog is leaping from a cylindrical hay bale,3.5,0,3.5,3.2288122177124023,0,0,-0.27118778228759766,0.27118778228759766,1
A black dog is jumping from n hay ball to another hay ball,A black dog is leaping from a cylindrical hay bale,4.0,0,4.0,4.236320495605469,0,0,0.23632049560546875,0.23632049560546875,1
The brown dog is jumping in the air,The brown animal is jumping in the air,4.400000095367432,1,4.400000095367432,5.02581787109375,1,1,0.6258177757263184,0.6258177757263184,1
The brown dog is jumping in the air,A brown dog is jumping in the water,3.5999999046325684,0,3.5999999046325684,3.777949094772339,0,0,0.1779491901397705,0.1779491901397705,1
A brown dog is jumping in the air,A dog is jumping in the air,4.699999809265137,1,4.699999809265137,4.739974021911621,1,1,0.039974212646484375,0.039974212646484375,1
The brown dog is jumping in the air,A dog is jumping in the air,4.400000095367432,1,4.400000095367432,4.764502048492432,1,1,0.364501953125,0.364501953125,1
A brown dog is jumping in the air,The brown animal is jumping in the air,4.400000095367432,1,4.400000095367432,4.989171981811523,1,1,0.5891718864440918,0.5891718864440918,1
A man on a motorcycle is riding on a track and waving happily,A man on a motorcycle is riding on a track and waving,4.599999904632568,1,4.599999904632568,4.979330539703369,1,1,0.3793306350708008,0.3793306350708008,1
The person on the motorcycle is holding up his arm,The person on the motorcycle is holding up an arm,4.599999904632568,1,4.599999904632568,5.1825151443481445,1,1,0.5825152397155762,0.5825152397155762,1
The person on the motorcycle is holding up an arm,The person on the motorcycle is not holding up an arm,3.4000000953674316,2,3.400000095367432,3.449363470077514,2,2,0.049363374710082564,0.049363374710082564,1
A man on a motorcycle is riding on a track and waving,The person on the motorcycle is not holding up an arm,3.5,2,3.5,3.692838907241821,2,0,0.19283890724182084,0.19283890724182084,0
A man on a motorcycle is riding on a track and waving happily,The person on the motorcycle is holding up an arm,3.5999999046325684,0,3.5999999046325684,4.0919694900512695,0,0,0.49196958541870117,0.49196958541870117,1
The person on the motorcycle is holding up an arm,A man on a motorcycle is riding on a track and waving,3.9000000953674316,0,3.900000095367432,4.049420356750488,0,0,0.14942026138305664,0.14942026138305664,1
Two adults are standing on a scooter in a field of yellow flowers,Two adults are not standing on a scooter in a field of yellow flowers,3.700000047683716,2,3.700000047683716,3.49787974357605,2,2,-0.20212030410766602,0.20212030410766602,1
Two people wearing helmets are riding over the yellow and white flowers,Two people wearing helmets are not riding over the yellow and white flowers,3.9000000953674316,2,3.900000095367432,3.490766763687134,2,2,-0.40923333168029785,0.40923333168029785,1
Two people wearing helmets are driving over the yellow and white flowers,Two adults are standing on a scooter in a field of yellow flowers,3.5999999046325684,0,3.5999999046325684,3.130571126937866,0,0,-0.46942877769470215,0.46942877769470215,1
Two people wearing helmets are not riding over the yellow and white flowers,Two adults are standing on a scooter in a field of yellow flowers,3.299999952316284,0,3.299999952316284,3.008453130722046,0,0,-0.2915468215942383,0.2915468215942383,1
Two people wearing helmets are riding over the yellow and white flowers,Two adults are standing on a scooter in a field of flowers,3.5999999046325684,0,3.5999999046325684,3.2452468872070312,0,0,-0.3547530174255371,0.3547530174255371,1
Two people wearing helmets are riding over the yellow and white flowers,Two adults are not standing on a scooter in a field of yellow flowers,2.5999999046325684,0,2.5999999046325684,3.017629861831665,0,0,0.4176299571990967,0.4176299571990967,1
Two people wearing helmets are riding over the yellow and white flowers,Two adults are standing on a scooter in a field of yellow flowers,3.4000000953674316,0,3.400000095367432,3.36824107170105,0,0,-0.031759023666381836,0.031759023666381836,1
A man is riding a dirt bike down a dirt hill,A person is riding a dirt bike down a dirt hill,4.699999809265137,1,4.699999809265137,5.00732421875,1,1,0.3073244094848633,0.3073244094848633,1
A person is riding a bike along a muddy trail,A person is riding a bike along the trail,4.5,1,4.5,4.663933753967285,1,1,0.16393375396728516,0.16393375396728516,1
A person is riding a dirt bike down a dirt hill,A person is riding a bike along the trail,3.799999952316284,0,3.799999952316284,3.963046789169312,0,0,0.1630468368530278,0.1630468368530278,1
There is no person riding a bike along a muddy trail,A person is riding a dirt bike down a dirt hill,2.5999999046325684,0,2.5999999046325684,3.3554654121398926,0,0,0.7554655075073242,0.7554655075073242,1
A person is riding a bike along a muddy trail,A person is riding a dirt bike up a dirt hill,4.099999904632568,0,4.099999904632568,3.5758674144744877,0,0,-0.5241324901580806,0.5241324901580806,1
A white horse is being ridden by a man in a blue cowboy hat,A man in a blue cowboy hat is riding a white horse,4.699999809265137,1,4.699999809265137,5.193017482757568,1,1,0.49301767349243164,0.49301767349243164,1
A man in a blue cowboy hat is riding a black horse,A man in a blue cowboy hat is riding a white horse,3.700000047683716,0,3.700000047683716,3.599907159805298,0,0,-0.10009288787841797,0.10009288787841797,1
A man in blue is riding a horse on a dirt road,A man in a blue cowboy hat is riding a black horse,4.0,0,4.0,3.679617404937744,0,0,-0.32038259506225586,0.32038259506225586,1
A man in blue is riding a animal on a dirt road,A man in a blue cowboy hat is riding a white horse,3.4000000953674316,0,3.400000095367432,3.912931680679321,0,0,0.5129315853118892,0.5129315853118892,1
Three people are driving ATVs,There are no people driving ATVs,3.200000047683716,2,3.200000047683716,3.465308904647827,2,2,0.26530885696411133,0.26530885696411133,1
Three people are driving four wheel ATVs in a field,Three people are driving four wheel vehicles in a field,4.5,1,4.5,4.953929901123047,1,1,0.4539299011230469,0.4539299011230469,1
Three people are driving ATVs,Three people are driving four wheel vehicles in a field,4.199999809265137,1,4.199999809265137,4.252004623413086,1,0,0.05200481414794922,0.05200481414794922,0
Three people are driving four wheel ATVs in a street,Three people are driving ATVs,4.599999904632568,1,4.599999904632568,4.586388111114502,1,1,-0.013611793518066406,0.013611793518066406,1
Three people are driving four wheel ATVs in a field,There are no people driving ATVs,3.299999952316284,2,3.299999952316284,3.471855878829956,2,2,0.17185592651367188,0.17185592651367188,1
Three people are driving four wheel ATVs in a field,Three people are driving ATVs,4.199999809265137,1,4.199999809265137,4.590288162231445,1,1,0.3902883529663086,0.3902883529663086,1
Two white dogs and one brown dog are not chasing a ball,Two white dogs are playing with a brown dog and a ball,4.0,0,4.0,3.872117280960083,0,0,-0.127882719039917,0.127882719039917,1
Two white dogs and one brown dog are chasing a ball,Two white dogs are playing with a brown dog and a ball,4.300000190734863,0,4.300000190734863,4.49107551574707,0,0,0.19107532501220703,0.19107532501220703,1
A white race car is driving through a puddle,There is no white race car driving through a puddle,3.4000000953674316,2,3.400000095367432,3.501133680343628,2,2,0.10113358497619629,0.10113358497619629,1
A black rally car is throwing mud into the air and is approaching a bend in the track,A white race car is driving through a puddle,3.4000000953674316,0,3.400000095367432,3.558947324752808,0,0,0.15894722938537642,0.15894722938537642,1
A white race car is driving through a puddle,A white rally car is throwing mud into the air and is approaching a bend in the track,3.5350000858306885,0,3.5350000858306885,3.653391122817993,0,0,0.11839103698730469,0.11839103698730469,1
A dog is jumping at a shiny blue soccer ball in a field of dry leaves,An animal is jumping at a shiny blue soccer ball in a field of dry leaves,4.400000095367432,1,4.400000095367432,5.017124652862549,1,1,0.6171245574951172,0.6171245574951172,1
A dog is jumping at a shiny blue soccer ball in a field of dry leaves,A dog is jumping at dry leaves in a field of shiny blue soccer balls,3.5,0,3.5,5.079583168029785,0,1,1.5795831680297852,1.5795831680297852,0
A small black dog is wearing a red collar and is in the leaves with a blue ball,A little black dog is wearing a red collar and is in the leaves with a blue ball,4.699999809265137,1,4.699999809265137,5.1189398765563965,1,1,0.41894006729125977,0.41894006729125977,1
A small black dog is wearing a red collar and is in the leaves with a blue ball,A dog is jumping at a shiny blue soccer ball in a field of dry leaves,3.9000000953674316,0,3.900000095367432,3.299893617630005,0,0,-0.6001064777374268,0.6001064777374268,1
A big black dog is wearing a red collar and is in the leaves with a blue ball,A dog is jumping at a shiny blue soccer ball in a field of dry leaves,3.200000047683716,0,3.200000047683716,3.277942657470703,0,0,0.0779426097869873,0.0779426097869873,1
A little black dog is wearing a red collar and is in the leaves with a blue ball,There is no dog jumping at a shiny blue soccer ball in a field of dry leaves,3.5999999046325684,0,3.5999999046325684,2.9042563438415527,0,0,-0.6957435607910156,0.6957435607910156,1
A little black dog is wearing a red collar and is in the leaves with a blue ball,A dog is jumping at dry leaves in a field of shiny blue soccer balls,3.0999999046325684,0,3.0999999046325684,3.2604076862335205,0,0,0.16040778160095215,0.16040778160095215,1
A dog is jumping at a shiny blue soccer ball in a field of dry leaves,A little black dog is wearing a red collar and is in the leaves with a blue ball,3.9000000953674316,0,3.900000095367432,3.1274423599243164,0,0,-0.7725577354431152,0.7725577354431152,1
A dog is running towards a ball,A dog is running towards a toy,4.300000190734863,1,4.300000190734863,4.675015449523926,1,1,0.3750152587890625,0.3750152587890625,1
A dog is running through a field and is chasing a ball,A dog is running through a field and is chasing a toy,4.699999809265137,1,4.699999809265137,4.926666259765625,1,1,0.22666645050048828,0.22666645050048828,1
A dog is running through a field and is chasing a ball,There is no dog running through a field and chasing a ball,3.5,2,3.5,3.484821319580078,2,2,-0.015178680419921875,0.015178680419921875,1
A dog is running towards a ball,A dog is running through a field and is chasing a toy,4.099999904632568,0,4.099999904632568,3.963289976119995,0,0,-0.13670992851257324,0.13670992851257324,1
A dog is running through a field and is chasing a ball,A dog is running towards a toy,4.099999904632568,1,4.099999904632568,4.380461692810059,1,1,0.28046178817749023,0.28046178817749023,1
A dog is running through a field and is chasing a ball,A dog is running towards a ball,4.099999904632568,1,4.099999904632568,4.546672344207764,1,1,0.4466724395751953,0.4466724395751953,1
A person in a pink jacket is running onto the field,A person in a pink jacket is not running onto the field,4.300000190734863,2,4.300000190734863,3.4643685817718506,2,2,-0.8356316089630127,0.8356316089630127,1
A person in pink is running onto the field,Four athletes are with a man in a crowded stadium,1.600000023841858,0,1.600000023841858,1.8126606941223145,0,0,0.21266067028045654,0.21266067028045654,1
Four athletes are with a man in a crowded stadium,A person in a pink jacket is not running onto the field,1.2000000476837158,0,1.2000000476837158,2.1938464641571045,0,0,0.9938464164733887,0.9938464164733887,1
Four athletes are with a person in a crowded stadium,A person in a pink jacket is running onto the field,1.600000023841858,0,1.600000023841858,2.497596263885498,0,0,0.8975962400436401,0.8975962400436401,1
There is no Asian woman holding a fur scarf,A woman dressed in elegant clothing is inside a crowd of people and is looking down,1.600000023841858,0,1.600000023841858,1.912548303604126,0,0,0.31254827976226807,0.31254827976226807,1
An Asian woman is holding a fur scarf,A woman dressed in elegant clothing is inside a crowd of people and is looking down,2.200000047683716,0,2.200000047683716,1.981605052947998,0,0,-0.21839499473571777,0.21839499473571777,1
A boy is running through the sea at the beach,A boy is running through the water at the beach,4.400000095367432,1,4.400000095367432,5.101884841918945,1,1,0.7018847465515137,0.7018847465515137,1
A girl is running through the water at the beach,A boy is running through the water at the beach,3.799999952316284,0,3.799999952316284,3.559943437576294,0,0,-0.24005651473999023,0.24005651473999023,1
A boy in a white t-shirt is splashing in shallow water,A kid in a white t-shirt is splashing in shallow water,4.5,1,4.5,5.1042327880859375,1,1,0.6042327880859375,0.6042327880859375,1
There is no boy in a white t-shirt splashing in shallow water,A boy is running through the water at the beach,2.4000000953674316,0,2.400000095367432,3.0186007022857666,0,0,0.618600606918335,0.618600606918335,1
Two tall basketball players are scrambling for the ball on the court,Two basketball players are scrambling for the ball on the court,4.599999904632568,1,4.599999904632568,4.915105819702148,1,1,0.3151059150695801,0.3151059150695801,1
A basketball player is on the court floor and another one is grabbing the ball,There is no basketball player on the court floor and no one is grabbing the ball,3.200000047683716,2,3.200000047683716,3.5019936561584477,2,2,0.3019936084747319,0.3019936084747319,1
A basketball player is on the court floor and the ball is being grabbed by another one,Two basketball players are scrambling for the ball on the court,4.699999809265137,1,4.699999809265137,4.417222499847412,1,0,-0.2827773094177246,0.2827773094177246,0
Two tall basketball players are scrambling for the ball on the court,A basketball player is on the court floor and another one is grabbing the ball,4.0,0,4.0,4.274158477783203,0,0,0.2741584777832031,0.2741584777832031,1
A basketball player is on the court floor and another one is grabbing the ball,Two basketball players are scrambling for the ball on the court,4.300000190734863,1,4.300000190734863,4.5072174072265625,1,0,0.20721721649169922,0.20721721649169922,0
The white dogs are looking curiously at the black llama,The white dogs are looking at the black llama,4.599999904632568,1,4.599999904632568,5.028973579406738,1,1,0.4289736747741699,0.4289736747741699,1
The white dogs aren't looking curiously at the black llama,The white dogs are looking curiously at the black llama,3.700000047683716,2,3.700000047683716,3.5017998218536377,2,2,-0.19820022583007812,0.19820022583007812,1
A black sheep is standing near three white dogs,A black sheep is standing far from three white dogs,3.5,2,3.5,3.487379550933838,2,2,-0.01262044906616211,0.01262044906616211,1
A black sheep is standing near three white dogs,The white dogs are looking at the black llama,2.700000047683716,0,2.700000047683716,2.287663221359253,0,0,-0.4123368263244629,0.4123368263244629,1
The white dogs aren't looking curiously at the black llama,A black sheep is standing near three white dogs,2.0,0,2.0,3.0215420722961426,0,0,1.0215420722961426,1.0215420722961426,1
The black llama is curiously looking at the white dogs,A black sheep is standing near three white dogs,3.0,0,3.0,4.067234992980957,0,0,1.067234992980957,1.067234992980957,1
A grey dog is jumping toward a black and white dog in the soft snow,A grey dog is jumping toward a black and white dog in the snow,4.599999904632568,1,4.599999904632568,5.070127487182617,1,1,0.47012758255004883,0.47012758255004883,1
A grey dog is jumping toward a black and white dog in the snow,A grey dog is jumping toward a black and white dog in the water,3.5,0,3.5,3.427064657211304,0,0,-0.07293534278869584,0.07293534278869584,1
Two poodles are in the snow and one is jumping,A grey dog is jumping toward a black and white dog in the snow,3.5999999046325684,0,3.5999999046325684,3.560851812362671,0,0,-0.03914809226989746,0.03914809226989746,1
A grey dog is jumping toward a black and white dog in the snow,Two poodles are in the snow and one is lying down,3.299999952316284,0,3.299999952316284,3.406165361404419,0,0,0.10616540908813477,0.10616540908813477,1
The man surrounded by photographers is wearing a gray suit and glasses,The woman surrounded by photographers is wearing a gray suit and glasses,3.299999952316284,0,3.299999952316284,3.516787528991699,0,0,0.21678757667541504,0.21678757667541504,1
A man in a elegant dress is being surrounded by photographers,A man in a suit is being surrounded by photographers,4.099999904632568,0,4.099999904632568,4.676870346069336,0,1,0.5768704414367676,0.5768704414367676,0
A man in a suit is not being surrounded by photographers,A man in a suit is being surrounded by photographers,4.199999809265137,2,4.199999809265137,3.5085957050323486,2,2,-0.6914041042327881,0.6914041042327881,1
A photographer is being surrounded by men,The man surrounded by photographers is wearing a gray suit and glasses,2.799999952316284,0,2.799999952316284,2.923314094543457,0,0,0.12331414222717285,0.12331414222717285,1
The man surrounded by photographers is wearing a gray suit and glasses,A man in a suit is being surrounded by photographers,4.599999904632568,1,4.599999904632568,4.711874008178711,1,1,0.11187410354614258,0.11187410354614258,1
Children in swimming suits are playing in the pool,Children in swimming suits are playing in the water,4.400000095367432,1,4.400000095367432,4.94262170791626,1,1,0.5426216125488281,0.5426216125488281,1
The boys are wearing bathing suits and water is splashing around,The kids are wearing bathing suits and water is splashing around,4.5,1,4.5,5.0899200439453125,1,1,0.5899200439453125,0.5899200439453125,1
The kids are wearing bathing suits and water is splashing around,Children in swimming suits are playing in the water,4.199999809265137,0,4.199999809265137,3.937389373779297,0,0,-0.26261043548583984,0.26261043548583984,1
Boys are dangling from straps and kicking at each other,People are dangling from straps and kicking at each other,4.400000095367432,1,4.400000095367432,4.7732930183410645,1,1,0.3732929229736328,0.3732929229736328,1
A blonde girl is hanging by gymnastic ropes,A girl is hanging by gymnastic ropes,4.699999809265137,1,4.699999809265137,4.91317081451416,1,1,0.21317100524902344,0.21317100524902344,1
A blonde girl is hanging by gymnastic ropes,A blonde man is hanging by gymnastic ropes,3.0,0,3.0,3.31793475151062,0,0,0.3179347515106201,0.3179347515106201,1
A blonde girl is hanging by gymnastic ropes,Boys are dangling from straps and kicking at each other,1.600000023841858,0,1.600000023841858,1.8455359935760496,0,0,0.24553596973419167,0.24553596973419167,1
Nobody is dangling from straps and kicking at each other,A blonde girl is hanging by gymnastic ropes,2.5,0,2.5,2.565314531326294,0,0,0.06531453132629395,0.06531453132629395,1
People are dangling from straps and kicking at each other,A blonde girl is hanging by gymnastic ropes,2.5,0,2.5,2.822459936141968,0,0,0.3224599361419682,0.3224599361419682,1
A man dressed in black and white is holding up the tennis racket and is waiting for the ball,A man dressed in black and white is dropping the tennis racket and is waiting for the ball,4.0,2,4.0,3.9359941482543945,2,0,-0.06400585174560547,0.06400585174560547,0
A tennis player in mid game is holding a racquet,A tennis player in mid game is not holding a racquet,2.9000000953674316,2,2.900000095367432,3.4749252796173096,2,2,0.5749251842498779,0.5749251842498779,1
A tennis player in mid game is not holding a racquet,A man dressed in black and white is holding up the tennis racket and is waiting for the ball,3.0,0,3.0,3.37952208518982,0,0,0.3795220851898198,0.3795220851898198,1
A tennis player in mid game is holding a racquet,A player dressed in black and white is holding up the tennis racket and is waiting for the ball,4.099999904632568,0,4.099999904632568,3.86803674697876,0,0,-0.23196315765380815,0.23196315765380815,1
A man dressed in black and white is dropping the tennis racket and is waiting for the ball,A tennis player in mid game is holding a racquet,3.115000009536743,0,3.115000009536743,3.4666197299957275,0,0,0.3516197204589844,0.3516197204589844,1
A dog is playing in the green field,A dog is playing on the green grass,4.5,1,4.5,4.542662620544434,1,1,0.042662620544433594,0.042662620544433594,1
A dog is sleeping on the green grass,A dog is playing on the green grass,3.700000047683716,0,3.700000047683716,3.722694158554077,0,0,0.022694110870361328,0.022694110870361328,1
A brown and white cat is playing on the grass,A brown and white dog is playing on the grass,3.0,0,3.0,3.199404239654541,0,0,0.19940423965454102,0.19940423965454102,1
A brown and white dog is playing on the lawn,A dog is playing on the green grass,4.300000190734863,1,4.300000190734863,4.338741302490234,1,0,0.038741111755371094,0.038741111755371094,0
A dog is sleeping on the green grass,A brown and white dog is playing on the grass,2.9000000953674316,0,2.900000095367432,3.3979077339172363,0,0,0.4979076385498047,0.4979076385498047,1
A brown and white dog is playing on the grass,A dog is playing on the green grass,4.199999809265137,1,4.199999809265137,4.469605922698975,1,0,0.2696061134338379,0.2696061134338379,0
A little boy with a bib is watching the camera,A young boy with a bib is watching the camera,4.800000190734863,1,4.800000190734863,5.192246437072754,1,1,0.3922462463378906,0.3922462463378906,1
A little boy with a bib is not watching the camera,A tan skinned child is looking at the camera,3.0,0,3.0,3.0033857822418213,0,0,0.003385782241821289,0.003385782241821289,1
A little boy with a bib is watching the camera,A tan skinned kid is looking at the camera,3.5999999046325684,0,3.5999999046325684,3.6304330825805664,0,0,0.030433177947998047,0.030433177947998047,1
There is no tan skinned child looking at the camera,A little boy with a bib is watching the camera,2.799999952316284,0,2.799999952316284,3.1976773738861084,0,0,0.3976774215698242,0.3976774215698242,1
A tan skinned child is looking at the camera,A little boy with a bib is watching the camera,3.5,0,3.5,3.921230316162109,0,0,0.42123031616210893,0.42123031616210893,1
The young boy in the blue shirt is jumping into the water,A young girl is jumping into a still lake,2.200000047683716,0,2.200000047683716,2.9024546146392822,0,0,0.7024545669555664,0.7024545669555664,1
A young boy is jumping into a still lake,A young boy in the blue shirt is jumping into the water,4.300000190734863,0,4.300000190734863,3.6929738521575928,0,0,-0.6070263385772705,0.6070263385772705,1
A young boy is jumping into a still lake,The young boy in the blue shirt is jumping into the water,3.9000000953674316,0,3.900000095367432,3.638155221939087,0,0,-0.2618448734283447,0.2618448734283447,1
Two men are carrying colorful baskets and blankets and walking near a building,Two people are carrying colorful baskets and blankets and walking near a building,4.400000095367432,1,4.400000095367432,5.02509880065918,1,1,0.625098705291748,0.625098705291748,1
Two people are walking with laden baskets and colorful blankets,Two people are walking with laden baskets and blankets,4.099999904632568,1,4.099999904632568,4.919111251831055,1,1,0.8191113471984863,0.8191113471984863,1
Two people are carrying colorful baskets and blankets and walking near a building,Two people are sitting with laden baskets and blankets,2.799999952316284,0,2.799999952316284,3.5142085552215576,0,0,0.7142086029052734,0.7142086029052734,1
Two men are carrying colorful baskets and blankets and walking near a building,Two people are walking with laden baskets and blankets,3.9000000953674316,1,3.900000095367432,4.310919761657715,1,0,0.4109196662902832,0.4109196662902832,0
Two people are carrying gray baskets and blankets and walking near a building,Two people are walking with laden baskets and blankets,4.199999809265137,0,4.199999809265137,4.291275978088379,0,0,0.09127616882324219,0.09127616882324219,1
Two people are carrying colorful baskets and blankets and walking near a building,Two people are walking with laden baskets and blankets,4.099999904632568,1,4.099999904632568,4.281538963317871,1,0,0.18153905868530273,0.18153905868530273,0
A young girl is sitting in swimming gear,A young man is sitting in swimming gear,3.299999952316284,0,3.299999952316284,3.3951897621154785,0,0,0.09518980979919434,0.09518980979919434,1
A young girl is sitting in a swimsuit,"A young girl is wearing a blue patterned swim suit, a black and yellow swim cap and has blue swimming goggles on her head",3.799999952316284,0,3.799999952316284,3.4207589626312256,0,0,-0.3792409896850586,0.3792409896850586,1
A young man is sitting in swimming gear,"A young girl is wearing a blue patterned swim suit, a black and yellow swim cap and has blue swimming goggles on her head",2.5999999046325684,0,2.5999999046325684,2.459711790084839,0,0,-0.1402881145477295,0.1402881145477295,1
A young girl is sitting in swimming gear,"A young girl is wearing a blue patterned swim suit, a black and yellow swim cap and has blue swimming goggles on her head",3.9000000953674316,0,3.900000095367432,3.5748302936553955,0,0,-0.32516980171203613,0.32516980171203613,1
A brown dog is running through a snowy path,A brown dog is running through a snowy trail,4.900000095367432,1,4.900000095367432,5.012608528137207,1,1,0.11260843276977539,0.11260843276977539,1
A brown dog is running through a snowy trail,A dog is running on a snowy road,4.300000190734863,0,4.300000190734863,3.906255006790161,0,0,-0.39374518394470215,0.39374518394470215,1
Two children in white outfits and red protective gear are sitting on a mat,Two children in white outfits and red protective gear are sparring on a mat,4.199999809265137,0,4.199999809265137,3.814405679702759,0,0,-0.38559412956237793,0.38559412956237793,1
Two boys are doing martial arts on a blue mat,Two kids are doing martial arts on a blue mat,4.5,1,4.5,5.035623550415039,1,1,0.5356235504150391,0.5356235504150391,1
Two boys are doing martial arts on a green mat,Two children in white outfits and red protective gear are sparring on a mat,4.0,0,4.0,3.829867362976074,0,0,-0.17013263702392578,0.17013263702392578,1
Two boys are doing martial arts on a blue mat,Two children in white outfits and red protective gear are sitting on a mat,3.0999999046325684,0,3.0999999046325684,3.141423225402832,0,0,0.04142332077026367,0.04142332077026367,1
Two boys are doing martial arts on a blue mat,Two children in white outfits and red protective gear are sparring on a mat,4.199999809265137,0,4.199999809265137,3.722731351852417,0,0,-0.4772684574127197,0.4772684574127197,1
A black and white dog is playing with a ruined volleyball in a brown field,A black and white dog is playing with a tattered volleyball in a brown field,4.800000190734863,1,4.800000190734863,5.127131462097168,1,1,0.3271312713623047,0.3271312713623047,1
A black and white dog is playing with a tattered volleyball in a brown field,A black and white dog is playing with a frisbee in a brown field,3.299999952316284,0,3.299999952316284,3.90163254737854,0,0,0.6016325950622559,0.6016325950622559,1
A black and white dog is playing with a new volleyball,A black and white dog is playing with a broken volleyball,3.5,0,3.5,4.2784953117370605,0,0,0.7784953117370605,0.7784953117370605,1
A black and white dog is playing with a broken ball,A black and white dog is playing with a tattered volleyball in a brown field,4.164999961853027,0,4.164999961853027,4.146214008331299,0,0,-0.018785953521728516,0.018785953521728516,1
A black and white dog is playing with a tattered volleyball in a brown field,A black and white dog is playing with a new volleyball,3.8350000381469727,0,3.8350000381469727,4.444489002227783,0,1,0.6094889640808105,0.6094889640808105,0
A black and white dog is playing with a ruined volleyball in a brown field,A black and white dog is playing with a broken volleyball,4.300000190734863,1,4.300000190734863,4.730724334716797,1,1,0.4307241439819336,0.4307241439819336,1
A bike is ridden on the road by a young boy in a helmet ,The little boy is riding a bicycle in a race,3.5999999046325684,0,3.5999999046325684,3.955885648727417,0,0,0.35588574409484863,0.35588574409484863,1
The little boy is riding a bicycle in a race,A young boy in a helmet is riding a bike on the lawn,3.200000047683716,0,3.200000047683716,3.495332956314087,0,0,0.2953329086303711,0.2953329086303711,1
A young boy in a helmet is riding a bike on the road,The little boy is riding a bicycle in a race,4.0,0,4.0,4.115500926971436,0,0,0.11550092697143644,0.11550092697143644,1
Mud is covering a topless woman,A topless woman is being covered in mud,5.0,1,5.0,5.143074035644531,1,1,0.14307403564453125,0.14307403564453125,1
A topless woman is being covered in mud,There is no topless woman covered in mud,4.099999904632568,2,4.099999904632568,3.4826221466064453,2,2,-0.617377758026123,0.617377758026123,1
A topless woman is being smeared with a brown substance and a blurry crowd is in the background,A woman is being smeared with brown substance and a blurry crowd is in the background,4.349999904632568,1,4.349999904632568,4.926239013671875,1,1,0.5762391090393066,0.5762391090393066,1
A topless woman is being smeared with a brown substance and a blurry crowd is in the background,A topless woman is being smeared with brown substance and a nobody is in the background,3.799999952316284,2,3.799999952316284,3.547835350036621,2,2,-0.2521646022796631,0.2521646022796631,1
Mud is covering a topless woman,A topless woman is being smeared with a brown substance and a blurry crowd is in the background,3.5999999046325684,0,3.5999999046325684,3.1998298168182373,0,0,-0.40017008781433105,0.40017008781433105,1
There is no topless woman covered in mud,A topless woman is being smeared with a brown substance and a blurry crowd is in the background,3.0,0,3.0,3.312438488006592,0,0,0.3124384880065918,0.3124384880065918,1
A family is purchasing something at the vending machine,A family is buying something at the vending machine,5.0,1,5.0,5.212352275848389,1,1,0.21235227584838867,0.21235227584838867,1
A family is buying something at the vending machine,Two kids and a man are playing games at an arcade,1.7000000476837158,0,1.7000000476837158,1.8933610916137693,0,0,0.1933610439300535,0.1933610439300535,1
Two kids and a man are playing games at an arcade,A family is not purchasing something at a vending machine,1.2000000476837158,0,1.2000000476837158,2.2297513484954834,0,0,1.0297513008117676,1.0297513008117676,1
A family is purchasing something at the vending machine,Two boys and a man are playing games at an arcade,1.600000023841858,0,1.600000023841858,1.6261950731277466,0,0,0.026195049285888672,0.026195049285888672,1
A family is purchasing something at the vending machine,Two kids and a woman are playing games at an arcade,1.7999999523162842,0,1.7999999523162842,1.8724887371063232,0,0,0.07248878479003906,0.07248878479003906,1
Two kids and a man are playing games at an arcade,A family is purchasing something at the vending machine,1.2999999523162842,0,1.2999999523162842,2.1408121585845947,0,0,0.8408122062683105,0.8408122062683105,1
A female cheerleader is sitting on the knee of a male cheerleader,A female cheerleader is sitting on the knee of a man,4.699999809265137,1,4.699999809265137,4.63458251953125,1,1,-0.06541728973388672,0.06541728973388672,1
Some cheerleaders are dancing,A female cheerleader is sitting on the knee of a male cheerleader,2.9000000953674316,0,2.900000095367432,2.8625757694244385,0,0,-0.037424325942993164,0.037424325942993164,1
A female cheerleader is jumping on the knee of a male cheerleader,Some cheerleaders are taking a break,3.0,0,3.0,3.4697539806365967,0,0,0.4697539806365967,0.4697539806365967,1
A group of people is holding food and pointing at the camera,A group of people is holding drinks and pointing at the camera,3.0999999046325684,0,3.0999999046325684,4.471629142761231,0,0,1.371629238128663,1.371629238128663,1
Several young people are posing for a photo and holding drinks,A group of people is holding drinks and pointing at the camera,4.0,0,4.0,4.4876580238342285,0,1,0.4876580238342285,0.4876580238342285,0
Several old people are posing for a photo and holding beers,A group of people is holding drinks and pointing at the camera,3.799999952316284,0,3.799999952316284,4.346975803375244,0,1,0.54697585105896,0.54697585105896,0
Several young people are posing for a photo and holding beers,Drinks are being held by people pointing at the camera,3.5999999046325684,0,3.5999999046325684,4.245290279388428,0,1,0.6452903747558594,0.6452903747558594,0
Several young people are posing for a photo and holding beers,A group of people is holding drinks and pointing at the camera,3.9000000953674316,0,3.900000095367432,4.418164253234863,0,1,0.5181641578674316,0.5181641578674316,0
"The girl has red hair and eyebrows, several piercings in a ear and a tattoo on the back","The girl has red hair and eyebrows, several piercings in a ear and no tattoo on the back",3.700000047683716,2,3.700000047683716,3.660402536392212,2,2,-0.039597511291503906,0.039597511291503906,1
"The girl has red hair and eyebrows, several piercings in a ear and a drawing on the back",A girl with red hair and red eyebrows is in midspeech,2.9000000953674316,0,2.900000095367432,4.236998081207275,0,1,1.3369979858398438,1.3369979858398438,0
"The girl has red hair and eyebrows, several piercings in a ear and a tattoo on the back",A girl with red hair and red eyebrows is talking,3.299999952316284,0,3.299999952316284,4.307449817657471,0,0,1.0074498653411865,1.0074498653411865,1
A girl with red hair and red eyebrows is in midspeech,"The girl has red hair and eyebrows, several piercings in a ear and a tattoo on the back",3.200000047683716,0,3.200000047683716,3.755362272262573,0,0,0.555362224578857,0.555362224578857,1
A woman in blue has a yellow ball in the mitt,A man in blue has a yellow ball in the mitt,2.799999952316284,0,2.799999952316284,3.5150177478790283,0,0,0.7150177955627441,0.7150177955627441,1
The girl in blue is chasing the base runner with a number on the jersey,The man in blue is chasing the base runner with a number on the jersey,3.299999952316284,0,3.299999952316284,3.4418156147003174,0,0,0.1418156623840332,0.1418156623840332,1
The girl in blue is chasing the player with a number on the jersey,A woman in blue has a yellow ball in the mitt,2.9000000953674316,0,2.900000095367432,3.3195321559906006,0,0,0.41953206062316895,0.41953206062316895,1
A woman in blue has a yellow ball in the mitt,The man in blue is chasing the base runner with a number on the jersey,1.7000000476837158,0,1.7000000476837158,2.3525397777557373,0,0,0.6525397300720215,0.6525397300720215,1
A woman in blue has a yellow ball in the hand,The girl in blue is chasing the base runner with a number on the jersey,2.299999952316284,0,2.299999952316284,2.885828971862793,0,0,0.5858290195465088,0.5858290195465088,1
The girl in blue is chasing the base runner with a number on the jersey,A woman in blue has a yellow ball in the mitt,3.0,0,3.0,3.3708269596099854,0,0,0.37082695960998535,0.37082695960998535,1
The young man is rock climbing,The man is rock climbing,4.800000190734863,1,4.800000190734863,4.8685302734375,1,1,0.06853008270263672,0.06853008270263672,1
A man in a purple hat is climbing a rocky wall with bare hands,The man is rock climbing,3.9000000953674316,1,3.900000095367432,4.463279724121094,1,1,0.5632796287536621,0.5632796287536621,1
Two people are driving a jeep and a lady is sitting on the top of it,Two people are driving a boat and a lady is sitting on the top of it,3.4149999618530273,0,3.414999961853028,3.703413963317871,0,0,0.28841400146484375,0.28841400146484375,1
A blond woman is sitting on the roof of a yellow vehicle and two people are inside,A blond woman is sitting on the roof of a yellow vehicle and two people are outside,3.799999952316284,0,3.799999952316284,4.141684532165527,0,0,0.34168457984924316,0.34168457984924316,1
A woman with blond hair is sitting on the roof of a yellow vehicle and two people are inside,Two people are driving a jeep and a lady is sitting on the top of it,3.4000000953674316,0,3.400000095367432,3.3666763305664062,0,0,-0.03332376480102539,0.03332376480102539,1
Two people are driving a jeep and a girl is sitting on the top of it,A blond woman is sitting on the roof of a yellow vehicle and two people are inside,3.0,0,3.0,2.749377012252808,0,0,-0.25062298774719194,0.25062298774719194,1
Two people are driving a boat and a lady is sitting on the top of it,A blond woman is sitting on the roof of a yellow vehicle and two people are inside,2.799999952316284,0,2.799999952316284,2.7246086597442627,0,0,-0.07539129257202148,0.07539129257202148,1
A blond woman is sitting on the roof of a yellow vehicle and two people are inside,Two people are driving a jeep and a lady is sitting on the top of it,3.799999952316284,0,3.799999952316284,3.163776159286499,0,0,-0.6362237930297852,0.6362237930297852,1
A large brown dog is jumping over a red hurdle,A red hurdle is being jumped by a large brown dog,4.900000095367432,1,4.900000095367432,5.144445896148682,1,1,0.24444580078125,0.24444580078125,1
"A brown and white dog is jumping over a red, yellow and white barrier","A brown and white dog is jumping over a red, yellow and white hurdle",4.599999904632568,1,4.599999904632568,5.027474880218506,1,1,0.4274749755859375,0.4274749755859375,1
A large brown dog is jumping over a red hurdle,"A brown and white dog is jumping over a red, yellow and white barrier",3.9000000953674316,0,3.900000095367432,3.905783414840698,0,0,0.0057833194732661575,0.0057833194732661575,1
A red hurdle is being jumped by a large brown dog,"A brown and white dog is jumping over a red, yellow and white hurdle",4.199999809265137,0,4.199999809265137,3.916520118713379,0,0,-0.2834796905517578,0.2834796905517578,1
The yellow dog is drinking water from a bottle,The yellow dog is drinking water from a container,4.699999809265137,1,4.699999809265137,4.524662971496582,1,0,-0.1753368377685547,0.1753368377685547,0
The yellow dog is drinking water from a bottle,The yellow dog is drinking water from a pot,3.9000000953674316,2,3.900000095367432,3.61814284324646,2,0,-0.2818572521209717,0.2818572521209717,0
A yellow dog is drinking water from the faucet, water from the faucet is being drunk by a yellow dog,4.900000095367432,1,4.900000095367432,5.2313385009765625,1,1,0.33133840560913086,0.33133840560913086,1
 water from the faucet is being drunk by a yellow dog,The yellow dog is drinking water from a bottle,3.799999952316284,0,3.799999952316284,3.8671176433563232,0,0,0.06711769104003906,0.06711769104003906,1
A yellow dog is drinking water from the faucet,The yellow dog is drinking water from a pot,3.299999952316284,0,3.299999952316284,3.562990188598633,0,0,0.26299023628234863,0.26299023628234863,1
The adults and children are being gathered near an outdoor seating arrangement,Adults and children are standing and playing in front of steps near a desert area,3.0999999046325684,0,3.0999999046325684,2.80895733833313,0,0,-0.2910425662994385,0.2910425662994385,1
Adults and children standing and playing in front of steps near a wooded area,The adults and children are being gathered near an outdoor seating arrangement,2.5,0,2.5,2.944660186767578,0,0,0.4446601867675781,0.4446601867675781,1
A woman is looking down and is wearing a wedding veil,A boy is looking down and wearing a wedding veil,2.9000000953674316,0,2.900000095367432,3.1867027282714844,0,0,0.28670263290405273,0.28670263290405273,1
A woman is looking down and is wearing a wedding dress,A bride with a white veil is looking down,4.0,0,4.0,4.238042831420898,0,0,0.23804283142089844,0.23804283142089844,1
A bride with a white veil is looking down,A boy is looking down and wearing a wedding veil,3.0999999046325684,0,3.0999999046325684,3.5017025470733643,0,0,0.4017026424407959,0.4017026424407959,1
A bride with a white dress is looking down,A woman is looking down and is wearing a wedding veil,3.9000000953674316,0,3.900000095367432,4.267622947692871,0,0,0.36762285232543945,0.36762285232543945,1
A bride with a white veil is looking down,A woman is looking down and is wearing a wedding veil,4.300000190734863,0,4.300000190734863,4.618391513824463,0,1,0.3183913230895996,0.3183913230895996,0
A young girl is standing in a group and is wearing a black shirt and pink beads,A girl is standing in a group and is wearing a black shirt and pink beads,4.5,1,4.5,5.049165725708008,1,1,0.5491657257080078,0.5491657257080078,1
A girl is standing in a group and is wearing a black shirt and pink beads,A girl is standing alone and wears a black shirt and pink beads,3.5,0,3.5,3.786491632461548,0,0,0.28649163246154785,0.28649163246154785,1
A girl has black and orange patches on the cheeks,A young girl is standing in a group and is wearing a black shirt and pink beads,2.700000047683716,0,2.700000047683716,2.2786624431610107,0,0,-0.4213376045227051,0.4213376045227051,1
Two large dogs are frolicking in a grassy field,Two large dogs are frolicking in a parking lot,3.200000047683716,0,3.200000047683716,3.585365533828736,0,0,0.38536548614502,0.38536548614502,1
Two large dogs are frolicking in a grassy field,Two animals are running through high grass,3.9000000953674316,0,3.900000095367432,3.7346792221069336,0,0,-0.16532087326049805,0.16532087326049805,1
Two large dogs are frolicking in a grassy field,Two dogs are running through water,3.5,0,3.5,2.7016537189483643,0,0,-0.7983462810516357,0.7983462810516357,1
Two large dogs are frolicking in a parking lot,Two dogs are running through high grass,2.5,0,2.5,3.2770299911499023,0,0,0.7770299911499023,0.7770299911499023,1
A black dog is running across a rocky landscape,A dog is running across a rocky landscape,4.400000095367432,1,4.400000095367432,4.8014750480651855,1,1,0.4014749526977539,0.4014749526977539,1
A black dog is walking along rocky terrain,A black cat is walking along rocky terrain,3.5999999046325684,0,3.5999999046325684,3.0524959564208984,0,0,-0.5475039482116699,0.5475039482116699,1
A black dog is running across a rocky landscape,A black cat is walking along rocky terrain,2.799999952316284,0,2.799999952316284,2.791637659072876,0,0,-0.008362293243408203,0.008362293243408203,1
A dog is running across a rocky landscape,A black dog is walking along rocky terrain,3.9000000953674316,0,3.900000095367432,3.6526403427124015,0,0,-0.24735975265503019,0.24735975265503019,1
A black dog is running across a rocky landscape,A black dog is walking along rocky terrain,3.700000047683716,0,3.700000047683716,3.9339332580566406,0,0,0.2339332103729248,0.2339332103729248,1
Three small dogs are sniffing at something,Three dogs are sniffing at something,4.599999904632568,1,4.599999904632568,4.820497989654541,1,1,0.22049808502197266,0.22049808502197266,1
Three small cats is sniffing at something,Three small dogs are sniffing at something,3.5,0,3.5,3.391799211502075,0,0,-0.1082007884979248,0.1082007884979248,1
Three dogs are resting on a sidewalk,Three dogs are resting on the pavement,4.599999904632568,1,4.599999904632568,4.938850402832031,1,1,0.3388504981994629,0.3388504981994629,1
Three dogs are resting on a couch,Three dogs are resting on a sidewalk,3.0,0,3.0,3.67095398902893,0,0,0.6709539890289302,0.6709539890289302,1
Three small dogs are sniffing at something,Three dogs are resting on the pavement,3.25,0,3.25,2.869771242141724,0,0,-0.3802287578582759,0.3802287578582759,1
Three small dogs are sniffing at something,Three dogs are resting on a couch,2.299999952316284,0,2.299999952316284,2.630913496017456,0,0,0.3309135437011719,0.3309135437011719,1
Three dogs are resting on a sidewalk,Three dogs are sniffing at something,3.4000000953674316,0,3.400000095367432,3.478717803955078,0,0,0.07871770858764648,0.07871770858764648,1
Three small cats is sniffing at something,Three dogs are resting on a sidewalk,1.7000000476837158,0,1.7000000476837158,1.662705659866333,0,0,-0.03729438781738281,0.03729438781738281,1
Three dogs are resting on a sidewalk,Three small dogs are sniffing at something,3.200000047683716,0,3.200000047683716,3.19689416885376,0,0,-0.0031058788299556106,0.0031058788299556106,1
A young man is getting a motocross bike up a dirt hill,A young man is pushing a motocross bike up a dirt hill,4.599999904632568,1,4.599999904632568,4.26535701751709,1,0,-0.3346428871154785,0.3346428871154785,0
A young man is pushing a motocross bike up a dirt hill,A young man is pushing a motocross bike down a dirt hill,3.4000000953674316,0,3.400000095367432,4.025054454803467,0,0,0.6250543594360352,0.6250543594360352,1
Some young dirt bikers are getting a dirt bike up a sandy hill,A young man is getting a motocross bike up a dirt hill,3.5999999046325684,0,3.5999999046325684,4.252918243408203,0,0,0.6529183387756348,0.6529183387756348,1
Some young dirt bikers are getting a dirt bike up a sandy hill,A young man is pushing a motocross bike up a dirt hill,3.5999999046325684,0,3.5999999046325684,3.952551126480103,0,0,0.3525512218475346,0.3525512218475346,1
A middle aged man and woman are riding bikes down a road beside the water,A middle aged man and woman are riding bikes down a road near the water,4.900000095367432,1,4.900000095367432,4.908970832824707,1,1,0.00897073745727539,0.00897073745727539,1
A middle aged man and woman are riding bikes down a road beside the water,A middle aged man and woman are riding horses down a road beside the water,3.799999952316284,0,3.799999952316284,3.502762079238892,0,0,-0.29723787307739213,0.29723787307739213,1
An older man and a woman are riding bikes on the boardwalk near the ocean,An older man and a woman are riding bikes on the boardwalk near the water,4.900000095367432,1,4.900000095367432,5.17943286895752,1,1,0.2794327735900888,0.2794327735900888,1
A young man and a woman are riding bikes on the boardwalk near the ocean,An older man and a woman are riding bikes on the boardwalk near the ocean,3.5,0,3.5,4.123441219329834,0,0,0.623441219329834,0.623441219329834,1
An older man and a woman are riding bikes on the boardwalk near the water,A middle aged man and woman are riding bikes down a road beside the water,4.099999904632568,1,4.099999904632568,3.870139837265015,1,0,-0.22986006736755327,0.22986006736755327,0
A middle aged man and woman are riding bikes down a road near the water,An older man and a woman are riding bikes on the boardwalk near the ocean,3.5,0,3.5,4.097189426422119,0,0,0.5971894264221191,0.5971894264221191,1
An older man and a woman are riding bikes on the boardwalk near the ocean,A middle aged man and woman are riding horses down a road beside the water,2.299999952316284,0,2.299999952316284,2.855095624923706,0,0,0.5550956726074219,0.5550956726074219,1
An older man and a woman are riding bikes on the boardwalk near the ocean,A middle aged man and woman are riding bikes down a road beside the water,3.9000000953674316,0,3.900000095367432,3.850348711013794,0,0,-0.049651384353637695,0.049651384353637695,1
Some people and cars are on a crowded street,Some people and vehicles are on a crowded street,4.5,1,4.5,5.104311943054199,1,1,0.6043119430541992,0.6043119430541992,1
Pedestrians and cars are moving through a traffic jam in a small city,Pedestrians and cars are moving through a traffic jam in a big city,4.0,0,4.0,3.6826422214508057,0,0,-0.31735777854919434,0.31735777854919434,1
Pedestrians and cars are moving through a traffic jam in a big city,Some people and cars are on a crowded street,3.9000000953674316,1,3.900000095367432,4.216627597808838,1,1,0.31662750244140625,0.31662750244140625,1
Pedestrians and cars are moving through a traffic jam in a big city,Some people and vehicles are on a crowded street,3.200000047683716,1,3.200000047683716,4.239779472351074,1,1,1.0397794246673584,1.0397794246673584,1
Two brown and white dogs are fighting on a grassy area in front of a tree,Two brown and white dogs are fighting on a grassy area in front of a plant,4.800000190734863,1,4.800000190734863,4.72341775894165,1,1,-0.07658243179321289,0.07658243179321289,1
Two dogs are playing outside,Two animals are playing outside,4.599999904632568,1,4.599999904632568,4.981936454772949,1,1,0.38193655014038086,0.38193655014038086,1
Two brown and white dogs are fighting on a grassy area in front of a tree,Two animals are playing outside,3.5999999046325684,1,3.5999999046325684,3.82085633277893,1,0,0.22085642814636186,0.22085642814636186,0
Two dogs are playing outside,Two brown and white dogs are fighting on a grassy area behind a tree,3.5,0,3.5,3.2291719913482666,0,0,-0.2708280086517334,0.2708280086517334,1
Two dogs are playing outside,Two brown and white dogs are fighting on a grassy area in front of a tree,3.0,0,3.0,3.2614753246307373,0,0,0.2614753246307373,0.2614753246307373,1
A soccer player is sitting on the field and is drinking water,Water is being drunk by a soccer player sitting on the field,4.800000190734863,1,4.800000190734863,4.9563398361206055,1,1,0.1563396453857422,0.1563396453857422,1
A man is sitting on the lawn and drinking from a water bottle,A soccer player is sitting on the field and is drinking water,3.200000047683716,0,3.200000047683716,3.1700127124786377,0,0,-0.029987335205078125,0.029987335205078125,1
Water is being drunk by a soccer player sitting on the field,A man is sitting on the grass and drinking from a water bottle,3.700000047683716,1,3.700000047683716,3.833026170730591,1,0,0.133026123046875,0.133026123046875,0
A soccer player is sitting on the field and is drinking beer,A man is sitting on the grass and drinking from a water bottle,2.9000000953674316,0,2.900000095367432,3.4978365898132324,0,0,0.5978364944458008,0.5978364944458008,1
A dog is running on the beach,There is no dog running on the beach,4.300000190734863,2,4.300000190734863,3.444365262985229,2,2,-0.8556349277496342,0.8556349277496342,1
The dog is running through the wet sand,The dog is moving through the wet sand,4.400000095367432,1,4.400000095367432,4.8277130126953125,1,1,0.42771291732788086,0.42771291732788086,1
The dog is running through the wet sand,The dog is running through the dry sand,3.5999999046325684,2,3.5999999046325684,4.0406599044799805,2,0,0.4406599998474121,0.4406599998474121,0
A dog is running on the beach,The dog is moving through the wet sand,3.5,0,3.5,4.015711784362793,0,0,0.515711784362793,0.515711784362793,1
The dog is running through the wet sand,A dog is running on the sea shore,3.799999952316284,0,3.799999952316284,3.731343030929565,0,0,-0.0686569213867192,0.0686569213867192,1
A dog is running on the beach,The dog is running through the wet sand,4.099999904632568,0,4.099999904632568,4.27356481552124,0,0,0.17356491088867188,0.17356491088867188,1
Sunglasses are being worn by a boy,A boy is wearing sunglasses,4.900000095367432,1,4.900000095367432,5.262275218963623,1,1,0.3622751235961914,0.3622751235961914,1
A boy is wearing sunglasses,A girl is wearing sunglasses,3.299999952316284,0,3.299999952316284,3.6161835193634033,0,0,0.31618356704711914,0.31618356704711914,1
A chubby faced boy is not wearing sunglasses,A chubby faced boy is wearing sunglasses,3.9000000953674316,2,3.900000095367432,3.4848103523254395,2,2,-0.4151897430419922,0.4151897430419922,1
A chubby faced boy is wearing dark glasses,A boy is wearing sunglasses,4.300000190734863,1,4.300000190734863,4.715237617492676,1,1,0.4152374267578125,0.4152374267578125,1
A boy is wearing sunglasses,A chubby faced boy is not wearing sunglasses,3.700000047683716,0,3.700000047683716,3.496762275695801,0,0,-0.20323777198791504,0.20323777198791504,1
Kids are being dressed in costumes and playing a game,Kids are not dressed in costumes and playing a game,4.0,2,4.0,3.4761831760406494,2,2,-0.5238168239593506,0.5238168239593506,1
A young girl with painted face is standing next to some other children,A girl with painted face is standing next to some other children,4.599999904632568,1,4.599999904632568,5.150668144226074,1,1,0.5506682395935059,0.5506682395935059,1
A young boy with painted face is standing next to some other children,A young girl with painted face is standing next to some other children,3.299999952316284,0,3.299999952316284,3.5424907207489014,0,0,0.2424907684326172,0.2424907684326172,1
A girl with painted face is standing next to some other children,Kids are being dressed in costumes and playing a game,2.4000000953674316,0,2.400000095367432,3.4485909938812256,0,0,1.048590898513794,1.048590898513794,1
A young girl with painted face is standing next to some other children,Kids are being dressed in costumes and playing a game,2.6500000953674316,0,2.650000095367432,3.4985220432281494,0,0,0.8485219478607178,0.8485219478607178,1
A horse is racing,A horse is running,4.400000095367432,1,4.400000095367432,4.602044105529785,1,1,0.20204401016235352,0.20204401016235352,1
A horse is racing,A horse is not racing,3.0999999046325684,2,3.0999999046325684,3.372100353240967,2,2,0.27210044860839844,0.27210044860839844,1
A horse is running,Dogs are racing on a track,1.399999976158142,0,1.399999976158142,1.413985252380371,0,0,0.013985276222229004,0.013985276222229004,1
A horse is racing,Dogs are running on a track,2.0,0,2.0,1.3670995235443115,0,0,-0.6329004764556885,0.6329004764556885,1
Dogs are racing on a track,A horse is racing,2.0999999046325684,0,2.0999999046325684,2.5381529331207275,0,0,0.4381530284881592,0.4381530284881592,1
There is no bmx biker jumping dirt ramps in front of a body of water,Some bikers are getting airborne on a track near water and a skyline,3.200000047683716,2,3.200000047683716,3.609009504318237,2,0,0.40900945663452104,0.40900945663452104,0
A woman is doing a skateboard trick on an outdoor park porch,A man is doing a skateboard trick on an outdoor park porch,3.9000000953674316,0,3.900000095367432,3.7739028930664062,0,0,-0.1260972023010254,0.1260972023010254,1
A man is doing a trick on a bike,A man is doing a skateboard trick on an outdoor park porch,2.7850000858306885,0,2.7850000858306885,2.6447913646698,0,0,-0.14020872116088867,0.14020872116088867,1
A man is doing a skateboard trick on an outdoor park porch,A man is doing a trick on a skateboard,4.5,1,4.5,4.658134460449219,1,1,0.15813446044921875,0.15813446044921875,1
A person in a motocross uniform is wearing a helmet and rides a red motorcycle,A person in a motocross uniform is not wearing a helmet and riding a red motorcycle,4.0,2,4.0,3.498573064804077,2,2,-0.5014269351959229,0.5014269351959229,1
A racer in full gear is wearing a helmet with sponsor logos and is riding a red sport motorcycle,A racer in full gear wears a helmet with sponsor logos and is riding a blue sport motorcycle,4.300000190734863,0,4.300000190734863,3.8893773555755615,0,0,-0.41062283515930176,0.41062283515930176,1
A person in a motocross uniform is wearing a helmet and rides a red motorcycle,A racer in full gear wears a helmet with sponsor logos and is riding a blue sport motorcycle,3.299999952316284,0,3.299999952316284,3.6249899864196777,0,0,0.32499003410339355,0.32499003410339355,1
A person in a motocross uniform is not wearing a helmet and riding a red motorcycle,A racer in full gear is wearing a helmet with sponsor logos and is riding a red sport motorcycle,4.099999904632568,0,4.099999904632568,3.532219648361206,0,0,-0.5677802562713623,0.5677802562713623,1
People are sitting at round tables in a red room,People are sitting at square tables in a red room,3.9000000953674316,0,3.900000095367432,3.803420066833496,0,0,-0.09658002853393555,0.09658002853393555,1
Several people are sitting at little tables in a darkened room,Several people are sitting at small tables in a darkened room,4.800000190734863,1,4.800000190734863,5.098595142364502,1,1,0.29859495162963867,0.29859495162963867,1
People are sitting at square tables in a red room,Several people are sitting at small tables in a light room,2.799999952316284,0,2.799999952316284,3.6703615188598633,0,0,0.8703615665435791,0.8703615665435791,1
Several people are sitting at small tables in a darkened room,People are sitting at round tables in a red room,3.4000000953674316,0,3.400000095367432,3.352425098419189,0,0,-0.04757499694824263,0.04757499694824263,1
A boy in a striped shirt is playing in front of a water fountain,A boy in a striped shirt is jumping in front of a water fountain,4.400000095367432,0,4.400000095367432,4.229777812957764,0,0,-0.17022228240966797,0.17022228240966797,1
A boy is jumping on the side of a stone water fountain in front of a building,A boy is jumping off the side of a stone water fountain in front of a building,4.199999809265137,2,4.199999809265137,4.933181285858154,2,1,0.7331814765930176,0.7331814765930176,0
A boy is jumping off the side of a water fountain made of stone in front of a building,A boy in a striped shirt is jumping in front of a water fountain,3.9000000953674316,0,3.900000095367432,3.661209106445313,0,0,-0.2387909889221187,0.2387909889221187,1
A boy is jumping off the side of a stone water fountain in front of a building,A boy in a striped shirt is jumping in front of a water fountain,3.9000000953674316,0,3.900000095367432,3.737504720687866,0,0,-0.16249537467956543,0.16249537467956543,1
Two dogs are leaping through snowy grass and rocks,Two dogs are jumping through snowy grass and rocks,4.800000190734863,1,4.800000190734863,5.061310768127441,1,1,0.2613105773925781,0.2613105773925781,1
Two dogs are leaping through snowy grass and rocks,There is no dog leaping through snowy grass and rocks,3.0999999046325684,2,3.0999999046325684,3.4616329669952397,2,2,0.36163306236267134,0.36163306236267134,1
"Two large dogs, a light colored one and a dark one, are quickly moving through snowy terrain","Two large dogs, a light colored one and a dark one, are running through snowy terrain",4.699999809265137,1,4.699999809265137,4.819791793823242,1,1,0.11979198455810547,0.11979198455810547,1
"Two large dogs, a light colored one and a dark one, are sleeping on a snowy terrain","Two large dogs, a light colored one and a dark one, are running through snowy terrain",3.9000000953674316,0,3.900000095367432,3.70475697517395,0,0,-0.19524312019348145,0.19524312019348145,1
"Two large dogs, a light colored one and a dark one, are running through snowy terrain",Two dogs are leaping through snowy grass and rocks,4.300000190734863,0,4.300000190734863,3.820798873901367,0,0,-0.4792013168334961,0.4792013168334961,1
A girl in blue is sliding down a green slide,A boy in blue are sliding down a green slide,3.4000000953674316,0,3.400000095367432,3.4968960285186768,0,0,0.09689593315124512,0.09689593315124512,1
The young girl in blue is having fun on a swing,The young girl in blue is having fun on a slide,3.799999952316284,0,3.799999952316284,3.762770175933838,0,0,-0.03722977638244629,0.03722977638244629,1
The young girl in blue is having fun on a slide,A girl in blue is sliding down a slide,4.199999809265137,0,4.199999809265137,3.8795692920684814,0,0,-0.3204305171966553,0.3204305171966553,1
A boy in blue are sliding down a green slide,The young girl in blue is having fun on a slide,3.0999999046325684,0,3.0999999046325684,3.307982444763184,0,0,0.20798254013061568,0.20798254013061568,1
A girl in blue is sliding down a green slide,The young girl in blue is having fun on a slide,4.300000190734863,0,4.300000190734863,4.2288312911987305,0,0,-0.07116889953613281,0.07116889953613281,1
A man is looking into the distance and people is walking between buildings behind,A person is looking into the distance and people is walking between buildings behind,4.400000095367432,1,4.400000095367432,4.977433681488037,1,1,0.5774335861206055,0.5774335861206055,1
A woman is looking into the distance and people are walking between buildings behind,A man is looking into the distance and people is walking between buildings behind,3.5,0,3.5,3.6163289546966553,0,0,0.11632895469665527,0.11632895469665527,1
A person is looking into the distance and people is walking between buildings behind,A black man is walking next to a building in a big city,2.299999952316284,0,2.299999952316284,3.055076360702514,0,0,0.75507640838623,0.75507640838623,1
A black man is walking next to a building in a big city,A woman is looking into the distance and people are walking between buildings behind,1.7000000476837158,0,1.7000000476837158,2.226154088973999,0,0,0.5261540412902832,0.5261540412902832,1
A man is looking into the distance and people is walking between buildings behind,A black man is walking next to a shop in a big city,2.299999952316284,0,2.299999952316284,2.76164984703064,0,0,0.4616498947143559,0.4616498947143559,1
A white man is walking next to a building in a big city,A man is looking into the distance and people is walking between buildings behind,2.4000000953674316,0,2.400000095367432,3.215126037597656,0,0,0.8151259422302242,0.8151259422302242,1
A bald man in a band is playing guitar in the spotlight,A bald man in a band is playing an instrument in the spotlight,4.599999904632568,1,4.599999904632568,5.054037094116211,1,1,0.4540371894836426,0.4540371894836426,1
A man is playing guitar next to a drummer,A guitar is being played by a man next to a drummer,4.900000095367432,1,4.900000095367432,5.198659896850586,1,1,0.2986598014831543,0.2986598014831543,1
A bald man in a band is playing guitar in the spotlight,A guitar is being played by a man next to a drummer,4.0,0,4.0,3.8898403644561768,0,0,-0.11015963554382324,0.11015963554382324,1
A bald man in a band is playing guitar in the spotlight,There is no man playing guitar next to a drummer,2.9000000953674316,0,2.900000095367432,3.090080499649048,0,0,0.1900804042816162,0.1900804042816162,1
A bald man in a band is playing an instrument in the spotlight,A man is playing guitar next to a drummer,3.4000000953674316,0,3.400000095367432,3.1988439559936523,0,0,-0.2011561393737793,0.2011561393737793,1
A bald man in a band is playing guitar in the spotlight,A man is playing guitar next to a drummer,3.4000000953674316,0,3.400000095367432,3.8721024990081783,0,0,0.4721024036407466,0.4721024036407466,1
A black dog is jumping from a dock into the water,A black animal is jumping from a dock into the water,4.300000190734863,1,4.300000190734863,5.079364776611328,1,1,0.7793645858764648,0.7793645858764648,1
A black dog is jumping off a dock into a pond,A black animal is jumping from a dock into the water,4.199999809265137,1,4.199999809265137,4.969249248504639,1,1,0.769249439239502,0.769249439239502,1
A black dog is jumping off a dock into a pond,A white dog is jumping from a dock into the water,3.799999952316284,0,3.799999952316284,3.471841812133789,0,0,-0.3281581401824951,0.3281581401824951,1
A black dog is jumping on a dock into a pond,A black dog is jumping from a dock into the water,4.400000095367432,1,4.400000095367432,4.519904136657715,1,1,0.1199040412902832,0.1199040412902832,1
A black dog is jumping off a dock into a pond,A black dog is jumping from a dock into the water,4.599999904632568,1,4.599999904632568,5.046548843383789,1,1,0.4465489387512207,0.4465489387512207,1
A bride in a white dress is running,A girl in a white dress is running,4.400000095367432,1,4.400000095367432,4.68800163269043,1,1,0.28800153732299805,0.28800153732299805,1
A girl in a white dress is running,A girl in a white dress is standing,3.5,0,3.5,3.7994167804718018,0,0,0.29941678047180176,0.29941678047180176,1
A little girl is smiling and running outside,A little girl is smiling and running inside,4.300000190734863,2,4.300000190734863,3.8919003009796143,2,0,-0.408099889755249,0.408099889755249,0
A girl in a white dress is running,A little girl is smiling and running inside,3.0,0,3.0,3.539689302444458,0,0,0.539689302444458,0.539689302444458,1
A girl in a white dress is standing,A little girl is smiling and running outside,2.0999999046325684,0,2.0999999046325684,2.9181222915649414,0,0,0.818122386932373,0.818122386932373,1
A little girl is smiling and running outside,A girl in a white dress is running,3.700000047683716,0,3.700000047683716,3.9171411991119385,0,0,0.21714115142822266,0.21714115142822266,1
There is no man skiing down a snowy hill,A man is skiing down a snowy hill,3.0999999046325684,2,3.0999999046325684,3.609822988510132,2,2,0.5098230838775635,0.5098230838775635,1
A man is skiing down a snowy mountain,A skier in black is catching a tiny bit of air,3.4000000953674316,0,3.400000095367432,3.539590120315552,0,0,0.13959002494812056,0.13959002494812056,1
There is no man skiing down a snowy hill,A skier in black is catching a tiny bit of air,2.799999952316284,0,2.799999952316284,2.779603242874145,0,0,-0.020396709442139116,0.020396709442139116,1
A skier in black is catching a tiny bit of air,A man is skiing down a snowy hill,3.5,0,3.5,3.6699295043945312,0,0,0.16992950439453125,0.16992950439453125,1
A boy is playing slip and slide in the grass,A child is playing slip and slide in the grass,4.599999904632568,1,4.599999904632568,5.011892318725586,1,1,0.4118924140930176,0.4118924140930176,1
A child is splashing in a pool for children and no other children are playing in the background,A child is splashing in a pool for children and other children are playing in the background,2.5999999046325684,2,2.5999999046325684,3.8223414421081534,2,2,1.222341537475585,1.222341537475585,1
A child is playing slip and slide in the grass,A child is splashing in a pool for children and no other children are playing in the background,2.615000009536743,0,2.615000009536743,2.2399380207061768,0,0,-0.3750619888305664,0.3750619888305664,1
A boy is playing slip and slide in the grass,A child is splashing in a pool for children and other children are playing in the background,2.799999952316284,0,2.799999952316284,2.1254169940948486,0,0,-0.6745829582214355,0.6745829582214355,1
A child is splashing in a pool for children and other children are playing in the background,A child is not playing slip and slide in the grass,2.9000000953674316,0,2.900000095367432,2.49304461479187,0,0,-0.4069554805755615,0.4069554805755615,1
Two men are standing together and one is looking in the distance,Two men are standing together and one is looking through binoculars,4.099999904632568,0,4.099999904632568,4.389720439910889,0,0,0.2897205352783203,0.2897205352783203,1
Two women are standing together and one is looking through binoculars,Two men are standing together and one is looking through binoculars,3.700000047683716,0,3.700000047683716,3.583308696746826,0,0,-0.11669135093688965,0.11669135093688965,1
Two men are looking out and one is holding binoculars,Two men are looking out and one is holding a spyglass,4.0,0,4.0,4.7276129722595215,0,1,0.7276129722595215,0.7276129722595215,0
Two men are standing together and one is looking through binoculars,Two men are looking out and one is holding a spyglass,3.299999952316284,0,3.299999952316284,4.388388633728027,0,1,1.0883886814117432,1.0883886814117432,0
Two men are looking out and one is holding binoculars,Two men are standing together and one is looking in the distance,3.700000047683716,0,3.700000047683716,4.326231956481934,0,0,0.6262319087982178,0.6262319087982178,1
Two men are standing together and one is looking through binoculars,Two men are looking out and one is holding binoculars,4.400000095367432,0,4.400000095367432,4.482760429382324,0,1,0.08276033401489258,0.08276033401489258,0
A man on a motorcycle is going around a corner,A woman on a motorcycle is going around a corner,3.5999999046325684,0,3.5999999046325684,3.595570802688598,0,0,-0.004429101943970171,0.004429101943970171,1
An old man in a white shirt and gold and black hat is sitting with crossed legs,A young man in a white shirt and gold and black hat is sitting with crossed legs,3.5,0,3.5,3.788890600204468,0,0,0.2888906002044682,0.2888906002044682,1
A young person in a white shirt and gold and black hat is sitting with crossed legs,A man with a backwards hat is sitting on the ground,2.799999952316284,0,2.799999952316284,3.1526901721954346,0,0,0.3526902198791504,0.3526902198791504,1
A man with a backwards hat is sitting on the ground,An old man in a white shirt and gold and black hat is sitting with crossed legs,2.4000000953674316,0,2.400000095367432,3.032494068145752,0,0,0.6324939727783203,0.6324939727783203,1
A person with a backwards hat is sitting on the ground,A young man in a white shirt and gold and black hat is sitting with crossed legs,3.0999999046325684,0,3.0999999046325684,3.022538185119629,0,0,-0.07746171951293945,0.07746171951293945,1
A young man in a white shirt and gold and black hat is sitting with crossed legs,A man with no hat is sitting on the ground,1.9149999618530273,0,1.9149999618530276,3.239112138748169,0,0,1.3241121768951416,1.3241121768951416,1
A young man in a white shirt and gold and black hat is sitting with crossed legs,A man with a backwards hat is sitting on the ground,2.5999999046325684,0,2.5999999046325684,3.244588613510132,0,0,0.6445887088775635,0.6445887088775635,1
A girl in blue sweater is holding a multicolor toy and is sitting on the shoulders of a man with grey hair,A girl in blue sweater is holding a multicolor toy and is sitting on the shoulders of a woman with grey hair,4.085000038146973,0,4.085000038146973,4.166468620300293,0,0,0.08146858215332031,0.08146858215332031,1
A young oriental girl is standing above the crowd and is playing with a pinwheel,A girl in blue sweater is holding a multicolor toy and is sitting on the shoulders of an old man with grey hair,2.5999999046325684,0,2.5999999046325684,2.3201186656951904,0,0,-0.27988123893737793,0.27988123893737793,1
A young oriental girl is standing above the crowd and is playing with a pinwheel,A girl in blue sweater is holding a multicolor toy and is sitting on the shoulders of a man with grey hair,2.200000047683716,0,2.200000047683716,2.491127014160156,0,0,0.29112696647644,0.29112696647644,1
A young man on a bmx bicycle is jumping off a masonry pyramid,A young man on a bmx bicycle is jumping off a pyramid,4.5,1,4.5,4.914458751678467,1,1,0.4144587516784668,0.4144587516784668,1
A man on a bike is jumping on a pyramid-shaped ramp,A bicyclist is jumping on a pyramid-shaped ramp,4.400000095367432,1,4.400000095367432,5.028482437133789,1,1,0.6284823417663574,0.6284823417663574,1
A young man on a bmx bicycle is jumping on a masonry pyramid,A bicyclist is jumping on a pyramid-shaped ramp,4.300000190734863,1,4.300000190734863,4.38902759552002,1,0,0.08902740478515714,0.08902740478515714,0
A shirtless man is playing football on a lawn,A shirtless man is playing football on a field,4.099999904632568,0,4.099999904632568,4.066622734069824,0,0,-0.03337717056274414,0.03337717056274414,1
A shirtless man is playing football in a gym,A shirtless man is playing football on a lawn,3.700000047683716,0,3.700000047683716,3.466580867767334,0,0,-0.23341917991638184,0.23341917991638184,1
A shirtless man is playing football on a lawn,A football is being held by a man with no shirt,3.799999952316284,0,3.799999952316284,3.963543653488159,0,0,0.163543701171875,0.163543701171875,1
A man with no shirt is holding a football,A shirtless man is playing football on a lawn,4.0,0,4.0,3.551701784133911,0,0,-0.44829821586608887,0.44829821586608887,1
The man is going into the lake,The man is going into the water,4.800000190734863,1,4.800000190734863,4.716349124908447,1,1,-0.08365106582641602,0.08365106582641602,1
The man is going into the water,The man is not going into the water,3.0,2,3.0,3.424551486968994,2,2,0.42455148696899414,0.42455148696899414,1
The person is going into the sea,The person is going into the water,4.300000190734863,1,4.300000190734863,5.127190589904785,1,1,0.8271903991699219,0.8271903991699219,1
The person is going into the water,The person is not going into the water,4.300000190734863,2,4.300000190734863,3.430438280105591,2,2,-0.8695619106292725,0.8695619106292725,1
The person is going into the water,The man is not going into the water,4.199999809265137,0,4.199999809265137,3.50644326210022,0,0,-0.6935565471649165,0.6935565471649165,1
Two women dressed in white and black are sitting on a bench,Two men dressed in white and black are sitting on a bench,3.5999999046325684,0,3.5999999046325684,3.572229623794556,0,0,-0.02777028083801225,0.02777028083801225,1
Two women dressed in white and black are relaxing on a bench,Two people are sitting on a park bench on a sunny day,3.5999999046325684,0,3.5999999046325684,3.581566572189331,0,0,-0.018433332443237305,0.018433332443237305,1
Two people are sitting on a park bench on a sunny day,Two men dressed in white and black are sitting on a bench,3.5999999046325684,0,3.5999999046325684,4.095102310180664,0,0,0.4951024055480957,0.4951024055480957,1
Two women dressed in white and black are sitting on a bench,Two people are sitting on a park bench on a sunny day,3.634999990463257,0,3.634999990463257,4.01173734664917,0,0,0.3767373561859131,0.3767373561859131,1
Five people are standing in the grass with no dogs,Five people are standing in the grass with three dogs,4.199999809265137,2,4.199999809265137,3.677638292312622,2,2,-0.5223615169525146,0.5223615169525146,1
Five people are standing in the grass with three dogs,Five people are standing with three dogs in the park beside the road,3.9000000953674316,0,3.900000095367432,4.126408576965332,0,0,0.2264084815979004,0.2264084815979004,1
Five people are standing in the grass with three dogs,Five people are running with three dogs in the green field beside the road,3.799999952316284,2,3.799999952316284,3.769444942474365,2,0,-0.03055500984191939,0.03055500984191939,0
Five people are standing with three dogs in the green field beside the road,Five people are standing in the grass with three dogs,4.300000190734863,1,4.300000190734863,4.669469356536865,1,1,0.36946916580200195,0.36946916580200195,1
A girl is carrying a lot of colorful scarves on the beach,A young woman is carrying a lot of colorful scarves on the beach,4.099999904632568,0,4.099999904632568,4.903507709503174,0,1,0.8035078048706055,0.8035078048706055,0
A girl in gold and purple is holding a rainbow afghan,A man in gold and purple is holding a rainbow afghan,3.799999952316284,0,3.799999952316284,3.406714677810669,0,0,-0.39328527450561523,0.39328527450561523,1
A young woman is carrying a lot of colorful scarves on the beach,A rainbow afghan is being held by a girl in gold and purple,3.0,0,3.0,1.6966464519500732,0,0,-1.3033535480499268,1.3033535480499268,1
A young woman is carrying a lot of colorful scarves on the beach,A girl in gold and purple is holding a rainbow afghan,2.0999999046325684,0,2.0999999046325684,1.7501839399337769,0,0,-0.3498159646987915,0.3498159646987915,1
A light brown dog is running in the grass,A light brown dog is running in the water,4.0,0,4.0,3.3205645084381104,0,0,-0.6794354915618896,0.6794354915618896,1
A tan dog is splashing in the water on the bank of a pond,A tan dog is playing in the water on the bank of a pond,4.199999809265137,0,4.199999809265137,4.600924015045166,0,1,0.4009242057800293,0.4009242057800293,0
A tan dog is splashing in the water on the bank of a pond,A tan dog is splashing in the water on the bank of a river,4.300000190734863,0,4.300000190734863,4.207535743713379,0,0,-0.09246444702148438,0.09246444702148438,1
A tan dog is splashing in the water on the bank of a pond,A light brown dog is running in the grass,2.299999952316284,0,2.299999952316284,3.048961877822876,0,0,0.7489619255065918,0.7489619255065918,1
A light brown dog is running in the water,A tan dog is splashing in the water on the bank of a pond,3.9000000953674316,0,3.900000095367432,3.7618424892425537,0,0,-0.13815760612487793,0.13815760612487793,1
The child is splashing water in a small blue pool,The child is splashing water in a big red pool,3.4000000953674316,2,3.400000095367432,3.5638647079467773,2,0,0.1638646125793457,0.1638646125793457,0
A toddler is making a splash outside a blue paddling pool,A toddler is making a splash inside a blue paddling pool,3.5,2,3.5,4.028342723846436,2,0,0.5283427238464364,0.5283427238464364,0
The child is splashing water in a small blue pool,A baby is splashing inside a blue paddling pool,4.300000190734863,0,4.300000190734863,3.798513650894165,0,0,-0.5014865398406982,0.5014865398406982,1
A toddler is making a splash outside a blue paddling pool,The child is splashing water in a small blue pool,4.199999809265137,0,4.199999809265137,3.6574161052703857,0,0,-0.542583703994751,0.542583703994751,1
A toddler is making a splash inside a blue paddling pool,The child is splashing water in a pool,4.099999904632568,1,4.099999904632568,4.3759942054748535,1,1,0.27599430084228516,0.27599430084228516,1
A toddler is making a splash inside a blue paddling pool,The child is splashing water in a small blue pool,4.5,1,4.5,4.098984718322754,1,0,-0.4010152816772461,0.4010152816772461,0
A grey silky dog is sleeping in the grass and a brown dog is looking on,A grey silky dog is lying in the grass and a brown dog is looking on,4.5,1,4.5,4.641334056854248,1,1,0.14133405685424805,0.14133405685424805,1
The brown dog is spotting a black dog lying in the dry field,The brown dog is spotting a black dog lying in the dry grass,4.400000095367432,1,4.400000095367432,4.020142555236816,1,0,-0.37985754013061523,0.37985754013061523,0
The brown dog is spotting a black dog and is playing in the dry grass,The brown dog is spotting a black dog lying in the dry grass,3.5,0,3.5,3.739174127578736,0,0,0.2391741275787358,0.2391741275787358,1
A grey silky dog is lying in the grass and a brown dog is looking on,The brown dog is spotting a black dog lying in the dry field,3.299999952316284,0,3.299999952316284,3.239015817642212,0,0,-0.060984134674072266,0.060984134674072266,1
The brown dog is spotting a black dog lying in the dry grass,A grey silky dog is sleeping in the grass and a brown dog is looking on,3.4000000953674316,0,3.400000095367432,3.142500638961792,0,0,-0.25749945640563965,0.25749945640563965,1
The brown dog is spotting a black dog lying in the dry grass,A grey silky dog is running in the grass and a brown dog looks on,3.0999999046325684,0,3.0999999046325684,3.272852897644043,0,0,0.1728529930114746,0.1728529930114746,1
A man is standing on a dirt hill next to a black jeep,A man is standing on a dirt hill next to a black car,4.300000190734863,1,4.300000190734863,5.001526832580566,1,1,0.7015266418457031,0.7015266418457031,1
A man is standing on a black jeep on a dirt hill,A man is standing on a dirt hill next to a black jeep,3.5999999046325684,1,3.5999999046325684,4.59812068939209,1,1,0.9981207847595215,0.9981207847595215,1
A man in a hat is standing outside of a green jeep,A man is standing on a dirt hill next to a black car,3.0,0,3.0,2.8376314640045166,0,0,-0.1623685359954834,0.1623685359954834,1
A black dog and a small white and black dog are looking up at a kitchen countertop,Two dogs are looking up at a kitchen countertop,4.599999904632568,1,4.599999904632568,4.331479549407959,1,1,-0.2685203552246094,0.2685203552246094,1
A large dog and a small dog are standing next to the kitchen counter and are sniffing,A large dog and a small dog are standing next to the kitchen counter and are investigating,4.300000190734863,1,4.300000190734863,4.763240337371826,1,1,0.4632401466369629,0.4632401466369629,1
A black dog and a small white and black dog are looking up at a kitchen countertop,A large dog and a small dog is standing on the kitchen counter and investigate,3.4000000953674316,0,3.400000095367432,3.809758424758911,0,0,0.4097583293914795,0.4097583293914795,1
A black cat and a small white and black cat are looking up at a kitchen countertop,A large dog and a small dog are standing next to the kitchen counter and are investigating,2.700000047683716,0,2.700000047683716,2.591923952102661,0,0,-0.10807609558105469,0.10807609558105469,1
A dog is playing on the ground,A dog is rolling on the ground,4.199999809265137,0,4.199999809265137,3.851371765136719,0,0,-0.3486280441284175,0.3486280441284175,1
A tan dog which is dirty is rolling in the dirt and looking right at the camera,A dirty tan dog is rolling in the dirt and looking right at the camera,4.699999809265137,1,4.699999809265137,5.165220260620117,1,1,0.46522045135498047,0.46522045135498047,1
A dirty tan dog is rolling in the water and looking right at the camera,A dirty tan dog is rolling in the dirt and looking right at the camera,3.799999952316284,0,3.799999952316284,4.017744064331055,0,0,0.2177441120147705,0.2177441120147705,1
A dirty tan dog is rolling in the dirt and looking right at the camera,A dog is playing on the ground,4.0,1,4.0,4.303466320037842,1,1,0.3034663200378418,0.3034663200378418,1
A dirty tan dog is rolling in the dirt and looking right at the camera,A dog is rolling on the ground,4.199999809265137,1,4.199999809265137,4.503979206085205,1,1,0.30397939682006836,0.30397939682006836,1
An Arabic man isn't wearing a white hat,An Arabic man is wearing a white hat,4.099999904632568,2,4.099999904632568,3.4652915000915527,2,2,-0.6347084045410156,0.6347084045410156,1
A man with a white hat and brown shirt is behind a woman in red and is looking to the right,An Arabic man is wearing a white hat,3.0999999046325684,0,3.0999999046325684,2.6230955123901367,0,0,-0.47690439224243164,0.47690439224243164,1
A white hat is being worn by an Arabic man,A man with a white hat and brown shirt is behind a woman in red and is looking to the left,2.799999952316284,0,2.799999952316284,2.792489767074585,0,0,-0.007510185241699219,0.007510185241699219,1
Little boys are playing in a water fountain in front of lots of people,Little kids are playing in a water fountain in front of lots of people,4.400000095367432,1,4.400000095367432,5.063037395477295,1,1,0.6630373001098633,0.6630373001098633,1
Children are playing in ground fountains,Little kids are playing in a water fountain in front of lots of people,3.5999999046325684,0,3.5999999046325684,4.009449005126953,0,0,0.40944910049438477,0.40944910049438477,1
Little kids are playing in a water fountain in front of few people,Children are playing in a fountain that is spraying water from the ground,4.099999904632568,1,4.099999904632568,3.7503795623779297,1,0,-0.34962034225463867,0.34962034225463867,0
Children are playing in a fountain that is spraying water from the ground,Little kids are playing in a water fountain in front of lots of people,4.0,0,4.0,4.113724708557129,0,0,0.1137247085571289,0.1137247085571289,1
A man on a yellow dirt bike is taking a jump,A person on a yellow dirt bike is taking a jump,4.400000095367432,1,4.400000095367432,5.201272010803223,1,1,0.801271915435791,0.801271915435791,1
A person on a yellow dirt bike is taking a jump,A person on a yellow clean bike is taking a jump,3.5999999046325684,0,3.5999999046325684,4.860330104827881,0,1,1.2603302001953125,1.2603302001953125,0
A person on a yellow dirt bike is taking a jump,A cyclist on a yellow bike is airborne,4.400000095367432,1,4.400000095367432,5.009426593780518,1,1,0.6094264984130859,0.6094264984130859,1
An old man with a grey beard is riding a bike,An old man with a beard that is grey is riding a bike,5.0,1,5.0,5.234864234924316,1,1,0.2348642349243164,0.2348642349243164,1
An old man with a grey beard is not riding a bike,An old man with a grey beard is riding a bike,3.0999999046325684,2,3.0999999046325684,3.532743215560913,2,2,0.4327433109283447,0.4327433109283447,1
An old man with a beard that is grey is riding a bike,A man is wearing a beret and is riding the bicycle on a recreation trail,3.799999952316284,0,3.799999952316284,3.5686516761779785,0,0,-0.23134827613830566,0.23134827613830566,1
An old man with a grey beard is riding a bike,The bicycle is being ridden by a man wearing a beret on a recreation trail,2.799999952316284,0,2.799999952316284,3.415739059448242,0,0,0.615739107131958,0.615739107131958,1
An old man with a grey beard is riding a bike,A man is wearing a beret and is riding the bicycle on a recreation trail,3.9000000953674316,0,3.900000095367432,3.6092395782470703,0,0,-0.29076051712036133,0.29076051712036133,1
Five adults are sitting on stone steps,Five adults are sitting on a chair,3.5,0,3.5,3.334460020065308,0,0,-0.16553997993469194,0.16553997993469194,1
People are sitting against a wall,People is standing against a wall,3.700000047683716,0,3.700000047683716,3.7699010372161865,0,0,0.0699009895324707,0.0699009895324707,1
People are sitting against a wall,Five adults are sitting on steps made of stone,3.0999999046325684,0,3.0999999046325684,3.08013129234314,0,0,-0.019868612289428267,0.019868612289428267,1
"A man is rock climbing, pausing and calculating the route","A woman is rock climbing, pausing and calculating the route",4.199999809265137,0,4.199999809265137,3.6722142696380615,0,0,-0.5277855396270752,0.5277855396270752,1
A man is not rock climbing and a city and a bay are in the background,"A man is rock climbing, pausing and calculating the route",2.799999952316284,0,2.799999952316284,3.243170976638794,0,0,0.44317102432250977,0.44317102432250977,1
A little girl wearing a pink shirt is playing t-ball and taking a swing,A little girl in a pink shirt is playing t-ball and taking a swing,4.900000095367432,1,4.900000095367432,5.187594413757324,1,1,0.2875943183898926,0.2875943183898926,1
A little girl in a pink shirt is playing t-ball and taking a swing,A little boy in a pink shirt is playing t-ball and taking a swing,3.4000000953674316,0,3.400000095367432,3.755994319915772,0,0,0.3559942245483403,0.3559942245483403,1
A little girl is hitting a baseball off a tee,A little girl is hitting a ball off a tee,4.599999904632568,1,4.599999904632568,5.185300350189209,1,1,0.5853004455566406,0.5853004455566406,1
A little girl is missing a baseball on a tee,A little girl is hitting a baseball off a tee,3.1500000953674316,2,3.150000095367432,3.727102041244507,2,0,0.5771019458770752,0.5771019458770752,0
A girl is hitting a little tee with a baseball,A little girl is hitting a baseball off a tee,3.9000000953674316,0,3.900000095367432,4.147939682006836,0,0,0.2479395866394043,0.2479395866394043,1
A little girl wearing a pink shirt is playing t-ball and taking a swing,A little girl is hitting a baseball off a tee,3.5999999046325684,0,3.5999999046325684,4.0686936378479,0,0,0.46869373321533203,0.46869373321533203,1
A little girl is hitting a baseball off a tee,A little girl in a pink shirt is playing t-ball and taking a swing,4.300000190734863,0,4.300000190734863,4.22706937789917,0,0,-0.07293081283569336,0.07293081283569336,1
A group of people is gathering at a stand at the fair,No group of people is gathering at a stand at the fair,4.599999904632568,2,4.599999904632568,3.480374574661255,2,2,-1.1196253299713135,1.1196253299713135,1
The people are standing at a carnival,The people are standing at a parade,3.200000047683716,0,3.200000047683716,4.232514381408691,0,0,1.0325143337249756,1.0325143337249756,1
The people are standing at a carnival,The people are running at a carnival,4.099999904632568,0,4.099999904632568,3.756339311599731,0,0,-0.34366059303283736,0.34366059303283736,1
The people are standing at a parade,A group of people is gathering at a stand at the fair,2.700000047683716,0,2.700000047683716,4.018507480621338,0,0,1.318507432937622,1.318507432937622,1
A group of people is gathering at a stand at the fair,The people are standing at a carnival,3.9000000953674316,1,3.900000095367432,3.7577507495880127,1,0,-0.14224934577941895,0.14224934577941895,0
A group of rollerbladers is lining up on the street,A group of rollerbladers is scattering on the street,3.5999999046325684,0,3.5999999046325684,3.667386531829834,0,0,0.06738662719726562,0.06738662719726562,1
Rollerbladers are rolling in formation down a hill,Rollerbladers are running in formation down a hill,4.199999809265137,0,4.199999809265137,4.26994514465332,0,0,0.0699453353881836,0.0699453353881836,1
A group of rollerbladers is lining up on the road,Rollerbladers are rolling in formation down a hill,3.700000047683716,0,3.700000047683716,3.861458539962769,0,0,0.16145849227905318,0.16145849227905318,1
A group of rollerbladers is scattering on the street,Rollerbladers are rolling in formation down a hill,3.5,0,3.5,3.356685161590576,0,0,-0.14331483840942383,0.14331483840942383,1
A woman is standing with a pair of dogs,A woman is marching with a pair of dogs,4.099999904632568,0,4.099999904632568,4.14800500869751,0,0,0.048005104064941406,0.048005104064941406,1
A woman is showing a dog with very long hair at a dog show,A dog with very long hair is being showed by a woman at a dog show,5.0,1,5.0,5.213382720947266,1,1,0.21338272094726562,0.21338272094726562,1
A woman is showing a dog with very short hair at a dog show,A woman is showing a dog with very long hair at a dog show,3.0999999046325684,2,3.0999999046325684,5.2132062911987305,2,1,2.113206386566162,2.113206386566162,0
A dog with very long hair is being showed by a woman at a dog show,A woman is marching with a pair of dogs,3.0999999046325684,0,3.0999999046325684,3.1311275959014893,0,0,0.0311276912689209,0.0311276912689209,1
A woman is showing a dog with very long hair at a dog show,A woman is marching with a pair of dogs,2.9000000953674316,0,2.900000095367432,3.197483539581299,0,0,0.2974834442138672,0.2974834442138672,1
A man dressed in black is wearing inline skates and performing a trick on a rail,A woman dressed in black is wearing inline skates and performing a trick on a rail,3.0,0,3.0,3.6857619285583496,0,0,0.6857619285583496,0.6857619285583496,1
A man dressed in black is wearing inline skates and performing acrobatics on a rail,A skateboarder is making a jump off a ramp,2.799999952316284,0,2.799999952316284,3.2421700954437256,0,0,0.4421701431274414,0.4421701431274414,1
Three children are running down hill,Three kids are running down hill,4.800000190734863,1,4.800000190734863,5.05947208404541,1,1,0.2594718933105469,0.2594718933105469,1
Three children are running down hill,Three children are running up hill,3.299999952316284,2,3.299999952316284,3.9865915775299072,2,0,0.686591625213623,0.686591625213623,0
Three children are running down a grassy hillside,Three kids are running down hill,4.800000190734863,1,4.800000190734863,4.545182228088379,1,1,-0.2548179626464844,0.2548179626464844,1
Three children are running up hill,Three children are running down a grassy hillside,3.700000047683716,0,3.700000047683716,3.721916913986206,0,0,0.021916866302490234,0.021916866302490234,1
Three children are running down a grassy hillside,Three children are running down hill,4.300000190734863,1,4.300000190734863,4.512133121490479,1,1,0.21213293075561612,0.21213293075561612,1
The black bird with a yellow beak is standing in the green grass,A black bird with a yellow beak is standing in the green grass,5.0,1,5.0,5.175941467285156,1,1,0.17594146728515625,0.17594146728515625,1
A white bird with a yellow beak is standing in the green grass,A black and orange bird is standing in the grass,2.799999952316284,0,2.799999952316284,3.595854997634888,0,0,0.795855045318604,0.795855045318604,1
A black bird with a yellow beak is standing in the green grass,A black and orange bird is not standing in the grass,3.200000047683716,0,3.200000047683716,3.569247245788574,0,0,0.3692471981048584,0.3692471981048584,1
A black and orange bird is standing in the grass,A black bird with a yellow beak is standing in the green grass,3.9000000953674316,0,3.900000095367432,4.17656135559082,0,0,0.27656126022338867,0.27656126022338867,1
A shirtless man is posing with a girl who is hiking in a park,A shirtless woman is posing with a girl who is hiking in a park,3.4000000953674316,0,3.400000095367432,3.668392419815064,0,0,0.2683923244476323,0.2683923244476323,1
A man without a shirt is posing with the arms spread next to a woman,A man without a shirt is posing with the arms spread near a woman,4.699999809265137,1,4.699999809265137,5.104781150817871,1,1,0.4047813415527344,0.4047813415527344,1
A shirtless man is posing with a girl who is hiking in a park,A man with a shirt is posing with the arms spread next to a woman,3.4000000953674316,0,3.400000095367432,4.309474945068359,0,1,0.9094748497009277,0.9094748497009277,0
A shirtless person is posing with a girl who is hiking in a park,A man without a shirt is posing with the arms spread next to a woman,3.5999999046325684,0,3.5999999046325684,3.9740030765533447,0,0,0.37400317192077637,0.37400317192077637,1
A man without a shirt is posing with the arms spread next to a woman,A shirtless man is posing with a girl who is hiking in a park,3.799999952316284,0,3.799999952316284,3.485535144805908,0,0,-0.314464807510376,0.314464807510376,1
Two white dogs are not running together,Two white dogs are running together,3.4000000953674316,2,3.400000095367432,3.4984419345855717,2,2,0.09844183921814009,0.09844183921814009,1
Two black puppies are playing near a pool,Two white puppies are playing near a pool,3.5999999046325684,0,3.5999999046325684,3.474081754684448,0,0,-0.12591814994812056,0.12591814994812056,1
Two white dogs are running together,Two white puppies are playing near water,3.5,0,3.5,3.474128007888794,0,0,-0.025871992111206055,0.025871992111206055,1
Two white dogs are quickly running together,Two white puppies are playing near a pool,3.799999952316284,0,3.799999952316284,2.8698630332946777,0,0,-0.9301369190216064,0.9301369190216064,1
Two white puppies are playing near a pool,Two white dogs are not running together,2.9000000953674316,0,2.900000095367432,3.3757357597351074,0,0,0.4757356643676758,0.4757356643676758,1
Two white puppies are playing near a pool,Two white dogs are running together,3.200000047683716,0,3.200000047683716,3.3465137481689453,0,0,0.1465137004852295,0.1465137004852295,1
A group of people are standing around a sound mixing table,A group of people are standing around a sound mixing console,4.699999809265137,1,4.699999809265137,4.9724650382995605,1,1,0.27246522903442383,0.27246522903442383,1
A group of people are looking at sound equipment,Some people is looking at sound equipment,4.699999809265137,1,4.699999809265137,4.891160011291504,1,1,0.1911602020263672,0.1911602020263672,1
A group of people are not looking at sound equipment,A group of people are looking at sound equipment,3.200000047683716,2,3.200000047683716,3.5323047637939453,2,2,0.3323047161102295,0.3323047161102295,1
A group of people are looking at sound equipment,A group of people are standing around a sound mixing console,4.0,1,4.0,4.159104347229004,1,0,0.1591043472290039,0.1591043472290039,0
A group of people are looking at sound equipment,A group of people are not standing around a sound mixing table,2.9000000953674316,0,2.900000095367432,3.5886638164520264,0,0,0.6886637210845947,0.6886637210845947,1
A group of people are looking at sound equipment,A group of people are standing around a sound mixing table,3.799999952316284,0,3.799999952316284,3.969828367233277,0,0,0.16982841491699263,0.16982841491699263,1
A young couple is sleeping in bed,A young couple is lying in bed,4.300000190734863,1,4.300000190734863,5.075070858001709,1,1,0.7750706672668457,0.7750706672668457,1
A young couple is lying in bed,A young couple is not lying in bed,4.0,2,4.0,3.436681270599365,2,2,-0.5633187294006352,0.5633187294006352,1
A young couple is lying on a bed together,A couple is lying on a bed together,4.699999809265137,1,4.699999809265137,4.789091110229492,1,1,0.08909130096435547,0.08909130096435547,1
A young couple is lying on a bed together,A young couple is lying on a couch together,3.5999999046325684,0,3.5999999046325684,3.768120050430298,0,0,0.1681201457977295,0.1681201457977295,1
A young couple is lying in bed,A couple is lying on a bed together,4.5,1,4.5,4.076935291290283,1,0,-0.4230647087097168,0.4230647087097168,0
A young couple is lying on a couch together,A young couple is lying in bed,3.4000000953674316,0,3.400000095367432,3.963255643844605,0,0,0.5632555484771733,0.5632555484771733,1
A young couple is lying in bed,A young couple is lying on a bed together,4.699999809265137,1,4.699999809265137,4.147796630859375,1,0,-0.5522031784057617,0.5522031784057617,0
People are walking across a rope bridge over a rocky stream,People are not walking across a rope bridge over a rocky stream,2.9000000953674316,2,2.900000095367432,3.4627761840820312,2,2,0.5627760887145996,0.5627760887145996,1
People are crossing a rope bridge over a rocky stream,Three people are walking across a rope and wood bridge over a river,3.700000047683716,0,3.700000047683716,4.133538722991943,0,0,0.43353867530822754,0.43353867530822754,1
Three men are walking across a rope and wood bridge over a river,People are walking across a rope bridge over a rocky stream,3.5,0,3.5,4.396317481994629,0,1,0.8963174819946289,0.8963174819946289,0
Several people are crossing in line a bridge,Several people are walking in line across a bridge,4.400000095367432,1,4.400000095367432,4.86484432220459,1,1,0.4648442268371582,0.4648442268371582,1
Several people are crossing in line a bridge,Four people are walking on a bridge over a body of water,4.099999904632568,0,4.099999904632568,3.9892852306365967,0,0,-0.11071467399597168,0.11071467399597168,1
Four people are walking on a bridge over a body of water,Several people are not walking in line across a bridge,3.200000047683716,0,3.200000047683716,3.869908571243286,0,0,0.6699085235595703,0.6699085235595703,1
Four people are walking on a bridge over a body of water,Several people are walking in line across a bridge,3.9000000953674316,0,3.900000095367432,4.180453777313232,0,0,0.2804536819458008,0.2804536819458008,1
A boy is wearing a yellow jacket and is jumping down from a rock,A child is wearing a yellow jacket and is jumping down from a rock,4.599999904632568,1,4.599999904632568,5.0680251121521,1,1,0.46802520751953125,0.46802520751953125,1
A child is wearing a yellow jacket and is jumping down from a rock,A child is wearing a yellow jacket and is jumping on a rock,3.700000047683716,0,3.700000047683716,3.913437366485596,0,0,0.21343731880188033,0.21343731880188033,1
A boy is wearing a yellow jacket and is jumping down from a rock,A young boy is jumping into water,2.700000047683716,0,2.700000047683716,2.190401554107666,0,0,-0.5095984935760498,0.5095984935760498,1
A young boy is jumping into water,A child is wearing a yellow jacket and is jumping on a rock,2.299999952316284,0,2.299999952316284,1.9433047771453855,0,0,-0.35669517517089866,0.35669517517089866,1
A child is wearing a yellow jacket and is jumping down from a rock,A young kid is jumping into water,3.0999999046325684,0,3.0999999046325684,2.268827199935913,0,0,-0.8311727046966553,0.8311727046966553,1
No young child is riding a three wheeled scooter down the sidewalk,A young child is riding a three wheeled scooter down the sidewalk,3.700000047683716,2,3.700000047683716,3.618717193603516,2,2,-0.08128285408019975,0.08128285408019975,1
A toddler is riding a plastic scooter toy,A toddler is playing with a plastic scooter toy,4.400000095367432,1,4.400000095367432,4.44627046585083,1,0,0.04627037048339844,0.04627037048339844,0
A toddler is riding a plastic scooter toy,A toddler is not riding a plastic scooter toy,3.799999952316284,2,3.799999952316284,3.449597120285034,2,2,-0.35040283203125,0.35040283203125,1
A toddler is playing with a plastic scooter toy,A young child is riding a three wheeled scooter down the sidewalk,3.6649999618530273,0,3.6649999618530273,3.699514627456665,0,0,0.034514665603637695,0.034514665603637695,1
A toddler is not riding a plastic scooter toy,A young child is riding a three wheeled scooter down the sidewalk,3.0,0,3.0,3.490931749343872,0,0,0.49093174934387207,0.49093174934387207,1
The young child is riding a three wheeled scooter down the sidewalk,A toddler is riding a plastic scooter toy,3.5999999046325684,1,3.5999999046325684,4.189455509185791,1,0,0.5894556045532227,0.5894556045532227,0
A toddler is riding a plastic scooter toy,A young child is riding a three wheeled scooter down the sidewalk,4.0,0,4.0,4.038201332092285,0,0,0.038201332092285156,0.038201332092285156,1
Three hikers are standing on a mountainside and looking at the view with a pair of binoculars,Three hikers are sitting on a mountainside and looking at the view with a pair of binoculars,4.400000095367432,0,4.400000095367432,4.000149726867676,0,0,-0.39985036849975586,0.39985036849975586,1
Three men are sitting on a hill and looking at the mountains and sky,Three men are sitting on a hill and looking at the sea,3.299999952316284,0,3.299999952316284,3.6184871196746826,0,0,0.31848716735839844,0.31848716735839844,1
Three men are sitting on a hill and looking at the sea,Three hikers are sitting on a mountainside and looking at the view with a pair of binoculars,3.700000047683716,0,3.700000047683716,3.916231632232666,0,0,0.2162315845489502,0.2162315845489502,1
Three hikers are sitting on a mountainside and looking at the view with a pair of binoculars,Three men are sitting on a hill and looking at the mountains and sky,3.5,0,3.5,3.700761795043945,0,0,0.20076179504394487,0.20076179504394487,1
A young girl is jumping rope on a sidewalk near a parking garage,A girl is jumping rope on a sidewalk near a parking garage,4.699999809265137,1,4.699999809265137,5.064879894256592,1,1,0.3648800849914551,0.3648800849914551,1
A girl is jumping rope on a sidewalk near a parking garage,A boy is jumping rope on a sidewalk near a parking garage,3.4000000953674316,0,3.400000095367432,3.6100103855133057,0,0,0.21001029014587402,0.21001029014587402,1
A girl is skipping rope in a park,A girl is jumping rope on a sidewalk near a parking garage,3.4000000953674316,0,3.400000095367432,4.02574348449707,0,0,0.6257433891296387,0.6257433891296387,1
People are clustered around a bonfire at night,People are sitting around a bonfire at night,4.800000190734863,1,4.800000190734863,4.723062515258789,1,1,-0.07693767547607422,0.07693767547607422,1
Several people are sitting around a fire at night,Several people are gathered around a fire at night,4.565000057220459,1,4.565000057220459,4.893797874450684,1,1,0.3287978172302246,0.3287978172302246,1
No people is sitting around a fire at night,Several people are sitting around a fire at night,3.4000000953674316,2,3.400000095367432,3.601572036743164,2,2,0.20157194137573242,0.20157194137573242,1
People are clustered around a bonfire at night,Several people are gathered around a fire at night,4.800000190734863,1,4.800000190734863,4.948696613311768,1,1,0.1486964225769043,0.1486964225769043,1
People are clustered around a bonfire at morning,Several people are sitting around a fire at night,4.099999904632568,0,4.099999904632568,3.515145778656006,0,0,-0.5848541259765625,0.5848541259765625,1
Several people are sitting around a fire at night,People are clustered around a bonfire at night,4.599999904632568,1,4.599999904632568,4.79127311706543,1,1,0.19127321243286133,0.19127321243286133,1
A brown dog is standing in a lake,A brown dog is standing in the water,4.300000190734863,1,4.300000190734863,4.732481479644775,1,1,0.4324812889099121,0.4324812889099121,1
A dog is not swimming in a body of water,A dog is swimming in a body of water,2.700000047683716,2,2.700000047683716,3.5444281101226807,2,2,0.8444280624389648,0.8444280624389648,1
An animal is swimming in a body of water,A brown dog is standing in a lake,3.5,0,3.5,2.8317205905914307,0,0,-0.6682794094085693,0.6682794094085693,1
A dog is not swimming in a body of water,A brown dog is standing in a lake,3.700000047683716,0,3.700000047683716,3.19656753540039,0,0,-0.5034325122833256,0.5034325122833256,1
A brown dog is standing in the water,A dog is swimming in a body of water,3.200000047683716,0,3.200000047683716,3.590240001678467,0,0,0.390239953994751,0.390239953994751,1
A white dog is standing in a lake,A dog is swimming in a body of water,3.5999999046325684,0,3.5999999046325684,3.326820135116577,0,0,-0.2731797695159912,0.2731797695159912,1
A brown dog is standing in a lake,A dog is swimming in a body of water,3.0,0,3.0,3.5057530403137207,0,0,0.5057530403137207,0.5057530403137207,1
Two dogs are running quickly through the park,Two dogs are running through the park,4.599999904632568,1,4.599999904632568,4.8580522537231445,1,1,0.25805234909057617,0.25805234909057617,1
Two dogs are walking slowly through a park,Two dogs are running through the park,3.5850000381469727,0,3.5850000381469727,3.645129442214966,0,0,0.060129404067993164,0.060129404067993164,1
Two animals are running through the park,Two dogs are running quickly through a park,4.5,1,4.5,4.482128143310547,1,0,-0.017871856689453125,0.017871856689453125,0
Two dogs are running through the beach,Two dogs are running quickly through a park,3.299999952316284,0,3.299999952316284,3.2381961345672607,0,0,-0.06180381774902344,0.06180381774902344,1
Two dogs are running quickly through a park,Two dogs are running through the park,4.5,1,4.5,4.834017753601074,1,1,0.3340177536010742,0.3340177536010742,1
A boy is wearing all black and is sliding down a blow up yellow slide,A boy is wearing all black and is sliding down a blow up slide,4.300000190734863,1,4.300000190734863,4.879480361938477,1,1,0.5794801712036133,0.5794801712036133,1
A boy is wearing all black and is sliding down a blow up yellow slide,A girl is wearing all black and is sliding down a blow up yellow slide,3.799999952316284,0,3.799999952316284,3.793602705001831,0,0,-0.006397247314453125,0.006397247314453125,1
A boy is speeding down a steep slide,A boy is wearing all black and is sliding down a blow up slide,3.9000000953674316,0,3.900000095367432,4.056868553161621,0,0,0.15686845779418945,0.15686845779418945,1
A boy is speeding down a steep slide,A girl is wearing all black and is sliding down a blow up yellow slide,2.0,0,2.0,3.0380280017852783,0,0,1.0380280017852783,1.0380280017852783,1
A boy is wearing all black and is sliding down a blow up yellow slide,A kid is speeding down a steep slide,4.099999904632568,0,4.099999904632568,3.933807849884033,0,0,-0.16619205474853516,0.16619205474853516,1
A boy is wearing all black and is sliding down a blow up yellow slide,A girl is speeding down a steep slide,2.0,0,2.0,2.891709089279175,0,0,0.8917090892791748,0.8917090892791748,1
A man is hanging on the ledge of a balcony,A man is leaning on the ledge of a balcony,4.099999904632568,0,4.099999904632568,4.969318389892578,0,1,0.8693184852600098,0.8693184852600098,0
A man with a white moustache is standing on a balcony and is looking at the road below,A man with moustaches is standing on a balcony and is looking at the road below,4.199999809265137,1,4.199999809265137,4.885623931884766,1,1,0.6856241226196289,0.6856241226196289,1
A man is leaning on the ledge of a balcony,A man with moustaches is standing on a balcony and is looking at the road below,3.700000047683716,0,3.700000047683716,3.4452450275421143,0,0,-0.25475502014160156,0.25475502014160156,1
A man with a white moustache is standing on a balcony and is looking at the road below,A man is hanging on the ledge of a balcony,3.4000000953674316,0,3.400000095367432,3.4443318843841557,0,0,0.04433178901672408,0.04433178901672408,1
A man with a white moustache is standing on a balcony and is looking at the road below,A man is leaning on the ledge of a balcony,3.799999952316284,0,3.799999952316284,3.7450573444366455,0,0,-0.05494260787963867,0.05494260787963867,1
A small white dog is running in a lawn,A small white dog is running across a lawn,4.599999904632568,1,4.599999904632568,4.558635234832764,1,0,-0.04136466979980469,0.04136466979980469,0
A brown and white dog with a brown and black bandanna is running very fast,A brown and white cat with a brown and black bandanna is running very fast,3.700000047683716,0,3.700000047683716,3.192316770553589,0,0,-0.507683277130127,0.507683277130127,1
A small white dog is running across a lawn,A brown and white cat with a brown and black bandanna is running very fast,1.899999976158142,0,1.899999976158142,1.8326411247253416,0,0,-0.06735885143280052,0.06735885143280052,1
A big white dog is running across a lawn,A brown and white dog with a brown and black bandanna is running very fast,3.5,0,3.5,3.0005104541778564,0,0,-0.49948954582214355,0.49948954582214355,1
The dog is on a leash and is walking out of the water,The dog is on a leash and is walking near the water,3.9000000953674316,0,3.900000095367432,4.259195327758789,0,1,0.3591952323913574,0.3591952323913574,0
The dog is on a leash and is walking in the water,The dog is on a leash and is walking out of the water,3.549999952316284,2,3.549999952316284,3.764525413513184,2,0,0.21452546119689986,0.21452546119689986,0
A black dog on a leash is walking in the water,A dog on a leash is walking in the water,4.699999809265137,1,4.699999809265137,4.8158369064331055,1,1,0.11583709716796875,0.11583709716796875,1
A dog on a leash is walking in the water,The dog is on a leash and is walking out of the water,3.9000000953674316,0,3.900000095367432,3.705667734146118,0,0,-0.19433236122131348,0.19433236122131348,1
The dog is on a leash and is walking out of the water,A black dog on a leash is walking in the water,3.5999999046325684,0,3.5999999046325684,3.903274774551392,0,0,0.3032748699188237,0.3032748699188237,1
A child is wearing a coat and is carrying a red sled behind a child in a green and black coat,A child is wearing a coat and is carrying a red sled near a child in a green and black coat,4.5,1,4.5,4.421226501464844,1,0,-0.07877349853515625,0.07877349853515625,0
A child is not wearing a coat and is carrying a red sled behind a child in a green and black coat,A child is wearing a coat and is carrying a red sled behind a child in a green and black coat,3.799999952316284,2,3.799999952316284,3.577770233154297,2,2,-0.2222297191619873,0.2222297191619873,1
A child is not wearing a coat and is carrying a red sled behind a child in a green and black coat,A little girl in a green coat and a boy holding a red sled are walking in the snow,2.9000000953674316,0,2.900000095367432,3.196495771408081,0,0,0.2964956760406494,0.2964956760406494,1
A red sled is being held by a little girl in a green coat and a boy walking in the snow,A child is wearing a coat and is carrying a red sled behind a child in a green and black coat,4.099999904632568,0,4.099999904632568,3.73816180229187,0,0,-0.36183810234069824,0.36183810234069824,1
A child is wearing a coat and is carrying a red sled behind a child in a green and black coat,A little girl in a green coat and a boy holding a red sled are lying in the snow,3.9000000953674316,0,3.900000095367432,3.2982022762298584,0,0,-0.6017978191375732,0.6017978191375732,1
A little girl in a green coat and a boy holding a red sled are walking in the snow,A child is wearing a coat and is carrying a red sled behind a child in a green and black coat,3.700000047683716,0,3.700000047683716,3.781932830810547,0,0,0.08193278312683105,0.08193278312683105,1
A toddler is standing up,A toddler is sitting down,3.200000047683716,0,3.200000047683716,3.389410734176636,0,0,0.18941068649292037,0.18941068649292037,1
A boy is sitting in a seat,A girl is sitting in a seat,3.0999999046325684,0,3.0999999046325684,3.643221139907837,0,0,0.5432212352752686,0.5432212352752686,1
A toddler is sitting in a seat,A toddler is sitting down,4.300000190734863,1,4.300000190734863,4.829718112945557,1,1,0.5297179222106934,0.5297179222106934,1
A toddler is sitting down,A girl is sitting in a seat,3.4000000953674316,0,3.400000095367432,4.2204999923706055,0,0,0.8204998970031738,0.8204998970031738,1
A boy is sitting in a seat,A toddler is standing up,2.0999999046325684,0,2.0999999046325684,2.5453128814697266,0,0,0.4453129768371582,0.4453129768371582,1
A dog is catching a black frisbee,A dog is catching a white frisbee,3.5850000381469727,0,3.5850000381469727,3.7181742191314697,0,0,0.13317418098449707,0.13317418098449707,1
A large wet yellow dog is holding a toy,A dog is catching a black frisbee,3.0,0,3.0,2.48962140083313,0,0,-0.5103785991668701,0.5103785991668701,1
A dog is catching a black frisbee,A large wet yellow cat is retrieving a toy,1.600000023841858,0,1.600000023841858,1.9615478515625,0,0,0.3615478277206421,0.3615478277206421,1
A large wet yellow dog is retrieving a toy,A dog is biting a black frisbee,3.0999999046325684,0,3.0999999046325684,2.4969322681427,0,0,-0.6030676364898682,0.6030676364898682,1
A large wet yellow dog is retrieving a toy,A dog is catching a white frisbee,3.0999999046325684,0,3.0999999046325684,2.633010149002075,0,0,-0.46698975563049316,0.46698975563049316,1
A large wet yellow dog is retrieving a toy,A dog is catching a black frisbee,3.5,0,3.5,2.5377299785614014,0,0,-0.9622700214385986,0.9622700214385986,1
A woman is wearing a long black coat and a brown hat and is walking past a park with a lot of blooming trees,A woman is wearing a long black jacket and a brown hat and is walking past a park with a lot of blooming trees,4.699999809265137,1,4.699999809265137,5.034965991973877,1,1,0.33496618270874023,0.33496618270874023,1
A man is wearing a long black jacket and a brown hat and is walking past a park with a lot of blooming trees,A woman is wearing a long black jacket and a brown hat and is walking past a park with a lot of blooming trees,3.9000000953674316,0,3.900000095367432,3.566614389419556,0,0,-0.33338570594787553,0.33338570594787553,1
A woman is walking in a city street,A woman is walking in a road,4.199999809265137,1,4.199999809265137,4.528206825256348,1,1,0.32820701599121094,0.32820701599121094,1
A woman is walking in a road,A woman is wearing a long black jacket and a brown hat and is walking past a park with a lot of blooming trees,3.299999952316284,0,3.299999952316284,2.658631563186645,0,0,-0.6413683891296391,0.6413683891296391,1
A man is walking in a city street,A woman is wearing a long black jacket and a brown hat and is walking past a park with a lot of blooming trees,1.6349999904632568,0,1.6349999904632568,1.7682855129241943,0,0,0.1332855224609375,0.1332855224609375,1
A woman is walking in a city street,A woman is wearing a long black coat and a brown hat and is walking past a park with a lot of blooming trees,3.0,0,3.0,2.518841028213501,0,0,-0.481158971786499,0.481158971786499,1
A woman is walking in a city street,A woman is wearing a long black jacket and a brown hat and is walking past a park with a lot of blooming trees,2.5999999046325684,0,2.5999999046325684,2.4614527225494385,0,0,-0.13854718208312988,0.13854718208312988,1
Two people are not riding motorbikes,Two people are riding motorbikes,3.299999952316284,2,3.299999952316284,3.5238986015319824,2,2,0.22389864921569824,0.22389864921569824,1
Dirt bikers are riding on a trail,Bikers are riding on a trail,4.400000095367432,1,4.400000095367432,4.582643032073975,1,1,0.18264293670654297,0.18264293670654297,1
Dirt bikers are not riding on a trail,Dirt bikers are riding on a trail,4.0,2,4.0,3.5470991134643555,2,2,-0.45290088653564453,0.45290088653564453,1
Two people are riding motorbikes,Bikers are riding on a trail,3.5999999046325684,0,3.5999999046325684,4.197017669677734,0,0,0.597017765045166,0.597017765045166,1
Two people are riding motorbikes,Dirt bikers are not riding on a trail,3.0999999046325684,0,3.0999999046325684,3.412386655807495,0,0,0.31238675117492676,0.31238675117492676,1
Dirt bikers are riding on a trail,Motorbikes are being ridden by two people,3.700000047683716,0,3.700000047683716,3.986833333969116,0,0,0.2868332862854004,0.2868332862854004,1
A woman is leaning against a pole and is surrounded by people,A man is leaning against a pole and is surrounded by people,3.5,0,3.5,3.554430723190308,0,0,0.05443072319030806,0.05443072319030806,1
A middle eastern man is standing with the back against a lamp post near to other people,A middle eastern man is standing against a lamp post near to other people,4.5,1,4.5,4.947910785675049,1,1,0.44791078567504883,0.44791078567504883,1
A middle eastern woman is standing with her back against a lamp post near to other people,A middle eastern man is standing with the back against a lamp post near to other people,3.5,0,3.5,3.268217802047729,0,0,-0.23178219795227095,0.23178219795227095,1
A middle eastern man is standing with the back against a lamp post near to other people,A man is leaning against a pole and is surrounded,3.9000000953674316,1,3.900000095367432,4.202571868896484,1,1,0.30257177352905273,0.30257177352905273,1
A middle eastern man is standing with the back against a lamp post near to other people,A woman is leaning against a pole and is surrounded by people,2.200000047683716,0,2.200000047683716,2.5505621433258057,0,0,0.35056209564208984,0.35056209564208984,1
A middle eastern man is standing with the back against a lamp post near to other people,A man is leaning against a pole and is surrounded by people,4.199999809265137,1,4.199999809265137,4.260397911071777,1,1,0.060398101806640625,0.060398101806640625,1
A couple is looking at a street guide,A couple is looking at a map,4.5,1,4.5,4.614688873291016,1,1,0.11468887329101562,0.11468887329101562,1
A couple is not looking at a map,A man and a woman are standing in front of an art gallery and are looking at a map,3.0,2,3.0,3.530023097991944,2,0,0.5300230979919438,0.5300230979919438,0
A man and a woman are standing in front of an art gallery and are looking at a map,A couple is looking at a map,4.199999809265137,1,4.199999809265137,4.490124225616455,1,1,0.29012441635131836,0.29012441635131836,1
The dog is running across the dirty path,The dog is running across the gravel,3.700000047683716,0,3.700000047683716,3.887079954147339,0,0,0.18707990646362305,0.18707990646362305,1
The cat is running across the gravel,The dog is running across the gravel,3.4000000953674316,0,3.400000095367432,3.374870777130127,0,0,-0.025129318237304688,0.025129318237304688,1
A little dog is running on the beach,A little dog is running on the sand,4.5,1,4.5,5.090573310852051,1,1,0.5905733108520508,0.5905733108520508,1
A little dog is running on the beach,The dog is running across the gravel,3.200000047683716,0,3.200000047683716,2.850430488586426,0,0,-0.34956955909729004,0.34956955909729004,1
The dog is running across the dirty path,A little dog is running on the sand,3.700000047683716,0,3.700000047683716,2.9198086261749268,0,0,-0.7801914215087891,0.7801914215087891,1
A little dog is running on the sand,The cat is running across the gravel,3.0,0,3.0,2.271634340286255,0,0,-0.7283656597137451,0.7283656597137451,1
A little dog is running on the sand,The dog is running across the gravel,3.0999999046325684,0,3.0999999046325684,3.3614940643310547,0,0,0.26149415969848633,0.26149415969848633,1
One boy in orange shorts is standing on a rock cliff over the water and the other boy in black shorts is diving into the water,One boy in orange shorts is standing on a rock cliff over the water and the other boy in black shorts is jumping of it into the water,4.599999904632568,1,4.599999904632568,4.866283893585205,1,1,0.2662839889526367,0.2662839889526367,1
One girl in orange shorts is standing on a rock cliff over the water and the other girl in black shorts is jumping off into the water,One boy in orange shorts is standing on a rock cliff over the water and the other boy in black shorts is jumping of it into the water,3.9000000953674316,0,3.900000095367432,3.5369718074798584,0,0,-0.36302828788757324,0.36302828788757324,1
Two males are standing on a cliff edge and one is jumping into the water,Two males are standing on a cliff edge and no one is jumping into the water,3.700000047683716,2,3.700000047683716,3.582317352294922,2,2,-0.11768269538879395,0.11768269538879395,1
Two males are standing on a cliff edge and no one is jumping into the water,One boy in orange shorts is standing on a rock cliff over the water and the other boy in black shorts is jumping of it into the water,3.299999952316284,2,3.299999952316284,3.56866192817688,2,0,0.2686619758605957,0.2686619758605957,0
A boy is playing a game with wooden blocks,A boy is playing a game with blocks made of wood,4.800000190734863,1,4.800000190734863,5.172213554382324,1,1,0.37221336364746094,0.37221336364746094,1
A boy is playing a game with steel blocks,A boy is playing a game with wooden blocks,4.0,0,4.0,4.796374797821045,0,1,0.7963747978210449,0.7963747978210449,0
A boy in blue shirt is looking at his hand near a stack of blocks on table,A boy is playing a game with steel blocks,3.200000047683716,0,3.200000047683716,3.405761957168579,0,0,0.20576190948486328,0.20576190948486328,1
A boy in blue shirt is looking at his hand near a stack of blocks on table,A boy is playing a game with wooden blocks,2.9000000953674316,0,2.900000095367432,3.4480631351470947,0,0,0.5480630397796631,0.5480630397796631,1
A woman is standing at the beach with a dog on a leash,A woman is standing at the beach with an animal on a leash,4.599999904632568,1,4.599999904632568,5.1216559410095215,1,1,0.5216560363769531,0.5216560363769531,1
A woman is running on the beach with a dog on a leash,A woman is standing at the beach with a dog on a leash,4.0,0,4.0,3.897099733352661,0,0,-0.10290026664733887,0.10290026664733887,1
A woman is running on the beach with a dog on a leash,A woman in a bikini is pulling a dog on a leash at the beach,4.0,0,4.0,3.977916955947876,0,0,-0.022083044052124023,0.022083044052124023,1
A woman is standing at the beach with a dog on a leash,A woman in a bikini is pulling a dog on a leash at the seashore,3.799999952316284,0,3.799999952316284,4.133452415466309,0,0,0.3334524631500244,0.3334524631500244,1
A group of five old adults are lounging indoors,A group of five young adults are lounging indoors,3.4000000953674316,0,3.400000095367432,4.669845581054688,0,1,1.2698454856872567,1.2698454856872567,0
A group of five old adults are lounging indoors,A small group of people are standing and two are sitting on the couch,3.5,0,3.5,3.2015998363494877,0,0,-0.29840016365051225,0.29840016365051225,1
A red and brown dog is digging its nose inside the holiday gift bag,The red and brown dog is digging its nose inside a holiday gift bag,5.0,1,5.0,5.1787519454956055,1,1,0.17875194549560547,0.17875194549560547,1
The red and brown dog is digging its nose inside a holiday gift bag,The red and brown dog is not digging its nose inside a holiday gift bag,3.9000000953674316,2,3.900000095367432,3.494638681411743,2,2,-0.4053614139556885,0.4053614139556885,1
A dog has its head inside a red and green gift bag,A red and brown dog is digging its nose inside the holiday gift bag,3.5999999046325684,0,3.5999999046325684,4.29915714263916,0,0,0.6991572380065918,0.6991572380065918,1
A dog has its head inside a red and green gift bag,The red and brown dog is not digging its nose inside a holiday gift bag,2.799999952316284,0,2.799999952316284,3.5783913135528564,0,0,0.7783913612365723,0.7783913612365723,1
A dog has its head inside a red and green gift bag,The red and brown dog is digging its nose inside a holiday gift bag,3.5999999046325684,0,3.5999999046325684,4.347365379333496,0,0,0.7473654747009277,0.7473654747009277,1
The man is biking in the snow and wearing a red jacket,The rider is biking in the snow and wearing a red jacket,4.400000095367432,1,4.400000095367432,5.134879112243652,1,1,0.7348790168762207,0.7348790168762207,1
A cyclist is biking in a snowy forest in the dark,The rider is biking in the snow and wearing a red jacket,3.299999952316284,0,3.299999952316284,3.776042461395264,0,0,0.47604250907897994,0.47604250907897994,1
A cyclist is biking in a snowy forest at night,The man is biking in the snow and wearing a red jacket,4.0,0,4.0,3.615111112594605,0,0,-0.38488888740539506,0.38488888740539506,1
A girl with a bikini is playing in the dunes,A girl with a bikini is playing in the sand,4.599999904632568,1,4.599999904632568,5.081475734710693,1,1,0.481475830078125,0.481475830078125,1
A girl with a bikini is playing in the dunes,No girl with a bikini is playing in the dunes,3.4649999141693115,2,3.4649999141693115,3.5033652782440186,2,2,0.03836536407470703,0.03836536407470703,1
A girl with a bikini is playing in the dunes,A young girl in a bikini is sitting on the beach,4.0,0,4.0,3.282235145568848,0,0,-0.7177648544311519,0.7177648544311519,1
A young girl in a bikini is jumping on the beach,A girl with a bikini is playing in the sand,3.5999999046325684,0,3.5999999046325684,4.499771118164063,0,1,0.899771213531495,0.899771213531495,0
A young girl in a bikini is jumping on the beach,No girl with a bikini is playing in the dunes,3.5,0,3.5,3.500571727752685,0,0,0.0005717277526851028,0.0005717277526851028,1
A boy is wearing a hat and is walking in the wet sand,A little kid is wearing a hat and is walking in the wet sand,4.599999904632568,1,4.599999904632568,4.949246406555176,1,1,0.3492465019226074,0.3492465019226074,1
A wet kid is wearing sand and is walking on a little hat,A little kid is wearing a hat and is walking in the wet sand,3.4000000953674316,0,3.400000095367432,4.1131510734558105,0,0,0.7131509780883789,0.7131509780883789,1
A boy is wearing a white hat and is running on the beach,A boy is wearing a white hat and is walking on the beach,4.0,0,4.0,3.995073080062866,0,0,-0.004926919937133789,0.004926919937133789,1
A boy is wearing a white hat and is running on the beach,A wet kid is wearing sand and is walking on a little hat,3.200000047683716,0,3.200000047683716,3.612105369567871,0,0,0.4121053218841553,0.4121053218841553,1
A boy is wearing a white hat and is running on the beach,A little kid is wearing a hat and is walking in the wet sand,4.099999904632568,0,4.099999904632568,3.838827848434448,0,0,-0.26117205619812056,0.26117205619812056,1
A cardboard box is being touched by a man in a black hat,A man in a black hat is touching a cardboard box,4.900000095367432,1,4.900000095367432,5.178598403930664,1,1,0.2785983085632324,0.2785983085632324,1
A man in a black hat is not reaching for a box,A man in a black hat is reaching for a box,3.200000047683716,2,3.200000047683716,3.522493839263916,2,2,0.3224937915802002,0.3224937915802002,1
A man in a black hat is touching a cardboard box,A person in a black hat is reaching for a box,3.8350000381469727,0,3.8350000381469727,4.726031303405762,0,1,0.8910312652587891,0.8910312652587891,0
A man in a black hat is touching a cardboard box,A man in a black hat is not reaching for a box,3.5850000381469727,0,3.5850000381469727,3.694978713989258,0,2,0.10997867584228516,0.10997867584228516,0
A man in a black hat is reaching for a box,A cardboard box is being touched by a man in a black hat,4.099999904632568,0,4.099999904632568,4.442580699920654,0,0,0.34258079528808594,0.34258079528808594,1
A man in a black hat is reaching for a box,A man in a black hat is touching a cardboard box,3.9000000953674316,0,3.900000095367432,4.952134609222412,0,1,1.0521345138549805,1.0521345138549805,0
A blond kid is going down a slide and throwing up his arms,A blond child is going down a slide and throwing up his arms,4.900000095367432,1,4.900000095367432,5.159799098968506,1,1,0.2597990036010742,0.2597990036010742,1
A young girl with a heart tank top is raising her hands as she is sliding,A young boy with a heart tank top is raising his hands as he is sliding,3.700000047683716,0,3.700000047683716,3.275195360183716,0,0,-0.4248046875,0.4248046875,1
A young boy with a heart tank top is raising his hands as he is sliding,A blond child is going down a slide and throwing up his arms,3.700000047683716,0,3.700000047683716,3.37326455116272,0,0,-0.32673549652099565,0.32673549652099565,1
A child with dark hair is going down a slide and throwing up his arms,A young girl with a heart tank top is raising her hands as she is sliding,3.9000000953674316,0,3.900000095367432,3.2672181129455566,0,0,-0.632781982421875,0.632781982421875,1
Two dogs are playing on the beach,Two dogs are playing on a beach,4.800000190734863,1,4.800000190734863,5.04557991027832,1,1,0.24557971954345703,0.24557971954345703,1
Two dogs are playing on a beach,Two dogs are playing in a forest,3.700000047683716,0,3.700000047683716,3.241196870803833,0,0,-0.4588031768798828,0.4588031768798828,1
A brown dog is running after a black dog on a rocky shore,A brown dog is running after a white dog on a rocky shore,3.5999999046325684,0,3.5999999046325684,4.097905158996582,0,0,0.49790525436401367,0.49790525436401367,1
Two dogs are playing on a beach,A brown dog is running after a dark dog on a rocky shore,3.0,0,3.0,3.5779120922088623,0,0,0.5779120922088623,0.5779120922088623,1
Two dogs are playing on a beach,A brown dog is running after a white dog on a rocky shore,4.0,0,4.0,3.6286094188690186,0,0,-0.37139058113098145,0.37139058113098145,1
Two dogs are playing on a sandy beach,Two dogs are playing on a rocky beach,3.9649999141693115,0,3.964999914169312,5.014153003692627,0,1,1.0491530895233154,1.0491530895233154,0
A black dog is approaching a golden dog on pebbly beach,A white dog is approaching a golden dog on pebbly beach,3.9000000953674316,0,3.900000095367432,3.442561626434326,0,0,-0.45743846893310547,0.45743846893310547,1
A large white dog is jumping up in the snow,A large white animal is jumping up in the snow,4.699999809265137,1,4.699999809265137,5.014659881591797,1,1,0.31466007232666016,0.31466007232666016,1
A small white dog is jumping up in the snow,A large white dog is jumping up in the snow,3.700000047683716,0,3.700000047683716,3.795448064804077,0,0,0.09544801712036133,0.09544801712036133,1
A large white dog is jumping up in the snow,A large black dog is jumping in the air over a snowy area,4.0,0,4.0,3.562880754470825,0,0,-0.4371192455291748,0.4371192455291748,1
A large white dog is jumping up in the snow,A large white dog is jumping in the air over a snowy area,4.485000133514404,1,4.485000133514404,4.374236106872559,1,0,-0.1107640266418457,0.1107640266418457,0
Two young boys are wearing hats and sticking their colored tongues out,Two young kids are wearing hats and sticking their colored tongues out,4.5,1,4.5,5.034281730651856,1,1,0.5342817306518564,0.5342817306518564,1
Two kids are not sticking out blue and green colored tongues,Two kids are sticking out blue and green colored tongues,3.799999952316284,2,3.799999952316284,3.5259573459625244,2,2,-0.27404260635375977,0.27404260635375977,1
Two young kids are wearing hats and sticking their colored tongues out,Two kids are sticking out blue and green colored tongues,3.9000000953674316,0,3.900000095367432,3.844094753265381,0,0,-0.05590534210205078,0.05590534210205078,1
Two kids are sticking out blue and green colored tongues,Two young boys are wearing hats and sticking their colored tongues out,4.199999809265137,0,4.199999809265137,3.9233205318450928,0,0,-0.27667927742004395,0.27667927742004395,1
There is no dog standing on the side of a mountain,A dog is standing on the side of a mountain,4.0,2,4.0,3.626876354217529,2,2,-0.37312364578247115,0.37312364578247115,1
A white dog is standing on a hill covered by grass,A white dog is standing on a grassy hillside,5.0,1,5.0,4.9129414558410645,1,1,-0.08705854415893555,0.08705854415893555,1
A white dog is standing on a grassy hillside,A black dog is standing on a grassy hillside,4.099999904632568,0,4.099999904632568,3.5999231338500977,0,0,-0.5000767707824707,0.5000767707824707,1
A dog is standing on the side of a mountain,A white dog is standing on a hill covered by grass,3.299999952316284,0,3.299999952316284,3.065222978591919,0,0,-0.23477697372436523,0.23477697372436523,1
A dog is standing on the side of a mountain,A black dog is standing on a grassy hillside,3.799999952316284,0,3.799999952316284,3.1095292568206787,0,0,-0.6904706954956055,0.6904706954956055,1
A dog is standing on a mountain,A white dog is standing on a grassy hillside,3.5,0,3.5,3.120624542236328,0,0,-0.3793754577636719,0.3793754577636719,1
There is no dog standing on the side of a mountain,A white dog is standing on a grassy hillside,3.5,0,3.5,2.84185528755188,0,0,-0.6581447124481201,0.6581447124481201,1
Two children are rolling in muddy water,Two boys are laying in the ocean far to the beach,2.9000000953674316,0,2.900000095367432,2.933059930801392,0,0,0.033059835433960405,0.033059835433960405,1
A black and brown dog is eyeing a fly,A black and brown dog is eyeing an insect,4.5,1,4.5,4.989452362060547,1,1,0.4894523620605469,0.4894523620605469,1
A brown and black dog is pointing the nose upwards,A brown and black dog is pointing the nose downwards,3.700000047683716,0,3.700000047683716,4.670651435852051,0,1,0.970651388168335,0.970651388168335,0
A black and brown dog is eyeing a fly,A brown and black dog is pointing the nose downwards,3.0,0,3.0,3.637814283370972,0,0,0.6378142833709721,0.6378142833709721,1
A brown and black dog is pointing the nose upwards,A black and brown dog is eyeing an insect,2.5,0,2.5,3.739426374435425,0,0,1.2394263744354248,1.2394263744354248,1
A black and brown dog is eyeing a fly,A brown and black dog is pointing the nose upwards,2.5999999046325684,0,2.5999999046325684,3.910529851913452,0,0,1.3105299472808838,1.3105299472808838,1
A veteran is showing different things from a war to some people,Different things from a war are being shown to some people by a veteran,4.900000095367432,1,4.900000095367432,5.161374092102051,1,1,0.26137399673461914,0.26137399673461914,1
There is no veteran showing things from a war to some people,A veteran is showing different things from a war to some people,4.199999809265137,2,4.199999809265137,3.565537691116333,2,2,-0.6344621181488037,0.6344621181488037,1
Different things from a war are being shown to some people by a veteran,A large man is sitting in a military accessories store,2.9000000953674316,0,2.900000095367432,2.6047966480255127,0,0,-0.29520344734191895,0.29520344734191895,1
A veteran is showing different things from a war to some people,A large man is sitting in a military accessories shop,2.9000000953674316,0,2.900000095367432,2.775625467300415,0,0,-0.1243746280670166,0.1243746280670166,1
A veteran is showing different things from a war to some people,A small man is sitting in a military accessories store,2.5,0,2.5,2.809890031814575,0,0,0.3098900318145752,0.3098900318145752,1
A grey dog is bouncing a soccer ball on its head on a lawn,A dog with a blue collar is playing with the ball outside,3.5,0,3.5,3.168384790420532,0,0,-0.3316152095794682,0.3316152095794682,1
A young white child is not standing on the edge of a body of water near some buckets,A young black child is standing on the edge of a body of water near some buckets,3.299999952316284,0,3.299999952316284,3.162184953689575,0,0,-0.13781499862670898,0.13781499862670898,1
A boy next to some buckets of rags is holding something,A boy next to some buckets of rags is holding an object,4.800000190734863,1,4.800000190734863,5.071184158325195,1,1,0.27118396759033203,0.27118396759033203,1
A boy next to some buckets of rags is holding something,A young black child is standing on the edge of a body of water near some buckets,2.799999952316284,0,2.799999952316284,2.917231321334839,0,0,0.11723136901855469,0.11723136901855469,1
A boy next to some buckets of rags is holding an object,A young black child is standing on the edge of a body of water near some buckets,3.0999999046325684,0,3.0999999046325684,2.8118598461151123,0,0,-0.28814005851745605,0.28814005851745605,1
Two children are playing soccer in the park,Two children are playing with a ball in the park,4.199999809265137,1,4.199999809265137,4.6077189445495605,1,1,0.40771913528442383,0.40771913528442383,1
Two little boys are playing outside with a soccer ball on the green grass,Children are playing outside with a soccer ball on the green grass,4.400000095367432,1,4.400000095367432,4.937620162963867,1,1,0.5376200675964355,0.5376200675964355,1
Two little boys are playing outside with a soccer ball on the green grass,There are no little boys playing outside with a soccer ball on the green grass,3.200000047683716,2,3.200000047683716,3.5126726627349854,2,2,0.31267261505126953,0.31267261505126953,1
Two children are playing soccer in the park,Children are playing outside with a soccer ball on the green grass,4.199999809265137,0,4.199999809265137,4.272826194763184,0,0,0.07282638549804688,0.07282638549804688,1
Two little boys are playing outside with a soccer ball on the green grass,Two children are playing with a ball in the park,3.799999952316284,1,3.799999952316284,4.4206953048706055,1,1,0.6206953525543213,0.6206953525543213,1
Two children are not playing soccer in the park,Two little boys are playing outside with a soccer ball on the green grass,3.299999952316284,0,3.299999952316284,3.677628755569458,0,0,0.37762880325317383,0.37762880325317383,1
Two little boys are playing outside with a soccer ball on the green grass,Two children are playing soccer in the park,4.0,0,4.0,4.065141201019287,0,0,0.06514120101928711,0.06514120101928711,1
The woman is wearing a colorful shirt and a lot of jewelry,A woman is wearing a colorful shirt and a lot of jewelry,5.0,1,5.0,5.196194171905518,1,1,0.19619417190551758,0.19619417190551758,1
A woman is wearing a colorful shirt and a lot of jewelry,A man is wearing a colorful shirt and a lot of jewelry,3.5999999046325684,0,3.5999999046325684,3.607909440994263,0,0,0.00790953636169478,0.00790953636169478,1
A young woman with Indian clothing and henna on her hand is going through paperwork,A girl with Indian clothing and henna on her hand is going through paperwork,4.800000190734863,1,4.800000190734863,5.043481826782227,1,1,0.24348163604736328,0.24348163604736328,1
A man with Indian clothing and henna on his hand is going through paperwork,A girl with Indian clothing and henna on her hand is going through paperwork,3.4000000953674316,0,3.400000095367432,3.4911062717437744,0,0,0.09110617637634277,0.09110617637634277,1
A girl with Indian clothing and henna on her hand is going through paperwork,A man is wearing a colorful shirt and a lot of jewelry,1.100000023841858,0,1.100000023841858,2.387614488601685,0,0,1.287614464759827,1.287614464759827,1
A man is standing in the middle of a gym and is wearing a jersey,A man is standing in a gym and is wearing a jersey,4.599999904632568,1,4.599999904632568,4.833268165588379,1,1,0.23326826095581055,0.23326826095581055,1
A man is standing in the middle of a gym and is wearing a jersey,A woman in a black jersey is standing in a gym,3.0,0,3.0,2.8484394550323486,0,0,-0.15156054496765137,0.15156054496765137,1
A man is standing in the middle of a gym and is wearing a jersey,A man in a black jersey is standing in a gym,3.9000000953674316,0,3.900000095367432,4.206522941589356,0,0,0.3065228462219247,0.3065228462219247,1
The snowboarder is jumping off a snowy hill,A snowboarder is jumping off the snow,4.5,1,4.5,4.744268417358398,1,1,0.24426841735839844,0.24426841735839844,1
A snowboarder is jumping off the snow,The snowboarder is not jumping off a snow covered hill,3.799999952316284,2,3.799999952316284,3.5322625637054443,2,0,-0.26773738861083984,0.26773738861083984,0
The snowboarder is jumping off a snow covered hill,The snowboarder is jumping off the snow,4.599999904632568,1,4.599999904632568,4.69724702835083,1,1,0.09724712371826172,0.09724712371826172,1
A boy is wearing a black dress and is carrying a white cross,A lady is wearing a black dress and is carrying a white cross,3.5999999046325684,0,3.5999999046325684,3.178438425064087,0,0,-0.42156147956848145,0.42156147956848145,1
A man in a black dress is pulling a cart and is standing in front of two men who are seated on a park bench,A woman in a black dress is pulling a cart and is standing in front of two men who are seated on a park bench,3.799999952316284,0,3.799999952316284,3.824165105819702,0,0,0.02416515350341797,0.02416515350341797,1
A woman in a black dress is pulling a cart and is standing near two men who are seated on a park bench,A lady is wearing a black dress and is carrying a white cross,3.0,0,3.0,2.721526861190796,0,0,-0.2784731388092041,0.2784731388092041,1
A woman in a black dress is pulling a cart and is standing in front of two men who are seated on a park bench,A lady is dressed in black and is carrying a white cross,2.5,0,2.5,2.6552302837371826,0,0,0.15523028373718262,0.15523028373718262,1
A boy in a swimsuit is sitting on top of a circular fountain,A boy in a swimsuit is sitting on a circular fountain,4.5,1,4.5,5.146920680999756,1,1,0.6469206809997559,0.6469206809997559,1
There is no boy in a swimsuit sitting on top of a circular fountain,A boy in a swimsuit is sitting on top of a circular fountain,2.9000000953674316,2,2.900000095367432,3.637335777282715,2,2,0.7373356819152832,0.7373356819152832,1
A boy in a swimsuit is sitting on top of a circular fountain,A girl is standing next to the opening of a fountain,2.5,0,2.5,2.8751471042633057,0,0,0.37514710426330566,0.37514710426330566,1
A boy in a swimsuit is sitting on a circular fountain,A boy is standing next to the opening of a fountain,3.700000047683716,0,3.700000047683716,3.437344551086426,0,0,-0.26265549659729004,0.26265549659729004,1
There is no boy in a swimsuit sitting on top of a circular fountain,A boy is standing next to the opening of a fountain,2.799999952316284,0,2.799999952316284,3.2093770503997803,0,0,0.4093770980834961,0.4093770980834961,1
A boy is standing next to the opening of a fountain,A boy in a swimsuit is sitting on top of a circular fountain,3.200000047683716,0,3.200000047683716,3.275065422058105,0,0,0.0750653743743892,0.0750653743743892,1
A brown and white animal is jumping on the sidewalk,A brown and white dog is jumping on the sidewalk,4.5,1,4.5,5.008982658386231,1,1,0.5089826583862314,0.5089826583862314,1
A small brown and white dog is running on the sidewalk,A little brown and white dog is running on the sidewalk,4.900000095367432,1,4.900000095367432,5.037203788757324,1,1,0.13720369338989258,0.13720369338989258,1
A brown and white dog is jumping on the sidewalk,A small brown and white dog is running on the sidewalk,3.5999999046325684,0,3.5999999046325684,3.712740182876587,0,0,0.11274027824401855,0.11274027824401855,1
A little brown and white dog is running on the sidewalk,A brown and white cat is jumping on the sidewalk,2.9000000953674316,0,2.900000095367432,2.7910282611846924,0,0,-0.10897183418273926,0.10897183418273926,1
A brown and white dog is jumping on the sidewalk,A little brown and white dog is running on the sidewalk,4.0,0,4.0,3.835103511810303,0,0,-0.16489648818969682,0.16489648818969682,1
The person is hiking,The person is walking,4.300000190734863,1,4.300000190734863,4.626321792602539,1,1,0.3263216018676758,0.3263216018676758,1
No person is hiking,The person is hiking,2.9000000953674316,2,2.900000095367432,3.533299446105957,2,2,0.6332993507385254,0.6332993507385254,1
There is no person with a blue backpack hiking in rocky area,A distant person with a blue backpack is hiking in rocky area,3.4000000953674316,2,3.400000095367432,3.595489025115967,2,2,0.19548892974853516,0.19548892974853516,1
A distant person with a blue backpack is hiking area full of rocks,The person is hiking,3.4000000953674316,1,3.400000095367432,4.084243774414063,1,1,0.6842436790466317,0.6842436790466317,1
There is no person with a blue backpack hiking in rocky area,The person is hiking,3.799999952316284,0,3.799999952316284,3.410310983657837,0,0,-0.38968896865844727,0.38968896865844727,1
No person is hiking,A distant person with a blue backpack is hiking in rocky area,3.5,2,3.5,3.2413747310638428,2,2,-0.2586252689361572,0.2586252689361572,1
A dog is turning on the grass and pursuing a flying ball,A ball is being chased by a yellow dog,4.099999904632568,0,4.099999904632568,3.994695425033569,0,0,-0.10530447959899947,0.10530447959899947,1
A yellow cat is chasing a ball,A dog is turning on the grass and pursuing a flying ball,2.0,0,2.0,2.3849122524261475,0,0,0.38491225242614746,0.38491225242614746,1
A lady is standing on the street and is surrounded by school children,A lady is standing on the street and is surrounded by kids,4.599999904632568,1,4.599999904632568,4.993000984191895,1,1,0.39300107955932706,0.39300107955932706,1
A lady is standing on the street and is surrounded by kids,A woman in blue jeans is standing in front of a group of children beside a stone built house,3.200000047683716,0,3.200000047683716,3.5637736320495605,0,0,0.3637735843658447,0.3637735843658447,1
A lady is standing on the street and is surrounded by school children,A woman in blue jeans is standing in front of a group of children beside a house made of stone,3.5999999046325684,0,3.5999999046325684,3.5065503120422363,0,0,-0.09344959259033203,0.09344959259033203,1
A woman in blue jeans is standing in front of a group of children beside a stone built house,A lady is standing on the street and is surrounded by school children,3.200000047683716,0,3.200000047683716,3.5842652320861816,0,0,0.3842651844024658,0.3842651844024658,1
A girl in a strange outfit is riding the bike,The bike is being ridden by a girl in a strange outfit,5.0,1,5.0,5.145409107208252,1,1,0.14540910720825195,0.14540910720825195,1
A girl in a strange outfit is riding the bike,A boy in a strange outfit is riding the bike,4.0,0,4.0,3.502323627471924,0,0,-0.49767637252807617,0.49767637252807617,1
A woman is wearing paint and costume pieces and is riding a bike on a busy street,A bike is being ridden by a woman wearing paint and costume pieces on a busy street,4.900000095367432,1,4.900000095367432,5.106209754943848,1,1,0.20620965957641602,0.20620965957641602,1
A woman is wearing paint and costume pieces and is riding a bike on a empty street,A woman is wearing paint and costume pieces and is riding a bike on a busy street,3.9149999618530273,0,3.9149999618530273,3.810837030410767,0,0,-0.1041629314422603,0.1041629314422603,1
A woman is wearing paint and costume pieces and is riding a bike on a empty street,A girl in a strange outfit is riding the bike,4.0,1,4.0,3.7540202140808105,1,0,-0.24597978591918945,0.24597978591918945,0
A boy in a strange outfit is riding the bike,A woman is wearing paint and costume pieces and is riding a bike on a busy street,3.299999952316284,0,3.299999952316284,2.837257146835327,0,0,-0.46274280548095703,0.46274280548095703,1
A woman is wearing paint and costume pieces and is riding a bike on a busy street,A girl in a strange outfit is riding the bike,3.5,0,3.5,3.8837015628814697,0,0,0.3837015628814697,0.3837015628814697,1
A shirtless man is jumping over a log,A shirtless woman is jumping over a log,3.799999952316284,0,3.799999952316284,3.335454225540161,0,0,-0.46454572677612305,0.46454572677612305,1
A shirtless woman is jumping over a log,A guy is leaping into the air in a wooded area,1.934999942779541,0,1.934999942779541,2.497364997863769,0,0,0.5623650550842281,0.5623650550842281,1
A guy is leaping into the air in wood,A shirtless man is jumping over a log,2.299999952316284,0,2.299999952316284,2.913048505783081,0,0,0.6130485534667969,0.6130485534667969,1
There is no guy leaping into the air in a wooded area,A shirtless man is jumping over a log,3.0999999046325684,0,3.0999999046325684,2.702796936035156,0,0,-0.39720296859741255,0.39720296859741255,1
A shirtless man is jumping over a log,A guy is leaping into the air in a wooded area,3.0,0,3.0,3.638685703277588,0,0,0.6386857032775879,0.6386857032775879,1
The black dog is carrying a blue and white ball in its mouth,The black dog is carrying a blue and white toy in its mouth,4.900000095367432,1,4.900000095367432,5.143327713012695,1,1,0.24332761764526367,0.24332761764526367,1
The white dog is carrying a blue and white ball in its mouth,The black dog is carrying a blue and white ball in its mouth,3.9000000953674316,0,3.900000095367432,3.5280086994171143,0,0,-0.3719913959503174,0.3719913959503174,1
There is no dog running with a volleyball,The black dog is carrying a blue and white ball in its mouth,2.700000047683716,0,2.700000047683716,3.165005922317505,0,0,0.46500587463378906,0.46500587463378906,1
A dog is running with a volleyball,The black dog is carrying a blue and white toy in its mouth,3.0999999046325684,0,3.0999999046325684,2.6453778743743896,0,0,-0.4546220302581787,0.4546220302581787,1
The white dog is carrying a blue and white ball in its mouth,A dog is running with a volleyball,3.5999999046325684,0,3.5999999046325684,3.784907102584839,0,0,0.1849071979522705,0.1849071979522705,1
The black dog is carrying a blue and white ball in its mouth,A dog is running with a volleyball,3.5999999046325684,0,3.5999999046325684,3.787670850753784,0,0,0.18767094612121582,0.18767094612121582,1
A girl in a band is playing the flute,A girl in a band is playing an instrument,4.400000095367432,1,4.400000095367432,4.661386489868164,1,1,0.2613863945007324,0.2613863945007324,1
A girl in a uniform is playing the flute with a marching band,A girl in a uniform is playing the flute with a band,4.699999809265137,1,4.699999809265137,5.094178676605225,1,1,0.3941788673400879,0.3941788673400879,1
A girl in a uniform is playing the flute with a marching band,A girl in a uniform is not playing the flute with a marching band,2.799999952316284,2,2.799999952316284,3.495189666748047,2,2,0.6951897144317627,0.6951897144317627,1
A girl in a uniform is not playing the flute with a marching band,A girl in a band is playing the flute,3.299999952316284,0,3.299999952316284,4.014488220214844,0,0,0.7144882678985596,0.7144882678985596,1
A girl in a uniform is playing the flute with a marching band,A girl in a band is playing the flute,4.5,1,4.5,4.8285322189331055,1,1,0.32853221893310547,0.32853221893310547,1
A man is standing at the wheel of a classic American car that has its door and trunk open,The woman in blue is posing for a picture next to a car,2.200000047683716,0,2.200000047683716,2.24451208114624,0,0,0.04451203346252397,0.04451203346252397,1
A person is standing at the wheel of a classic American car that has its door and trunk open,The man in blue is posing for a picture next to a car,2.799999952316284,0,2.799999952316284,3.3569042682647705,0,0,0.5569043159484863,0.5569043159484863,1
A woman is standing at the wheel of a classic American car that has its door and trunk open,The man in blue is posing for a picture next to a car,2.5,0,2.5,2.3341481685638428,0,0,-0.16585183143615723,0.16585183143615723,1
A man is standing at the wheel of a classic American car that has its door and trunk open,The man in blue is posing for a picture next to a car,3.4000000953674316,0,3.400000095367432,3.406907320022583,0,0,0.006907224655151367,0.006907224655151367,1
Two people are standing on a bench,Two people are sitting on a bench,3.700000047683716,0,3.700000047683716,3.851960420608521,0,0,0.15196037292480513,0.15196037292480513,1
The woman is sitting near a flower bed and is overlooking a tunnel,Two people are sitting on a bench,1.7999999523162842,0,1.7999999523162842,1.178325653076172,0,0,-0.6216742992401121,0.6216742992401121,1
A man is sitting near a flower bed and is overlooking a tunnel,Two people are sitting on a bench,1.7300000190734863,0,1.7300000190734863,1.2248928546905518,0,0,-0.5051071643829346,0.5051071643829346,1
Two people are sitting on a white bench,A woman is sitting near a flower bed and is overlooking a tunnel,1.899999976158142,0,1.899999976158142,2.08286190032959,0,0,0.18286192417144775,0.18286192417144775,1
A man is wearing a clear plastic cap and a mask,A man is wearing a clear plastic cap and a face mask,4.599999904632568,1,4.599999904632568,5.219464302062988,1,1,0.6194643974304199,0.6194643974304199,1
A man is not wearing a clear plastic cap and a face mask,A man is wearing a clear plastic cap and a face mask,3.565000057220459,2,3.565000057220459,3.466062545776367,2,2,-0.0989375114440918,0.0989375114440918,1
A man by a brick wall is wearing a mask around his mouth and a hair net,A man by a wall made of bricks is wearing a mask around his mouth and a hair net,4.800000190734863,1,4.800000190734863,5.087896347045898,1,1,0.28789615631103516,0.28789615631103516,1
A man by a wall made of bricks is wearing a mask around his mouth and a hair net,A man is wearing a clear plastic cap and a face mask,3.5,0,3.5,2.8462443351745605,0,0,-0.6537556648254395,0.6537556648254395,1
A man is wearing a clear plastic cap and a face mask,A woman by a brick wall is wearing a mask around her mouth and a hair net,2.5,0,2.5,2.089776992797852,0,0,-0.410223007202148,0.410223007202148,1
A man by a brick wall is wearing a mask around his mouth and a hair net,A man is not wearing a clear plastic cap and a face mask,3.4000000953674316,0,3.400000095367432,2.5252389907836914,0,0,-0.8747611045837402,0.8747611045837402,1
Two dogs are in a kennel on their hind legs and are facing one another,Two animals are in a kennel on their hind legs and are facing one another,4.599999904632568,1,4.599999904632568,5.04450798034668,1,1,0.44450807571411133,0.44450807571411133,1
Two dogs are in a kennel on their hind legs and are facing one another,Two cats are in a kennel on their hind legs and are facing one another,3.4000000953674316,1,3.400000095367432,3.5416054725646973,1,0,0.14160537719726562,0.14160537719726562,0
A black dog and a yellow dog are playing with each other,Two dogs are playing with each other,4.699999809265137,1,4.699999809265137,4.574190616607666,1,1,-0.1258091926574707,0.1258091926574707,1
A black dog and a yellow dog are not playing with each other,A black dog and a yellow dog are playing with each other,4.099999904632568,2,4.099999904632568,3.5609476566314697,2,2,-0.5390522480010986,0.5390522480010986,1
Two dogs are in a kennel on their hind legs and are facing one another,A black dog and a yellow dog are not playing with each other,3.4000000953674316,0,3.400000095367432,3.2413010597229004,0,0,-0.15869903564453125,0.15869903564453125,1
A black dog and a yellow dog are playing with each other,Two animals are in a kennel on their hind legs and are facing one another,3.0999999046325684,0,3.0999999046325684,3.667526006698608,0,0,0.5675261020660396,0.5675261020660396,1
Two women with dogs are walking on a forest path,Two girl with dogs are walking on a forest path,4.0,1,4.0,4.914450645446777,1,1,0.9144506454467773,0.9144506454467773,1
Two women with dogs are walking on a forest path,Two men with dogs are walking on a forest path,4.0,0,4.0,3.550342559814453,0,0,-0.4496574401855469,0.4496574401855469,1
Two girl with dogs are walking on a forest path,Two dogs and two people are walking in the woods,4.300000190734863,1,4.300000190734863,4.005002021789551,1,0,-0.2949981689453125,0.2949981689453125,0
Two dogs and two people are walking in the woods,Two men with dogs are walking on a forest path,4.400000095367432,0,4.400000095367432,3.567257881164551,0,0,-0.8327422142028809,0.8327422142028809,1
Two women with dogs are walking on a forest path,Two dogs and two people are walking in the woods,4.099999904632568,0,4.099999904632568,4.156662464141846,0,1,0.056662559509277344,0.056662559509277344,0
A man is snowboarding down a railing in the snow,A person is snowboarding down a railing in the snow,4.400000095367432,1,4.400000095367432,5.035391807556152,1,1,0.6353917121887207,0.6353917121887207,1
A woman is skiing down a hill and over a red obstacle,A man is skiing down a hill and over a red obstacle,3.5999999046325684,0,3.5999999046325684,3.717319011688232,0,0,0.11731910705566362,0.11731910705566362,1
A person is snowboarding down a railing in the snow,A man is skiing down a hill and over a red obstacle,2.700000047683716,0,2.700000047683716,3.601841688156128,0,0,0.9018416404724121,0.9018416404724121,1
A woman is snowboarding down a railing in the snow,A man is skiing down a hill and over a red obstacle,2.5999999046325684,0,2.5999999046325684,2.9588282108306885,0,0,0.3588283061981201,0.3588283061981201,1
A man is skiing down a hill and over a red obstacle,A man is snowboarding down a railing in the snow,2.200000047683716,0,2.200000047683716,3.8624942302703857,0,0,1.66249418258667,1.66249418258667,1
Two construction workers are sitting up on the side of a palace,Two construction workers are sitting up on the side of a building,4.099999904632568,1,4.099999904632568,4.854544639587402,1,1,0.754544734954834,0.754544734954834,1
Two construction workers are sitting up on the side of a palace,Two men are taking a break from construction,4.099999904632568,0,4.099999904632568,3.890295267105103,0,0,-0.20970463752746538,0.20970463752746538,1
Two men are taking a break from work,Two construction workers are sitting up on the side of a building,3.200000047683716,0,3.200000047683716,3.1811020374298096,0,0,-0.01889801025390625,0.01889801025390625,1
A man in a red shirt is doing a trick with the skateboard,A man in a red shirt is doing a trick with a skateboard,4.900000095367432,1,4.900000095367432,5.211358547210693,1,1,0.3113584518432617,0.3113584518432617,1
A man in a red shirt is doing a trick with the rollerblades,A man in a red shirt is doing a trick with the skateboard,3.365000009536743,0,3.365000009536743,4.310517311096191,0,0,0.9455173015594482,0.9455173015594482,1
A skateboarder is jumping in the air,No skateboarder is jumping in the air,4.199999809265137,2,4.199999809265137,3.492104768753052,2,2,-0.7078950405120845,0.7078950405120845,1
No skateboarder is jumping in the air,A man in a red shirt is doing a trick with the skateboard,2.799999952316284,0,2.799999952316284,3.2784578800201416,0,0,0.4784579277038574,0.4784579277038574,1
A snowboarder is grinding down a long concrete rail,A snowboarder is grinding down a long rail,4.199999809265137,1,4.199999809265137,4.829432964324951,1,1,0.6294331550598145,0.6294331550598145,1
A snowboarder is grinding down a long concrete rail,There is no snowboarder grinding down a long concrete rail,4.400000095367432,2,4.400000095367432,3.494532346725464,2,2,-0.9054677486419678,0.9054677486419678,1
A person is doing acrobatics on a snowboard,A person is doing a trick on a snowboard,4.5,1,4.5,4.964387893676758,1,1,0.4643878936767578,0.4643878936767578,1
A person is doing a trick on a snowboard,A snowboarder is grinding down a long rail,4.0,0,4.0,2.852766275405884,0,0,-1.1472337245941162,1.1472337245941162,1
There is no snowboarder grinding down a long concrete rail,A person is doing a trick on a snowboard,3.299999952316284,0,3.299999952316284,2.9727861881256104,0,0,-0.32721376419067383,0.32721376419067383,1
A person is doing a trick on a snowboard,A snowboarder is grinding down a long concrete rail,3.799999952316284,0,3.799999952316284,2.790318012237549,0,0,-1.0096819400787354,1.0096819400787354,1
Three friends are making faces for the camera,Three enemies are making faces for the camera,3.2850000858306885,2,3.2850000858306885,3.823330879211426,2,0,0.5383307933807373,0.5383307933807373,0
Three friends are making faces for the camera,The friends are making faces for the camera,4.699999809265137,1,4.699999809265137,5.07505989074707,1,1,0.3750600814819336,0.3750600814819336,1
Two men and a girl in front of a wood panel wall are posing with funny faces,Two men and a girl in front of a wood panel wall are making funny faces,4.800000190734863,1,4.800000190734863,4.930556774139404,1,1,0.13055658340454102,0.13055658340454102,1
Two men and a girl in front of a wood panel wall are making funny faces,Three friends are making faces for the camera,3.200000047683716,0,3.200000047683716,3.7558746337890634,0,0,0.5558745861053476,0.5558745861053476,1
Three friends are making faces for the camera,Two men and a girl in behind of a wood panel wall are posing with funny faces,3.799999952316284,0,3.799999952316284,4.052971839904785,0,0,0.252971887588501,0.252971887588501,1
Four people are walking along a city sidewalk and the one in the green hat is talking on a cell phone,Four people are walking along a city sidewalk and the one in the green hat is not talking on a cell phone,3.5999999046325684,2,3.5999999046325684,3.541147470474243,2,2,-0.058852434158325195,0.058852434158325195,1
A group of people is walking down the street and a person in a green hat is on the phone,A group of people is walking down the street and a person in a hat is on the phone,4.5,1,4.5,4.849430561065674,1,1,0.34943056106567383,0.34943056106567383,1
A group of people is walking down the street and a person in a green hat is on the phone,A group of people is not walking down the street and a person in a green hat is on the phone,3.200000047683716,2,3.200000047683716,3.5158908367156982,2,2,0.3158907890319824,0.3158907890319824,1
Four people are walking along a city sidewalk and the one in the green hat is talking on a cell phone,A group of people is walking down the street and a person in a hat is on the phone,4.599999904632568,1,4.599999904632568,4.446106910705566,1,1,-0.15389299392700195,0.15389299392700195,1
A man is standing in the snow at the edge of a mountain,A person is standing in the snow at the edge of a mountain,4.5,1,4.5,5.0936431884765625,1,1,0.5936431884765625,0.5936431884765625,1
A person is walking in the snow at the edge of a mountain,A person is standing in the snow at the edge of a mountain,4.099999904632568,0,4.099999904632568,3.932039499282837,0,0,-0.16796040534973145,0.16796040534973145,1
"A man is standing at dusk on an almost pristine, snowy road, that is lit only by headlights","A man is standing at dusk on an almost pristine road covered by snow, that is lit only by headlights",4.900000095367432,1,4.900000095367432,5.1225666999816895,1,1,0.2225666046142578,0.2225666046142578,1
"A man is standing at dusk on an almost pristine, snowy road, that is lit only by headlights",A man is standing in the snow at the edge of a mountain,3.200000047683716,0,3.200000047683716,3.246878862380981,0,0,0.04687881469726518,0.04687881469726518,1
A person is walking in the snow at the edge of a mountain,"A man is standing at dusk on an almost pristine, snowy road, that is lit only by headlights",2.4000000953674316,0,2.400000095367432,2.657341241836548,0,0,0.2573411464691162,0.2573411464691162,1
"A man is standing at dusk on an almost pristine, snowy road, that is lit only by headlights",A person is standing in the snow at the edge of a mountain,2.799999952316284,0,2.799999952316284,3.2858455181121826,0,0,0.48584556579589844,0.48584556579589844,1
Three women are sitting together near woven walls,Some women are sitting together near woven walls,4.699999809265137,1,4.699999809265137,4.94854736328125,1,1,0.24854755401611328,0.24854755401611328,1
Three women are sitting together near woven walls,Three women are resting in a village,3.0999999046325684,0,3.0999999046325684,2.716904401779175,0,0,-0.38309550285339355,0.38309550285339355,1
Three women are running in a village,Three women are sitting together near woven walls,2.299999952316284,0,2.299999952316284,2.2160489559173584,0,0,-0.08395099639892578,0.08395099639892578,1
Three men are sitting together near woven walls,Three women are sitting in a village,2.4000000953674316,0,2.400000095367432,2.584393262863159,0,0,0.18439316749572754,0.18439316749572754,1
A man in a black wetsuit is riding a foamy wave,A surfer in a black wetsuit is riding a foamy wave,4.400000095367432,0,4.400000095367432,4.939400672912598,0,1,0.539400577545166,0.539400577545166,0
A surfer in a black wetsuit is riding a foamy wave,A surfer in a white wetsuit is riding a foamy wave,4.199999809265137,0,4.199999809265137,3.938092231750488,0,0,-0.2619075775146489,0.2619075775146489,1
A surfer is surfing a small wave,A surfer is surfing a huge wave,4.099999904632568,0,4.099999904632568,3.523500680923462,0,0,-0.5764992237091064,0.5764992237091064,1
A man in a black wetsuit is riding a foamy wave,A surfer is surfing a huge wave,3.9000000953674316,0,3.900000095367432,3.734925985336304,0,0,-0.16507411003112749,0.16507411003112749,1
A surfer is surfing a huge wave,A surfer in a white wetsuit is riding a foamy wave,4.300000190734863,0,4.300000190734863,3.93417763710022,0,0,-0.3658225536346431,0.3658225536346431,1
A surfer in a black wetsuit is riding a foamy wave,A surfer is surfing a huge wave,4.099999904632568,0,4.099999904632568,3.7239723205566406,0,0,-0.37602758407592773,0.37602758407592773,1
A person with a red hooded jacket and a black backpack is walking near a rocky wall,A person with a red hooded jacket and a black backpack is moving near a rocky wall,4.699999809265137,1,4.699999809265137,5.00396203994751,1,1,0.30396223068237305,0.30396223068237305,1
A man in a red jacket and khaki pants is walking through an American state,A person with a red hooded jacket and a black backpack is moving near a rocky wall,2.799999952316284,0,2.799999952316284,3.290278196334839,0,0,0.4902782440185547,0.4902782440185547,1
The players is maneuvering for the soccer ball,The players is maneuvering for the basket ball,3.0999999046325684,0,3.0999999046325684,4.306591033935547,0,0,1.2065911293029785,1.2065911293029785,1
A man in green is kicking a soccer ball and a man in purple and white is rising up,A man in green is kicking a soccer ball and a man in purple and white is falling down,3.5,2,3.5,3.896794319152832,2,0,0.39679431915283203,0.39679431915283203,0
The players is maneuvering for the soccer ball,A man in green is hitting a soccer ball and a man in purple and white is falling down,3.0999999046325684,0,3.0999999046325684,3.098771333694458,0,0,-0.0012285709381103516,0.0012285709381103516,1
The players is maneuvering for the ball,A man in green is kicking a soccer ball and a man in purple and white is falling down,3.0999999046325684,0,3.0999999046325684,2.996448516845703,0,0,-0.10355138778686523,0.10355138778686523,1
The players is maneuvering for the basket ball,A man in green is kicking a soccer ball and a man in purple and white is falling down,1.899999976158142,0,1.899999976158142,2.835877656936645,0,0,0.935877680778503,0.935877680778503,1
The players is maneuvering for the soccer ball,A man in green is kicking a soccer ball and a man in purple and white is falling down,3.799999952316284,0,3.799999952316284,3.065261125564575,0,0,-0.734738826751709,0.734738826751709,1
A kid is splashing in the ocean,A kid is splashing in the water,4.099999904632568,1,4.099999904632568,5.018094062805176,1,1,0.9180941581726074,0.9180941581726074,1
Two children are playing in the surf,A kid is splashing in the water,3.700000047683716,0,3.700000047683716,3.776325225830078,0,0,0.0763251781463623,0.0763251781463623,1
A kid is splashing in the ocean,Two children are playing in the surf,3.4000000953674316,0,3.400000095367432,4.203460693359375,0,0,0.8034605979919434,0.8034605979919434,1
The woman dressed in leather chaps and a purple shirt is standing in front of onlookers,The man dressed in leather chaps and a purple shirt is standing in front of someone lookers,3.200000047683716,0,3.200000047683716,3.66265320777893,0,0,0.4626531600952144,0.4626531600952144,1
The man dressed in chaps made of leather and a purple shirt is standing in front of some onlookers,A man is wearing a purple shirt and black leather chaps and is posing for the camera,4.099999904632568,0,4.099999904632568,4.098556041717529,0,0,-0.0014438629150390625,0.0014438629150390625,1
A man is wearing a purple shirt and black leather chaps and is posing for the camera,The woman dressed in leather chaps and a purple shirt is standing in front of onlookers,3.1500000953674316,0,3.150000095367432,3.1223270893096924,0,0,-0.027673006057739258,0.027673006057739258,1
A model is wearing a purple shirt and black leather chaps and is posing for the camera,The man dressed in leather chaps and a purple shirt is standing in front of someone lookers,3.299999952316284,0,3.299999952316284,4.164112567901611,0,0,0.8641126155853271,0.8641126155853271,1
Two dogs are running and catching a tennis ball,Two dogs are running and trying to catch a soccer ball,3.799999952316284,0,3.799999952316284,4.132901191711426,0,0,0.3329012393951416,0.3329012393951416,1
Two dogs on the grass are playing with a plastic toy,Two dogs on a lawn are playing with a plastic toy,4.900000095367432,1,4.900000095367432,5.128351211547852,1,1,0.22835111618041992,0.22835111618041992,1
Two cats on a lawn are playing with a plastic toy,Two dogs on a lawn are playing with a plastic toy,3.0,0,3.0,3.563764333724976,0,0,0.563764333724976,0.563764333724976,1
Two dogs are running and trying to catch a soccer ball,Two dogs on the grass are playing with a plastic toy,3.4000000953674316,0,3.400000095367432,3.650717496871948,0,0,0.25071740150451616,0.25071740150451616,1
Two dogs on a lawn are playing with a plastic toy,Two dogs are running and catching a tennis ball,3.799999952316284,0,3.799999952316284,3.592984199523926,0,0,-0.2070157527923584,0.2070157527923584,1
Two dogs are running and trying to catch a soccer ball,Two dogs on a lawn are playing with a plastic toy,3.299999952316284,0,3.299999952316284,3.491130828857422,0,0,0.1911308765411377,0.1911308765411377,1
Two people dressed in green and red costumes are outside on the sidewalk,Two people dressed in green and red costumes are outside near the street,4.300000190734863,1,4.300000190734863,4.709135055541992,1,1,0.4091348648071289,0.4091348648071289,1
Men in costumes are walking around in the street,Two people dressed in green and red costumes are outside on the sidewalk,3.0999999046325684,0,3.0999999046325684,3.980039119720459,0,0,0.8800392150878906,0.8800392150878906,1
People in costumes are sitting in the street,Two people dressed in green and red costumes are outside on the sidewalk,4.099999904632568,0,4.099999904632568,3.442704200744629,0,0,-0.6572957038879395,0.6572957038879395,1
People in costumes are walking around in the street,Two people dressed in green and red costumes are outside near the street,4.400000095367432,0,4.400000095367432,4.077019691467285,0,0,-0.3229804039001465,0.3229804039001465,1
People in costumes are walking around in the street,Two people dressed in green and red costumes are outside on the seashore,3.4000000953674316,0,3.400000095367432,3.148404836654663,0,0,-0.25159525871276855,0.25159525871276855,1
People in costumes are walking around in the street,Two people dressed in green and red costumes are outside on the sidewalk,3.9000000953674316,0,3.900000095367432,4.043625831604004,0,0,0.14362573623657227,0.14362573623657227,1
"A dog is in an area full of sand, with the sand that is being stirred up into the air and several plants are in the background",A dog is in a sandy area with the sand that is being stirred up into the air and several plants are in the background,4.699999809265137,1,4.699999809265137,5.011136054992676,1,1,0.31113624572753906,0.31113624572753906,1
A dog is in a sandy area with the sand that is being stirred up into the air and several plants are in the background,A cat is in a sandy area with the sand that is being stirred up into the air and several plants are in the background,3.200000047683716,0,3.200000047683716,3.478510618209839,0,0,0.27851057052612305,0.27851057052612305,1
A dog is in the sand that is blowing in the air,A dog is in the sand that is blowing in the wind,4.800000190734863,1,4.800000190734863,5.090658187866211,1,1,0.29065799713134766,0.29065799713134766,1
A dog is in the sand that is blowing in the wind,A dog is in a sandy area with the sand that is being stirred up into the air and several plants are in the background,4.300000190734863,1,4.300000190734863,4.210861206054688,1,0,-0.0891389846801749,0.0891389846801749,0
The black and white dog is running in a field,The black and white dog is running in a green yard,4.199999809265137,0,4.199999809265137,3.862952709197998,0,0,-0.33704710006713867,0.33704710006713867,1
The black and white dog is running indoors,The black and white dog is running outdoors,3.5999999046325684,2,3.5999999046325684,4.629769802093506,2,1,1.0297698974609375,1.0297698974609375,0
A woman wearing a blue shirt and high heels is standing on the sidewalk next to a man,A woman wearing a blue shirt and high heels is standing on the sidewalk next to the man,4.900000095367432,1,4.900000095367432,5.145914077758789,1,1,0.24591398239135742,0.24591398239135742,1
A woman wearing a blue shirt and high heels is standing on the sidewalk next to a man,A woman wearing a blue shirt and high heels is standing on the sidewalk next to a dog,4.099999904632568,0,4.099999904632568,3.334791421890259,0,0,-0.7652084827423096,0.7652084827423096,1
A woman wearing a blue shirt and high heels is standing on the sidewalk next to a dog,A man and a woman are standing on the curb,2.5,0,2.5,3.443781614303589,0,0,0.9437816143035889,0.9437816143035889,1
A woman wearing a blue shirt and high heels is standing on the sidewalk next to a man,A man and a woman are standing on the curb,4.199999809265137,1,4.199999809265137,3.736264944076538,1,0,-0.46373486518859863,0.46373486518859863,0
A dog is jumping high into the air in the country,A dog is jumping into the air in the country,4.5,1,4.5,4.94159746170044,1,1,0.44159746170044034,0.44159746170044034,1
A dog is jumping high into the air in the country,The dog is jumping in the shade of some trees,3.799999952316284,0,3.799999952316284,3.5725860595703125,0,0,-0.22741389274597168,0.22741389274597168,1
A man on a green bike is performing tricks on a dirt ramp,The man on a green bike is performing tricks on the dirt ramp,4.800000190734863,1,4.800000190734863,5.145053863525391,1,1,0.34505367279052734,0.34505367279052734,1
A man on a green bike is performing tricks on a dirt ramp,A man on a green car is performing tricks on a dirt ramp,3.5,0,3.5,3.25297474861145,0,0,-0.2470252513885498,0.2470252513885498,1
A stuntman on a bike is in the air near a body of water,A person on a bike is in the air near a body of water,4.199999809265137,1,4.199999809265137,4.898636341094971,1,1,0.698636531829834,0.698636531829834,1
A man on a green bike is performing tricks on a dirt ramp,A person on a bike is not in the air near a body of water,3.0,0,3.0,3.402165174484253,0,0,0.40216517448425293,0.40216517448425293,1
A person on a bike is in the air near a body of water,The man on a green bike is performing tricks on the dirt ramp,3.299999952316284,0,3.299999952316284,3.404444932937622,0,0,0.10444498062133789,0.10444498062133789,1
A man on a green bike is performing tricks on a dirt ramp,A person on a bike is in the air near a body of water,3.4000000953674316,0,3.400000095367432,3.830683469772339,0,0,0.4306833744049072,0.4306833744049072,1
A young swimmer is sitting in a bathing suit and waiting for the next race,A young swimmer is standing in a bathing suit and waiting for the next race,4.300000190734863,0,4.300000190734863,4.246964454650879,0,0,-0.053035736083984375,0.053035736083984375,1
A woman is sitting wearing swim gear,A kid is sitting wearing swim gear,3.5,0,3.5,3.205064535140991,0,0,-0.2949354648590088,0.2949354648590088,1
A woman is sitting wearing swim gear,A young swimmer is sitting in a bathing suit and waiting for the next race,3.299999952316284,0,3.299999952316284,3.8125250339508057,0,0,0.5125250816345215,0.5125250816345215,1
A kid is sitting wearing swim gear,A young swimmer is standing in a bathing suit and waiting for the next race,3.4000000953674316,0,3.400000095367432,3.5880205631256104,0,0,0.1880204677581787,0.1880204677581787,1
A black dog and a white dog are wrestling on the floor,A black dog and a white dog are wrestling on the ground,4.699999809265137,1,4.699999809265137,5.04671049118042,1,1,0.3467106819152832,0.3467106819152832,1
A black dog and a white dog are wrestling on the bed,A black dog and a white dog are wrestling on the ground,3.299999952316284,0,3.299999952316284,3.8849127292633057,0,0,0.5849127769470215,0.5849127769470215,1
A black dog and a tan dog are fighting,Two dogs are fighting,4.5,1,4.5,4.5390625,1,1,0.0390625,0.0390625,1
A black dog and a tan dog are sleeping,A black dog and a tan dog are fighting,3.799999952316284,0,3.799999952316284,3.2245962619781494,0,0,-0.5754036903381348,0.5754036903381348,1
A black dog and a white dog are wrestling on the ground,Two dogs are fighting,4.199999809265137,1,4.199999809265137,4.292907238006592,1,1,0.09290742874145508,0.09290742874145508,1
A black dog and a white dog are wrestling on the ground,A black dog and a tan dog are sleeping,2.4649999141693115,0,2.4649999141693115,3.052452325820923,0,0,0.5874524116516113,0.5874524116516113,1
A black dog and a white dog are wrestling on the bed,A black dog and a tan dog are fighting,3.5,0,3.5,4.39457893371582,0,1,0.8945789337158203,0.8945789337158203,0
A black dog and a tan dog are fighting,A black dog and a white dog are wrestling on the ground,3.4000000953674316,0,3.400000095367432,4.359247207641602,0,0,0.9592471122741699,0.9592471122741699,1
A cluster of four brown dogs are playing in a field of brown grass,A group of four brown dogs are playing in a field of brown grass,4.800000190734863,1,4.800000190734863,5.041261672973633,1,1,0.24126148223876953,0.24126148223876953,1
A cluster of four brown dogs are playing in a field of brown grass,There is no dog playing in a field of brown grass,2.0999999046325684,2,2.0999999046325684,3.4279134273529053,2,2,1.327913522720337,1.327913522720337,1
Four dogs are playing in a area covered by grass,Four dogs are playing in a grassy area,4.599999904632568,1,4.599999904632568,5.017337322235107,1,1,0.41733741760253906,0.41733741760253906,1
A group of four brown dogs are playing in a field of brown grass,Four dogs are playing in a grassy area,4.099999904632568,1,4.099999904632568,4.541181564331055,1,1,0.44118165969848633,0.44118165969848633,1
The dog is having a nap in the park,The dog is having a rest in the park,4.400000095367432,1,4.400000095367432,4.960062503814697,1,1,0.5600624084472656,0.5600624084472656,1
A big brown and white spotted dog is lying on a cloth on the street,The dog is having a rest in the park,2.9000000953674316,0,2.900000095367432,2.8969974517822266,0,0,-0.003002643585205078,0.003002643585205078,1
A big brown and white spotted dog is lying on a jacket on the street,The dog is having a rest in the living room,2.700000047683716,0,2.700000047683716,2.9942214488983154,0,0,0.2942214012145996,0.2942214012145996,1
A brown puppy is gnawing a metallic post that is stuck in the ground,A brown dog is gnawing a metallic post that is stuck in the ground,4.699999809265137,1,4.699999809265137,5.200727462768555,1,1,0.500727653503418,0.500727653503418,1
A brown puppy is biting a pole,A brown puppy is biting a stick,4.099999904632568,0,4.099999904632568,4.384060859680176,0,1,0.2840609550476074,0.2840609550476074,0
A brown puppy is biting a stick,A brown puppy is gnawing a metallic post that is stuck in the ground,2.9000000953674316,0,2.900000095367432,3.7666618824005127,0,0,0.866661787033081,0.866661787033081,1
A white puppy is biting a pole,A brown puppy is gnawing a metallic post that is stuck in the ground,3.4000000953674316,0,3.400000095367432,3.468400239944458,0,0,0.06840014457702637,0.06840014457702637,1
A brown dog is gnawing a metallic post that is stuck in the ground,A brown puppy is biting a pole,3.799999952316284,0,3.799999952316284,4.70444917678833,0,1,0.9044492244720459,0.9044492244720459,0
A brown puppy is gnawing a metallic post that is stuck in the ground,A brown puppy is biting a pole,4.5,1,4.5,4.730644226074219,1,1,0.23064422607421875,0.23064422607421875,1
A woman is petting a dog near a stone path,A man is petting a dog near a stone path,4.0,0,4.0,3.79186487197876,0,0,-0.2081351280212398,0.2081351280212398,1
A woman is playing with a brown dog in a garden,A woman is playing with a brown dog on a garden path,4.199999809265137,0,4.199999809265137,4.166296005249023,0,0,-0.03370380401611328,0.03370380401611328,1
A woman is petting a dog near a stone trail,A woman is playing with a brown dog on a garden path,3.5999999046325684,0,3.5999999046325684,3.49173903465271,0,0,-0.1082608699798584,0.1082608699798584,1
A man is petting a dog near a stone path,A woman is playing with a brown dog on a garden path,1.899999976158142,0,1.899999976158142,2.524888277053833,0,0,0.6248883008956909,0.6248883008956909,1
A woman is petting a dog near a stone path,A woman is playing with a brown dog on a garden path,3.799999952316284,0,3.799999952316284,3.587892532348633,0,0,-0.21210741996765137,0.21210741996765137,1
Two men are walking through a river,Two men are walking through the water,4.199999809265137,1,4.199999809265137,4.722495079040527,1,1,0.5224952697753906,0.5224952697753906,1
Two men are walking through the grass,Two men are walking through the water,3.200000047683716,0,3.200000047683716,3.316761016845703,0,0,0.1167609691619873,0.1167609691619873,1
Two men are standing in the ocean,Two men are standing in deep water,4.5,0,4.5,4.767303466796875,0,1,0.267303466796875,0.267303466796875,0
Two men are standing in deep water,Two men are walking through a river,3.0,0,3.0,3.2409770488739014,0,0,0.24097704887390137,0.24097704887390137,1
Two men are walking through the grass,Two men are standing in deep water,2.4000000953674316,0,2.400000095367432,2.138239622116089,0,0,-0.2617604732513428,0.2617604732513428,1
Two race cars are on a road in front of a grassy parking area,No race car is on a road in front of a grassy parking area,3.0999999046325684,2,3.0999999046325684,3.5319840908050537,2,2,0.43198418617248535,0.43198418617248535,1
Two cars for racing are on a road in front of a grassy parking area,A white car and a yellow car are racing down the track,3.0999999046325684,0,3.0999999046325684,3.566812038421631,0,0,0.4668121337890625,0.4668121337890625,1
Two race cars are on a road in front of a grassy parking area,Two cars are racing down the track,3.299999952316284,0,3.299999952316284,3.789082765579224,0,0,0.4890828132629399,0.4890828132629399,1
The rider dressed in orange is driving a motorcycle on one wheel,The orange rider is driving a motorcycle on one wheel,4.800000190734863,1,4.800000190734863,5.087197303771973,1,1,0.2871971130371094,0.2871971130371094,1
A biker on a yellow sport bike is doing a wheelie and a friend on a black bike is catching up,The orange rider is driving a motorcycle on one wheel,2.9000000953674316,0,2.900000095367432,3.428734064102173,0,0,0.5287339687347412,0.5287339687347412,1
A man on a yellow sport bike is doing a wheelie and a friend on a black bike is catching up,The orange rider is not driving a motorcycle on one wheel,3.200000047683716,0,3.200000047683716,2.9580771923065186,0,0,-0.24192285537719727,0.24192285537719727,1
A man on a yellow sport bike is doing a wheelie and a friend on a black bike is catching up,The orange rider is driving a motorcycle on one wheel,2.5999999046325684,0,2.5999999046325684,3.214568853378296,0,0,0.6145689487457275,0.6145689487457275,1
Tambourines are being played by a group of children,A group of children is playing tambourines,4.900000095367432,1,4.900000095367432,5.316808700561523,1,1,0.4168086051940918,0.4168086051940918,1
A group of children in a church basement is playing maracas and tambourines,A group of children in a building's basement is playing maracas and tambourines,4.199999809265137,1,4.199999809265137,4.775469779968262,1,1,0.575469970703125,0.575469970703125,1
A group of children in a building's basement is playing maracas and tambourines,A group of children is playing tambourines,4.300000190734863,1,4.300000190734863,4.683565139770508,1,1,0.38356494903564453,0.38356494903564453,1
A group of children in a church basement is playing guitars and tambourines,A group of children is playing tambourines,4.0,1,4.0,4.579105377197266,1,1,0.5791053771972656,0.5791053771972656,1
A brown dog is running in the snow,The brown dog is running in the snow,5.0,1,5.0,5.109789848327637,1,1,0.10978984832763672,0.10978984832763672,1
A brown dog is running in the snow,A black dog is running in the snow,4.099999904632568,0,4.099999904632568,4.1324076652526855,0,0,0.03240776062011719,0.03240776062011719,1
A brown dog is running in the snow,No dog is running through the snow,3.0999999046325684,2,3.0999999046325684,3.4522740840911865,2,2,0.35227417945861816,0.35227417945861816,1
An elderly man is sitting on a bench,An old person is sitting on a bench,4.599999904632568,1,4.599999904632568,4.993919372558594,1,1,0.3939194679260254,0.3939194679260254,1
An elderly woman is sitting on a bench and is wearing a gray jacket and black pants,The woman is sitting on a bench and is wearing a gray jacket and black pants,4.400000095367432,1,4.400000095367432,4.863760948181152,1,1,0.4637608528137207,0.4637608528137207,1
A young man is sitting on a bench,An elderly woman is sitting on a bench and is wearing a gray jacket and black pants,2.799999952316284,0,2.799999952316284,2.151165008544922,0,0,-0.6488349437713623,0.6488349437713623,1
A dog is fetching a piece of wood out of very clear water,A dog is fetching a stick out of very clear water,4.699999809265137,1,4.699999809265137,5.027472496032715,1,1,0.3274726867675781,0.3274726867675781,1
A small black and white dog is carrying a stick and is swimming,A dog is fetching a stick out of very dirty water,3.0999999046325684,0,3.0999999046325684,3.82965350151062,0,0,0.7296535968780518,0.7296535968780518,1
The lady is holding the paintbrush next to the artist's easel ,There is no lady holding the paintbrush next to the artist's easel ,3.4000000953674316,2,3.400000095367432,3.505380868911743,2,2,0.10538077354431152,0.10538077354431152,1
The girl in a blue coverall is painting,The girl in the blue coverall is painting,4.900000095367432,1,4.900000095367432,5.163115978240967,1,1,0.26311588287353516,0.26311588287353516,1
The girl in the blue coverall is painting,The boy in the blue coverall is painting,3.5999999046325684,0,3.5999999046325684,3.4011921882629395,0,0,-0.1988077163696289,0.1988077163696289,1
The girl is painting a coverall blue,The girl in the blue coverall is painting,3.200000047683716,0,3.200000047683716,4.267317771911621,0,0,1.0673177242279053,1.0673177242279053,1
The lady is holding the paintbrush next to the artist's easel ,The girl in a blue coverall is painting,2.799999952316284,0,2.799999952316284,3.405421495437622,0,0,0.6054215431213379,0.6054215431213379,1
The boy in the blue coverall is painting,The lady is holding the paintbrush next to the artist's easel ,1.5,0,1.5,2.595283508300781,0,0,1.0952835083007808,1.0952835083007808,1
A golden retriever is running,A dog is running,4.400000095367432,1,4.400000095367432,4.789236545562744,1,1,0.3892364501953125,0.3892364501953125,1
A golden retriever is running,A golden retriever is not running,3.4000000953674316,2,3.400000095367432,3.408798933029175,2,2,0.008798837661743164,0.008798837661743164,1
A yellow dog is running down a sandy path,A yellow dog is running down a path covered by sand,4.699999809265137,1,4.699999809265137,5.034504890441895,1,1,0.3345050811767587,0.3345050811767587,1
A yellow dog is running up a sandy path,A yellow dog is running down a sandy path,4.300000190734863,0,4.300000190734863,4.099874496459961,0,0,-0.20012569427490234,0.20012569427490234,1
A yellow dog is running down a sandy path,A dog is running,4.099999904632568,1,4.099999904632568,4.442288398742676,1,1,0.3422884941101074,0.3422884941101074,1
A yellow dog is running down a sandy path,A golden retriever is running,3.299999952316284,0,3.299999952316284,3.5889580249786377,0,0,0.2889580726623535,0.2889580726623535,1
A dog is standing on one leg and is waiting for a soccer ball,A dog is standing on one leg and is waiting for a ball,4.5,1,4.5,4.8549909591674805,1,1,0.35499095916748047,0.35499095916748047,1
A dog is standing on one leg and is waiting for a ball,A black and white dog is jumping for a ball,3.0999999046325684,0,3.0999999046325684,3.732155084609986,0,0,0.6321551799774174,0.6321551799774174,1
A dog is standing on one leg and is waiting for a soccer ball,There is no black and white dog jumping for a ball,3.0999999046325684,0,3.0999999046325684,3.315727710723877,0,0,0.2157278060913086,0.2157278060913086,1
A black and white dog is jumping for a ball,A dog is standing on one leg and is waiting for a soccer ball,3.0999999046325684,0,3.0999999046325684,3.568098783493042,0,0,0.46809887886047363,0.46809887886047363,1
Two men are seated on a camel and another camel is in the foreground,Two people are seated on a camel and another camel is in the foreground,4.400000095367432,1,4.400000095367432,5.129129409790039,1,1,0.7291293144226074,0.7291293144226074,1
Two people are seated near a camel and another camel is in the foreground,Two people are seated on a camel and another camel is in the foreground,4.0,0,4.0,3.967516422271729,0,0,-0.03248357772827104,0.03248357772827104,1
No people are riding camels at the beach,Two people are seated on a camel and another camel is in the foreground,2.700000047683716,0,2.700000047683716,3.4078309535980225,0,0,0.7078309059143066,0.7078309059143066,1
People are riding two camels at the beach,Two men are seated on a camel and another camel is in the foreground,3.0,0,3.0,3.9056973457336426,0,0,0.9056973457336426,0.9056973457336426,1
People are riding two camels at the beach,Two people are seated near a camel and another camel is in the foreground,3.5,0,3.5,3.78613543510437,0,0,0.2861354351043701,0.2861354351043701,1
Two people are seated on a camel and another camel is in the foreground,People are riding two camels at the beach,4.099999904632568,0,4.099999904632568,3.908604383468628,0,0,-0.19139552116394043,0.19139552116394043,1
A man is wearing a blue shirt and walking barefoot on a tennis court,A person is wearing a blue shirt and walking barefoot on a tennis court,4.300000190734863,1,4.300000190734863,5.102266788482666,1,1,0.8022665977478027,0.8022665977478027,1
A barefoot man in pajamas is looking toward the sky and is walking on the tennis court,A barefoot man in pajamas is looking toward the sky and is standing on the tennis court,4.0,0,4.0,4.181377410888672,0,0,0.18137741088867188,0.18137741088867188,1
A man is wearing a blue shirt and walking barefoot on a tennis court,A barefoot man in pajamas is looking toward the stars and is walking on the tennis court,3.200000047683716,0,3.200000047683716,3.74960732460022,0,0,0.5496072769165044,0.5496072769165044,1
A person is wearing a blue shirt and walking barefoot on a tennis court,A barefoot man in pajamas is looking toward the sky and is walking on the tennis court,3.700000047683716,0,3.700000047683716,3.883578062057495,0,0,0.1835780143737793,0.1835780143737793,1
A woman is wearing a blue shirt and walking barefoot on a tennis court,A barefoot man in pajamas is looking toward the sky and is walking on the tennis court,3.0999999046325684,0,3.0999999046325684,2.751917600631714,0,0,-0.3480823040008545,0.3480823040008545,1
A man is wearing a blue shirt and walking barefoot on a tennis court,A barefoot man in pajamas is looking toward the sky and is walking on the tennis court,3.5999999046325684,0,3.5999999046325684,3.921750545501709,0,0,0.3217506408691406,0.3217506408691406,1
The man is standing in a body of water near a waterfall,The body of a man is in the water near a waterfall,3.950000047683716,0,3.950000047683716,4.869974136352539,0,1,0.9199740886688232,0.9199740886688232,0
The man is standing in the water at the base of a waterfall,A man is standing in the water at the base of a waterfall,4.900000095367432,1,4.900000095367432,5.210800647735596,1,1,0.31080055236816406,0.31080055236816406,1
The man is standing in a body of water near a waterfall,A woman is standing in the water at the base of a waterfall,3.200000047683716,0,3.200000047683716,3.179772138595581,0,0,-0.020227909088134766,0.020227909088134766,1
A man is standing in the water at the base of a waterfall,The body of a man is in the water near a waterfall,3.799999952316284,0,3.799999952316284,4.091892242431641,0,0,0.29189229011535645,0.29189229011535645,1
A brown and white dog is running through the river,A brown and white dog is running through the water,4.800000190734863,1,4.800000190734863,4.932864665985107,1,1,0.13286447525024414,0.13286447525024414,1
No dog is emerging from a lake,A brown and white dog is running through the river,2.700000047683716,0,2.700000047683716,2.5880019664764404,0,0,-0.11199808120727539,0.11199808120727539,1
A brown and white dog is running through the water,A dog is emerging from a lake,3.0999999046325684,0,3.0999999046325684,3.2924106121063232,0,0,0.19241070747375488,0.19241070747375488,1
A brown and white dog is not running through the river,A dog is emerging from a lake,2.9000000953674316,0,2.900000095367432,2.61478042602539,0,0,-0.28521966934204146,0.28521966934204146,1
A brown and white dog is catching a dirty tennis ball in a dirt field,A brown and white dog is catching a dirty golf ball in a dirt field,3.5,0,3.5,3.635446071624756,0,0,0.13544607162475586,0.13544607162475586,1
A dog is running on the sand and chasing a ball,A dog is running on the grass and chasing a ball,3.5999999046325684,0,3.5999999046325684,4.713860511779785,0,1,1.1138606071472168,1.1138606071472168,0
A brown and white dog is catching a dirty tennis ball in a dirt field,A dog is running on the beach and chasing a ball,2.9000000953674316,0,2.900000095367432,3.1462290287017822,0,0,0.24622893333435059,0.24622893333435059,1
A brown and white dog is catching a dirty golf ball in a dirt field,A dog is running on the sand and chasing a ball,3.9000000953674316,0,3.900000095367432,3.752317190170288,0,0,-0.14768290519714355,0.14768290519714355,1
A shirtless man is leading a horse that is pulling a carriage,A shirtless man is leading a carriage that is being pulled by a horse,4.599999904632568,1,4.599999904632568,5.28343677520752,1,1,0.6834368705749521,0.6834368705749521,1
A shirtless woman is leading a horse that is pulling a carriage,A shirtless man is leading a horse that is pulling a carriage,3.700000047683716,2,3.700000047683716,3.5638134479522705,2,0,-0.1361865997314453,0.1361865997314453,0
A shirtless man is escorting a horse that is pulling a carriage along a paved road,A shirtless man is escorting a horse that is pulling a carriage along a dirty road,4.400000095367432,0,4.400000095367432,4.26631498336792,0,0,-0.13368511199951172,0.13368511199951172,1
A shirtless man is escorting a horse that is pulling a carriage along a road,A shirtless man is leading a horse that is pulling a carriage,4.400000095367432,1,4.400000095367432,4.8893866539001465,1,1,0.48938655853271484,0.48938655853271484,1
A young girl is playing on the edge of a fountain and an older woman is watching her,A young girl is playing on the edge of a fountain and an older woman is not watching her,2.799999952316284,2,2.799999952316284,3.5147740840911865,2,2,0.7147741317749023,0.7147741317749023,1
A little girl and a woman wearing a yellow shirt are getting splashed by a city fountain,A little girl and a woman wearing a yellow shirt are getting splashed near a fountain,4.599999904632568,1,4.599999904632568,4.801177978515625,1,1,0.20117807388305664,0.20117807388305664,1
A little boy and a woman wearing a yellow shirt are getting splashed by a city fountain,A little girl and a woman wearing a yellow shirt are getting splashed by a city fountain,4.199999809265137,0,4.199999809265137,4.569835662841797,0,0,0.36983585357666016,0.36983585357666016,1
A little girl and a woman wearing a yellow shirt are getting splashed near a fountain,A young girl is playing on the edge of a fountain and an older woman is watching her,3.4000000953674316,0,3.400000095367432,3.079515218734741,0,0,-0.32048487663269043,0.32048487663269043,1
A little boy and a woman wearing a yellow shirt are getting splashed by a city fountain,A young girl is playing on the edge of a fountain and an older woman is watching her,2.5999999046325684,0,2.5999999046325684,2.678618669509888,0,0,0.07861876487731978,0.07861876487731978,1
A girl in an orange shirt and clown makeup is walking in a park and others are looking on,A girl in an orange shirt and clown makeup is standing in a park and others are looking on,4.300000190734863,0,4.300000190734863,4.158070087432861,0,0,-0.14193010330200195,0.14193010330200195,1
A girl is wearing an orange shirt and a striped tie,A boy is wearing an orange shirt and a striped tie,3.4000000953674316,0,3.400000095367432,3.472075700759888,0,0,0.0720756053924565,0.0720756053924565,1
The girl is wearing an orange shirt and a striped tie,A girl in an orange shirt and clown makeup is standing in a park and others are looking on,3.0,0,3.0,3.2307419776916504,0,0,0.2307419776916504,0.2307419776916504,1
A boy is wearing an orange shirt and a striped tie,A girl in an orange shirt and clown makeup is standing in a park and others are looking on,1.600000023841858,0,1.600000023841858,2.7134597301483154,0,0,1.1134597063064575,1.1134597063064575,1
A girl in an orange shirt and clown makeup is walking in a park and others are looking on,A girl is wearing an orange shirt and a striped tie,3.799999952316284,0,3.799999952316284,3.866891384124756,0,0,0.06689143180847168,0.06689143180847168,1
A girl is wearing an orange shirt and a striped tie,A girl in an orange shirt and clown makeup is standing in a park and others are looking on,3.5999999046325684,0,3.5999999046325684,3.240584373474121,0,0,-0.35941553115844727,0.35941553115844727,1
There is no cyclist performing a jump on a bicycle,A cyclist is performing a jump on a bicycle,3.4000000953674316,2,3.400000095367432,3.611644506454468,2,2,0.21164441108703658,0.21164441108703658,1
A bicyclist is performing a trick over a clean wall,A bicyclist is performing a trick over a heavily graphitized wall,3.299999952316284,0,3.299999952316284,4.274514675140381,0,0,0.9745147228240967,0.9745147228240967,1
A man is performing a jump on a bicycle,A bicyclist is performing a trick over a heavily graphitized wall,3.5999999046325684,0,3.5999999046325684,3.60762619972229,0,0,0.00762629508972168,0.00762629508972168,1
A woman is showing a puppy to an infant,A woman is showing a small dog to an infant,4.300000190734863,1,4.300000190734863,4.764412879943848,1,1,0.4644126892089844,0.4644126892089844,1
A black and white dog with a large branch is running in the field,A black and white dog with a large branch is running in the grass,4.300000190734863,1,4.300000190734863,4.205315589904785,1,0,-0.09468460083007812,0.09468460083007812,0
A black and white dog is carrying a big stick on the green grass,A black and white dog is carrying a huge stick on the green grass,4.699999809265137,1,4.699999809265137,5.165184497833252,1,1,0.46518468856811523,0.46518468856811523,1
A black and white dog with a large branch is running in the grass,A black and white dog is carrying a huge stick on the green grass,4.199999809265137,1,4.199999809265137,4.443763732910156,1,0,0.24376392364501953,0.24376392364501953,0
A black and white dog with a large branch is standing in the field,A black and white dog is carrying a huge stick on the green grass,4.0,0,4.0,4.17675256729126,0,0,0.17675256729125977,0.17675256729125977,1
A boy wearing a striped shirt is running barefoot on the sandy hill,A kid wearing a striped shirt is running barefoot on the sandy hill,4.5,1,4.5,5.092686176300049,1,1,0.5926861763000488,0.5926861763000488,1
A boy is running on the beach,A boy is running through the sand,4.099999904632568,1,4.099999904632568,4.819037914276123,1,1,0.7190380096435547,0.7190380096435547,1
A woman is leaning on a racing motorcycle,A man is leaning on a racing motorcycle,3.9000000953674316,0,3.900000095367432,3.556127548217773,0,0,-0.34387254714965865,0.34387254714965865,1
A motorcycle racer is riding a red and black bike,The motorcycle racer is riding a red and black bike,4.900000095367432,1,4.900000095367432,5.167225360870361,1,1,0.2672252655029297,0.2672252655029297,1
A motorcycle racer is riding a red and black bike,A man is leaning on a racing motorcycle,3.4000000953674316,0,3.400000095367432,2.933433771133423,0,0,-0.4665663242340088,0.4665663242340088,1
No motorcycle racer is riding a red and black bike,A man is leaning on a racing motorcycle,2.700000047683716,0,2.700000047683716,2.76838755607605,0,0,0.06838750839233398,0.06838750839233398,1
A racer is leaning on a racing motorcycle,The motorcycle racer is riding a red and black bike,3.700000047683716,0,3.700000047683716,3.6622838973999023,0,0,-0.03771615028381348,0.03771615028381348,1
A woman is firing at target practice,A woman is shooting at target practice,4.800000190734863,1,4.800000190734863,5.173826217651367,1,1,0.3738260269165039,0.3738260269165039,1
A woman is wearing ear protection and is firing a gun at an indoor shooting range,The woman is wearing ear protection and is firing a gun at an indoor shooting range,4.900000095367432,1,4.900000095367432,5.171948432922363,1,1,0.27194833755493164,0.27194833755493164,1
A woman is wearing ear protection and is firing a gun at an outdoor shooting range,A woman is wearing ear protection and is firing a gun at an indoor shooting range,3.5999999046325684,0,3.5999999046325684,4.970808506011963,0,1,1.3708086013793945,1.3708086013793945,0
A woman is wearing ear protection and is firing a gun at an outdoor shooting range,A woman is shooting at target practice,4.099999904632568,1,4.099999904632568,4.539745330810547,1,1,0.4397454261779785,0.4397454261779785,1
A man is shooting at target practice,A woman is wearing ear protection and is firing a gun at an indoor shooting range,3.0999999046325684,0,3.0999999046325684,3.2789080142974854,0,0,0.178908109664917,0.178908109664917,1
A woman is wearing ear protection and is firing a gun at an indoor shooting range,A woman is shooting at target practice,4.599999904632568,1,4.599999904632568,4.546130180358887,1,1,-0.05386972427368164,0.05386972427368164,1
Two young boys are looking up at the camera and one is sticking out his tongue,Two kids are looking up at the camera and one is sticking out his tongue,4.599999904632568,1,4.599999904632568,5.024017810821533,1,1,0.42401790618896484,0.42401790618896484,1
Two young girl are looking up at the camera and one is sticking out his tongue,Two young boys are looking up at the camera and one is sticking out his tongue,3.700000047683716,0,3.700000047683716,3.4313387870788574,0,0,-0.2686612606048584,0.2686612606048584,1
The little boy is sticking his tongue out for the camera and another boy is looking on,A little boy is sticking his tongue out for the camera and another boy is looking on,4.900000095367432,1,4.900000095367432,5.176069259643555,1,1,0.27606916427612305,0.27606916427612305,1
The large dog is walking outside and is carrying a colorful toy in its mouth,The large dog is walking outside and is holding a colorful toy in its mouth,4.800000190734863,1,4.800000190734863,5.129700183868408,1,1,0.3296999931335449,0.3296999931335449,1
The small dog is walking outside and is carrying a colorful toy in its mouth,The large dog is walking outside and is carrying a colorful toy in its mouth,3.5999999046325684,0,3.5999999046325684,3.651289939880371,0,0,0.051290035247802734,0.051290035247802734,1
A dog is running on concrete and is holding a ball,The large dog is walking outside and is carrying a colorful toy in its mouth,3.5999999046325684,0,3.5999999046325684,3.7708547115325928,0,0,0.17085480690002441,0.17085480690002441,1
A dog is standing on concrete and is holding a blue ball,The large dog is walking outside and is carrying a colorful toy in its mouth,4.099999904632568,0,4.099999904632568,3.79243278503418,0,0,-0.30756711959838823,0.30756711959838823,1
A dog is running on concrete and is holding a blue ball,The large dog is walking outside and is holding a colorful toy in its mouth,3.5,0,3.5,3.605942964553833,0,0,0.10594296455383301,0.10594296455383301,1
The boy is playing in the mud,A little boy is topless and is serious,1.600000023841858,0,1.600000023841858,2.0486514568328857,0,0,0.44865143299102783,0.44865143299102783,1
There is no person slicing a potato,A person is performing tricks on a motorcycle,1.0,0,1.0,1.0520671606063845,0,0,0.0520671606063845,0.0520671606063845,1
A woman is bowling two eggs to a break dancer ,A baby is playing with a doll,1.0,0,1.0,1.011505126953125,0,0,0.011505126953125,0.011505126953125,1
An instrument is being played by a woman in a red dress,A man is climbing up a rope,1.100000023841858,0,1.100000023841858,1.120427131652832,0,0,0.02042710781097412,0.02042710781097412,1
Two dogs are playing outside,A dog is running through a field and is chasing a ball,2.700000047683716,0,2.700000047683716,3.474376678466797,0,0,0.774376630783081,0.774376630783081,1
The sun is shining on the face of the girl who is in a yellow dress,A young black child is standing on the edge of a body of water near some buckets,2.0,0,2.0,1.734961986541748,0,0,-0.26503801345825195,0.26503801345825195,1
A woman is cutting a fish,The man is slicing potatoes,2.0,0,2.0,2.1081864833831787,0,0,0.10818648338317871,0.10818648338317871,1
One fish is swimming ,The man is slicing bread,1.0,0,1.0,1.1084249019622805,0,0,0.1084249019622805,0.1084249019622805,1
The play is about a happy boy playing the piano,A man is playing the guitar,2.0999999046325684,0,2.0999999046325684,2.3349688053131104,0,0,0.234968900680542,0.234968900680542,1
A boy is playing a game with wooden blocks,Some cheerleaders are dancing,1.0,0,1.0,1.2121567726135254,0,0,0.2121567726135254,0.2121567726135254,1
A young man in a white shirt and gold and black hat is sitting with crossed legs,There is no girl playing the violin on a beach,1.100000023841858,0,1.100000023841858,1.3700313568115234,0,0,0.2700313329696655,0.2700313329696655,1
A man is sitting on the grass and drinking from a water bottle,The child is delightedly playing with toys outdoors,1.100000023841858,0,1.100000023841858,1.476317286491394,0,0,0.37631726264953613,0.37631726264953613,1
Little kids are playing in a water fountain in front of few people,A monkey is brushing the dog,1.2999999523162842,0,1.2999999523162842,1.104543924331665,0,0,-0.19545602798461914,0.19545602798461914,1
A white dog on a leash is walking in the water,A shirtless man is playing football on a lawn,1.0,0,1.0,1.050667405128479,0,0,0.050667405128479004,0.050667405128479004,1
A large brown dog is jumping over a red hurdle,A young man is running away from the fishing line,1.0,0,1.0,0.9719200730323792,0,0,-0.02807992696762085,0.02807992696762085,1
"A dog, which is small, is playing on the green grass",A woman wearing a blue shirt and high heels is standing on the sidewalk next to the man,1.0,0,1.0,1.1677274703979492,0,0,0.16772747039794922,0.16772747039794922,1
A person is reading the email,A person with a green shirt is jumping high over the grass,1.100000023841858,0,1.100000023841858,1.254482388496399,0,0,0.15448236465454102,0.15448236465454102,1
A monkey is brushing the dog,One man is jumping off a rock wall and another man is dropping a rope,1.0,0,1.0,1.1582788228988647,0,0,0.15827882289886475,0.15827882289886475,1
A woman is dancing,The singer is hiring a person to fire the guitar player,1.100000023841858,0,1.100000023841858,1.1605411767959597,0,0,0.060541152954101785,0.060541152954101785,1
A woman is cutting a vegetable,A man is inside the house and is throwing blades at a close target,1.0,0,1.0,1.7863507270812988,0,0,0.7863507270812988,0.7863507270812988,1
The man is standing in a lake near a waterfall,A man is performing a trick on a surfboard in the water,2.5,0,2.5,2.6589105129241943,0,0,0.15891051292419434,0.15891051292419434,1
A woman is eating a cupcake,A man is slicing a potato,1.2999999523162842,0,1.2999999523162842,1.607875108718872,0,0,0.3078751564025879,0.3078751564025879,1
A man is sitting comfortably at a table,A brown dog is running in the snow,1.2999999523162842,0,1.2999999523162842,0.9692664742469788,0,0,-0.3307334780693054,0.3307334780693054,1
"The Jockeys are riding horses on the field, which is completely green",The black bird is sitting in a leafless tree,1.0,0,1.0,1.7433708906173706,0,0,0.7433708906173706,0.7433708906173706,1
"A man, a woman and two girls are walking on the beach",A woman is adding spices to some meat,1.0,0,1.0,1.3643817901611328,0,0,0.3643817901611328,0.3643817901611328,1
The snowboarder is jumping off a snow covered hill,The person is not standing on white ice,1.5,0,1.5,2.168786764144897,0,0,0.668786764144897,0.668786764144897,1
A young child is watering a plant with splashes,A man is playing a flute,1.0,0,1.0,1.0302152633666992,0,0,0.03021526336669922,0.03021526336669922,1
A small man is sitting in a military accessories store,The person is slicing onions,1.0,0,1.0,1.1932731866836548,0,0,0.19327318668365479,0.19327318668365479,1
A girl is wearing a t-shirt and has her mouth open.,A brown and white dog is holding a baseball in its mouth,1.600000023841858,0,1.600000023841858,1.3115925788879397,0,0,-0.28840744495391823,0.28840744495391823,1
A boy is standing in a room by a lamp light,A small group of people are standing and two are sitting on the couch,2.200000047683716,0,2.200000047683716,2.3848869800567627,0,0,0.18488693237304688,0.18488693237304688,1
A couple is running towards the ocean,A snowboarding man is jumping through the air,1.2999999523162842,0,1.2999999523162842,1.5301129817962646,0,0,0.23011302947998047,0.23011302947998047,1
Mimes are performing on a stage,No little dog is running on the sand,1.0,0,1.0,1.150744915008545,0,0,0.15074491500854492,0.15074491500854492,1
One person who is practicing snowboarding jumps into the air,A person is frying meat in a pan,1.0,0,1.0,1.071711182594299,0,0,0.0717111825942991,0.0717111825942991,1
A man is sitting on the lawn and drinking from a water bottle,The women are dancing outside,1.0,0,1.0,1.4334566593170166,0,0,0.4334566593170166,0.4334566593170166,1
"A woman, who is shoeless, is sitting on a blanket under a lavender umbrella",A small dog is lying on the bed,1.0,0,1.0,1.206668496131897,0,0,0.20666849613189697,0.20666849613189697,1
There is no young boy playing a wind instrument,The man is playing the guitar,1.600000023841858,0,1.600000023841858,2.539647102355957,0,0,0.9396470785140991,0.9396470785140991,1
There is no person playing a piano,A monkey is teasing a dog at the zoo,1.0,0,1.0,1.1663856506347656,0,0,0.16638565063476562,0.16638565063476562,1
A toddler is playing with a plastic scooter toy,A woman in blue has a yellow ball in the mitt,1.0,0,1.0,1.939063310623169,0,0,0.939063310623169,0.939063310623169,1
A girl is playing a guitar,A woman is dancing near a fire,1.2999999523162842,0,1.2999999523162842,1.257568359375,0,0,-0.04243159294128418,0.04243159294128418,1
A man is shooting a shotgun,Someone is playing the guitar,1.0,0,1.0,1.4432640075683594,0,0,0.4432640075683594,0.4432640075683594,1
Two kids are doing martial arts on a blue mat,A tan dog is running through the brush,1.0,0,1.0,0.999464511871338,0,0,-0.0005354881286619984,0.0005354881286619984,1
A person is chopping a red onion,A big green ball is knocking a potato,1.100000023841858,0,1.100000023841858,1.7712700366973877,0,0,0.6712700128555298,0.6712700128555298,1
An old person is sitting on a bench,A large dog is running on the grass with a tennis ball in its mouth,1.100000023841858,0,1.100000023841858,1.1643590927124023,0,0,0.06435906887054443,0.06435906887054443,1
Two men are fighting,A woman is dipping a prawn in batter,1.0,0,1.0,0.9726197719573976,0,0,-0.027380228042602428,0.027380228042602428,1
A man is playing the guitar,The log is lying on the panda bear,1.0,0,1.0,1.1126935482025146,0,0,0.11269354820251465,0.11269354820251465,1
A man is skateboarding on a half pipe,The kids are playing outdoors near a man with a smile,1.600000023841858,0,1.600000023841858,1.4574275016784668,0,0,-0.1425725221633911,0.1425725221633911,1
A football is being held by a man with no shirt,The man is stirring the sauce for the chicken,1.0,0,1.0,1.132589340209961,0,0,0.13258934020996094,0.13258934020996094,1
A fearful little boy is on a climbing wall,The man is sitting next to a birdcage,1.100000023841858,0,1.100000023841858,1.0601357221603394,0,0,-0.039864301681518555,0.039864301681518555,1
There is no woman slicing a carrot,A boy is running through the sand,1.0,0,1.0,1.0180675983428955,0,0,0.018067598342895508,0.018067598342895508,1
A man is confidently slicing a carrot with a knife,A child is playing with a water spout outdoors and the rest of his family is watching,1.0,0,1.0,1.0785177946090698,0,0,0.07851779460906982,0.07851779460906982,1
There is no man playing two keyboards,A man is cutting a boot with a sword,1.100000023841858,0,1.100000023841858,1.1570175886154177,0,0,0.05701756477355979,0.05701756477355979,1
"A woman, who is shoeless, is sitting on a blanket under a lavender umbrella",A girl in a black hat is wearing a bikini at the beach,2.5,0,2.5,1.6352510452270508,0,0,-0.8647489547729492,0.8647489547729492,1
The woman is picking up a baby kangaroo,"A man with equipment used for climbing is under a vertical, white rock",1.0,0,1.0,1.064563512802124,0,0,0.06456351280212402,0.06456351280212402,1
One boy in orange shorts is standing on a rock cliff over the water and the other boy in black shorts is jumping of it into the water,A baby is sneezing and frightening another baby,1.0,0,1.0,2.7054569721221924,0,0,1.7054569721221924,1.7054569721221924,1
Two children are playing soccer in the park,There is no white dog wearing a Christmas reindeer headband and playing with a brown dog in the grass,1.100000023841858,0,1.100000023841858,1.318617820739746,0,0,0.21861779689788818,0.21861779689788818,1
"A rock is being climbed by a person with a rope, which is pink",Two people in a race are flipping the tires of a tractor,1.100000023841858,0,1.100000023841858,1.1535207033157349,0,0,0.05352067947387695,0.05352067947387695,1
A dog is chasing the tail of an animal in the grass,The blonde girl with the pink top is not smiling and not wearing funny glasses with a large nose attached,1.0,0,1.0,1.474480390548706,0,0,0.47448039054870605,0.47448039054870605,1
The brown dog is playing outdoors,Two people are arguing near a crowd,1.0,0,1.0,1.1949571371078491,0,0,0.19495713710784912,0.19495713710784912,1
A father is launching the daughter in a swimming pool,There is no biker jumping in the air,1.100000023841858,0,1.100000023841858,1.2802135944366455,0,0,0.1802135705947876,0.1802135705947876,1
There is no girl playing a flute,Two baby pandas are playing,1.0,0,1.0,1.523005485534668,0,0,0.523005485534668,0.523005485534668,1
A person is dancing on a roof,A white dog is standing on fallen leaves,1.2000000476837158,0,1.2000000476837158,1.1468716859817505,0,0,-0.05312836170196533,0.05312836170196533,1
The girl is cheering the man in the blue and white uniform,A soccer player is being tackled by his opponent,1.184999942779541,0,1.184999942779541,1.3604137897491455,0,0,0.1754138469696045,0.1754138469696045,1
A woman is cracking some eggs outside a bowl,A man is participating in a bmx race,1.0,0,1.0,0.984616756439209,0,0,-0.015383243560791016,0.015383243560791016,1
The children of a family are playing and waiting,A person is chopping down a tree with an axe,1.0,0,1.0,1.367927074432373,0,0,0.36792707443237305,0.36792707443237305,1
Two crocodiles are floating in a green colored swimming pool near some playing kids,Two poodles are in the snow and one is jumping high,1.100000023841858,0,1.100000023841858,1.8502311706542969,0,0,0.750231146812439,0.750231146812439,1
A man is spitting,There is no person standing in a vast field of glacial ice,1.100000023841858,0,1.100000023841858,1.27508807182312,0,0,0.17508804798126198,0.17508804798126198,1
A little girl is smiling and running outside,The surfer is riding a small wave,1.0,0,1.0,1.0914123058319092,0,0,0.09141230583190918,0.09141230583190918,1
People are sitting against a wall,A woman is wearing a blue shirt with a white vest and a white cap and is talking and marching,1.399999976158142,0,1.399999976158142,1.869591236114502,0,0,0.46959125995635986,0.46959125995635986,1
A person is scrubbing a zucchini,The woman is cutting cooked octopus,1.184999942779541,0,1.184999942779541,2.11968994140625,0,0,0.934689998626709,0.934689998626709,1
Someone is playing the guitar,A shirtless woman is jumping over a log,1.0,0,1.0,1.1817052364349363,0,0,0.1817052364349363,0.1817052364349363,1
There is no parrot speaking,A yellow dog is running on white snow on a sunny day,1.0,0,1.0,1.130882978439331,0,0,0.13088297843933105,0.13088297843933105,1
There is no man cutting a box,A homeless man is holding up a sign and is begging for money,1.100000023841858,0,1.100000023841858,1.4575049877166748,0,0,0.3575049638748169,0.3575049638748169,1
The dog is catching a ball,A small girl is riding in a toy car,1.0,0,1.0,1.0674850940704346,0,0,0.06748509407043457,0.06748509407043457,1
A woman is taking two eggs out of a pot of water,A person is buttering a tray,1.7999999523162842,0,1.7999999523162842,1.8595492839813232,0,0,0.05954933166503906,0.05954933166503906,1
There is no man playing a game on the grass,A man is playing the guitar,1.7000000476837158,0,1.7000000476837158,2.3092846870422363,0,0,0.6092846393585205,0.6092846393585205,1
A man is riding a mechanical bull,A middle eastern man is standing against a lamp post near to other people,1.100000023841858,0,1.100000023841858,1.0749517679214478,0,0,-0.025048255920410156,0.025048255920410156,1
A big brown dog and a small grey dog are standing on a rocky surface,A woman is cutting onions,1.0,0,1.0,1.0446321964263916,0,0,0.0446321964263916,0.0446321964263916,1
Someone is banging a camera lens against a nail,Some oil is being poured on the tomatoes by the man,1.0,0,1.0,1.0114233493804932,0,0,0.011423349380493164,0.011423349380493164,1
"The girl, who is little, is combing her hair into a pony tail.",A man in a red shirt is doing a trick with the rollerblades,1.2000000476837158,0,1.2000000476837158,1.2529058456420898,0,0,0.05290579795837402,0.05290579795837402,1
There is no man playing a flute,Two kids are pushing an inflatable crocodile in a pool,1.0,0,1.0,1.055945634841919,0,0,0.055945634841918945,0.055945634841918945,1
A man is exercising,Two cats are playing with a red ball,1.0,0,1.0,1.0411157608032229,0,0,0.04111576080322288,0.04111576080322288,1
A girl is standing in a group and is wearing a black shirt and pink beads,A small white dog is jumping up in the snow,1.100000023841858,0,1.100000023841858,1.1463561058044434,0,0,0.04635608196258545,0.04635608196258545,1
There is no blonde lady looking at a tower,A woman dressed in elegant clothing is inside a crowd of people and is looking down,2.4000000953674316,0,2.400000095367432,2.493349313735962,0,0,0.09334921836853027,0.09334921836853027,1
A woman is cracking some eggs into a bowl,A kid is speeding down a steep slide,1.0,0,1.0,0.9592487812042236,0,0,-0.04075121879577637,0.04075121879577637,1
The person is slicing a vegetable,A man is playing a violin,1.0,0,1.0,1.2458443641662598,0,0,0.24584436416625977,0.24584436416625977,1
The cat isn't licking milk from a saucer,A dog is swimming in a lake and the sun is shining on him,1.0,0,1.0,1.1600205898284912,0,0,0.1600205898284912,0.1600205898284912,1
A dog is fetching a stick out of very dirty water,The woman is adding sugar to the meat,1.0,0,1.0,0.8984814882278442,0,0,-0.10151851177215576,0.10151851177215576,1
A young boy with a heart tank top is raising his hands as he is sliding,The man is playing the flute,1.0,0,1.0,1.6568195819854736,0,0,0.6568195819854736,0.6568195819854736,1
The person is not standing on white ice,A woman is peeling a potato,1.2000000476837158,0,1.2000000476837158,0.9374593496322632,0,0,-0.26254069805145264,0.26254069805145264,1
A woman in jeans is standing near a horse with a saddle,The kitten is eagerly drinking some milk from the bowl,1.0,0,1.0,1.019087791442871,0,0,0.019087791442871094,0.019087791442871094,1
The man is playing a guitar,There is no hockey player in a yellow jersey guarding the goal,1.100000023841858,0,1.100000023841858,1.262104034423828,0,0,0.16210401058197,0.16210401058197,1
Some runners are competing in a race,A woman is dancing,1.0,0,1.0,2.5422451496124268,0,0,1.5422451496124268,1.5422451496124268,1
The tan dog is watching a brown dog that is swimming in a pond,A few kittens are eating,1.2000000476837158,0,1.2000000476837158,1.3884053230285645,0,0,0.18840527534484863,0.18840527534484863,1
A brown and white coat is floating across shallow water near a trotting dog,A woman is brushing her feet,1.0,0,1.0,1.3206461668014526,0,0,0.32064616680145264,0.32064616680145264,1
A horse is standing,Someone is holding a hedgehog,1.0,0,1.0,1.1454163789749146,0,0,0.14541637897491455,0.14541637897491455,1
A man in full gear is wearing a helmet with sponsor logos and is riding a red sport motorcycle,A woman is tapping her fingers,1.0,0,1.0,1.5639355182647705,0,0,0.5639355182647705,0.5639355182647705,1
A man is singing to a woman,A funny crowd of people is doing a skit of two boxing men,1.2999999523162842,0,1.2999999523162842,1.3571085929870603,0,0,0.057108640670776145,0.057108640670776145,1
A person is making a bed,Somebody is cutting a tomato,1.0,0,1.0,1.058017373085022,0,0,0.05801737308502197,0.05801737308502197,1
The doctor is not helping the patient,A lady is wearing a black dress and is carrying a white cross,1.0,0,1.0,1.4452593326568604,0,0,0.44525933265686035,0.44525933265686035,1
A brown puppy is biting a pole,The man and woman are not walking,1.0,0,1.0,1.0254623889923096,0,0,0.02546238899230957,0.02546238899230957,1
The rhino is being fed on the grass,The young boys are playing outdoors and the man is smiling nearby,1.2999999523162842,0,1.2999999523162842,1.2072603702545166,0,0,-0.09273958206176758,0.09273958206176758,1
"A dog is near a ball colored in red, which is in the air",A man is playing a guitar,1.0,0,1.0,1.0537011623382568,0,0,0.053701162338256836,0.053701162338256836,1
A squirrel is running around in circles,The man is removing knives from a tree,1.0,0,1.0,1.0994234085083008,0,0,0.09942340850830078,0.09942340850830078,1
One woman is peeling a potato,A yellow flower is being clung to by a bee,1.0,0,1.0,1.0192270278930664,0,0,0.019227027893066406,0.019227027893066406,1
A dog with golden fur is in the water,A woman is talking on a telephonic device,1.0,0,1.0,1.026442527770996,0,0,0.026442527770996094,0.026442527770996094,1
There is no bicyclist jumping on a pyramid-shaped ramp,The tan dog is watching a brown dog that is swimming in a pond,1.0,0,1.0,1.2592674493789673,0,0,0.2592674493789673,0.2592674493789673,1
"The guitar is being played by the man, who has the guitar case open for donations",A woman is dancing,1.7000000476837158,0,1.7000000476837158,2.0481598377227783,0,0,0.3481597900390625,0.3481597900390625,1
A man is playing a harp,A man is being pushed toward the buttons of a microwave,1.399999976158142,0,1.399999976158142,1.2108066082000732,0,0,-0.18919336795806885,0.18919336795806885,1
A woman is scrubbing a zucchini with a brush for vegetables,A man is doing a trick on a skateboard,1.0,0,1.0,1.1295108795166016,0,0,0.12951087951660156,0.12951087951660156,1
A person is kicking a soccer ball between their feet,One brown and black dog is running through the leaves,1.0,0,1.0,1.0898427963256836,0,0,0.0898427963256836,0.0898427963256836,1
There is no woman using a sewing machine,A girl is brushing her hair,1.100000023841858,0,1.100000023841858,1.0454857349395752,0,0,-0.054514288902282715,0.054514288902282715,1
"Two people are in the snow, wearing clothes that provide camouflage",A woman is riding a scooter for water,1.0,0,1.0,1.2437896728515625,0,0,0.2437896728515625,0.2437896728515625,1
"A badger, which is shrewd, is digging the earth",A woman is slicing tofu,1.0,0,1.0,0.9849624633789062,0,0,-0.01503753662109375,0.01503753662109375,1
A person is wearing a straw hat and smoking a cigarette,A dog is near the red ball in the air,1.0,0,1.0,1.0926568508148191,0,0,0.09265685081481911,0.09265685081481911,1
A woman is riding a horse,A boy in blue are sliding down a green slide,1.0,0,1.0,1.1061896085739136,0,0,0.10618960857391357,0.10618960857391357,1
A man is drawing some figures,A man is strolling in the rain,1.2999999523162842,0,1.2999999523162842,2.323199987411499,0,0,1.0232000350952148,1.0232000350952148,1
The people are walking on the road beside a beautiful waterfall,There is no brown dog and black dog playing in the sand,1.0,0,1.0,1.5978546142578125,0,0,0.5978546142578125,0.5978546142578125,1
A cheetah is chasing its prey across a field,A white and brown dog is walking through the water with difficulty,1.100000023841858,0,1.100000023841858,1.3241742849349976,0,0,0.22417426109313965,0.22417426109313965,1
The young girl is blowing a bubble that is huge,There is no girl in pink twirling a ribbon,2.0999999046325684,0,2.0999999046325684,2.1711721420288086,0,0,0.07117223739624023,0.07117223739624023,1
A dog in a colored coat is running across the yard,The flute is being played by one man,1.0,0,1.0,1.1026358604431152,0,0,0.10263586044311523,0.10263586044311523,1
A boy is happily playing the piano,A white bird is landing swiftly in the water,1.0,0,1.0,1.0597329139709473,0,0,0.059732913970947266,0.059732913970947266,1
"The girl, who is little, is combing her hair into a pony tail.",Two people wearing helmets are driving over the yellow and white flowers,1.0,0,1.0,1.4397612810134888,0,0,0.43976128101348877,0.43976128101348877,1
A man is in a parking lot and is playing tennis against a large wall,The snowboarder is leaping fearlessly over white snow,1.0,0,1.0,1.1067593097686768,0,0,0.10675930976867676,0.10675930976867676,1
